station_name,date,time,year,month,day,hour,precip_amt,pressure,rel_hum,temp,temp_dew,wind_dir,wind_spd
NORMANDIN,2020-05-01,2020-05-01 0:00,2020,5,1,0:00,0,99.09,97,4.5,4.2,12,15
NORMANDIN,2020-05-01,2020-05-01 1:00,2020,5,1,1:00,0,99.01,98,4.5,4.2,12,10
NORMANDIN,2020-05-01,2020-05-01 2:00,2020,5,1,2:00,0.2,98.96,96,4.4,3.8,15,17
NORMANDIN,2020-05-01,2020-05-01 3:00,2020,5,1,3:00,0.6,98.88,98,4.4,4.1,11,10
NORMANDIN,2020-05-01,2020-05-01 4:00,2020,5,1,4:00,1,98.84,99,3.9,3.7,12,12
NORMANDIN,2020-05-01,2020-05-01 5:00,2020,5,1,5:00,1,98.79,99,3.7,3.5,13,18
NORMANDIN,2020-05-01,2020-05-01 6:00,2020,5,1,6:00,1.8,98.75,100,2.8,2.7,14,13
NORMANDIN,2020-05-01,2020-05-01 7:00,2020,5,1,7:00,1.7,98.75,100,2.7,2.7,15,10
NORMANDIN,2020-05-01,2020-05-01 8:00,2020,5,1,8:00,2.2,98.75,100,3,3,15,7
NORMANDIN,2020-05-01,2020-05-01 9:00,2020,5,1,9:00,1.2,98.75,100,3.7,3.7,17,4
NORMANDIN,2020-05-01,2020-05-01 10:00,2020,5,1,10:00,0.6,98.74,99,4.5,4.4,18,3
NORMANDIN,2020-05-01,2020-05-01 11:00,2020,5,1,11:00,0.5,98.76,98,5.5,5.1,25,3
NORMANDIN,2020-05-01,2020-05-01 12:00,2020,5,1,12:00,0.2,98.76,89,5.4,3.8,30,21
NORMANDIN,2020-05-01,2020-05-01 13:00,2020,5,1,13:00,0,98.89,90,4.1,2.6,30,17
NORMANDIN,2020-05-01,2020-05-01 14:00,2020,5,1,14:00,0.5,98.95,90,4.2,2.7,31,21
NORMANDIN,2020-05-01,2020-05-01 15:00,2020,5,1,15:00,0,98.97,88,5.7,3.8,30,11
NORMANDIN,2020-05-01,2020-05-01 16:00,2020,5,1,16:00,0,98.99,84,5.8,3.3,31,14
NORMANDIN,2020-05-01,2020-05-01 17:00,2020,5,1,17:00,0,99.03,86,5.5,3.3,31,12
NORMANDIN,2020-05-01,2020-05-01 18:00,2020,5,1,18:00,0,99.02,86,5.1,2.9,31,13
NORMANDIN,2020-05-01,2020-05-01 19:00,2020,5,1,19:00,0,99.01,88,4.6,2.7,30,11
NORMANDIN,2020-05-01,2020-05-01 20:00,2020,5,1,20:00,0,99.06,93,3.3,2.2,29,9
NORMANDIN,2020-05-01,2020-05-01 21:00,2020,5,1,21:00,0,99.09,94,3.1,2.3,31,6
NORMANDIN,2020-05-01,2020-05-01 22:00,2020,5,1,22:00,0,99.12,89,3.6,2,30,10
NORMANDIN,2020-05-01,2020-05-01 23:00,2020,5,1,23:00,0,99.17,88,3.3,1.5,30,11
NORMANDIN,2020-05-02,2020-05-02 0:00,2020,5,2,0:00,0,99.18,85,3.8,1.4,31,14
NORMANDIN,2020-05-02,2020-05-02 1:00,2020,5,2,1:00,0,99.19,83,3.5,0.9,31,13
NORMANDIN,2020-05-02,2020-05-02 2:00,2020,5,2,2:00,0,99.2,87,2.3,0.4,30,13
NORMANDIN,2020-05-02,2020-05-02 3:00,2020,5,2,3:00,0,99.25,87,2.2,0.3,30,15
NORMANDIN,2020-05-02,2020-05-02 4:00,2020,5,2,4:00,0,99.28,87,2,0,30,9
NORMANDIN,2020-05-02,2020-05-02 5:00,2020,5,2,5:00,0,99.32,89,1.6,0,30,8
NORMANDIN,2020-05-02,2020-05-02 6:00,2020,5,2,6:00,0,99.37,83,3,0.4,29,10
NORMANDIN,2020-05-02,2020-05-02 7:00,2020,5,2,7:00,0,99.39,80,4.6,1.5,30,10
NORMANDIN,2020-05-02,2020-05-02 8:00,2020,5,2,8:00,0,99.38,73,6.6,2.1,31,6
NORMANDIN,2020-05-02,2020-05-02 9:00,2020,5,2,9:00,0,99.35,62,8.1,1.3,33,5
NORMANDIN,2020-05-02,2020-05-02 10:00,2020,5,2,10:00,0,99.3,55,9.8,1.1,31,5
NORMANDIN,2020-05-02,2020-05-02 11:00,2020,5,2,11:00,0,99.23,46,11.2,-0.1,30,11
NORMANDIN,2020-05-02,2020-05-02 12:00,2020,5,2,12:00,0,99.16,44,11.5,-0.5,31,17
NORMANDIN,2020-05-02,2020-05-02 13:00,2020,5,2,13:00,0,99.11,44,11.8,-0.1,31,18
NORMANDIN,2020-05-02,2020-05-02 14:00,2020,5,2,14:00,0,99.07,39,12.7,-1,29,16
NORMANDIN,2020-05-02,2020-05-02 15:00,2020,5,2,15:00,0,99.02,39,12.7,-0.9,32,16
NORMANDIN,2020-05-02,2020-05-02 16:00,2020,5,2,16:00,0,98.99,40,12.9,-0.4,31,14
NORMANDIN,2020-05-02,2020-05-02 17:00,2020,5,2,17:00,0,98.97,40,12.3,-0.9,32,13
NORMANDIN,2020-05-02,2020-05-02 18:00,2020,5,2,18:00,0,98.95,44,10.2,-1.4,31,13
NORMANDIN,2020-05-02,2020-05-02 19:00,2020,5,2,19:00,0,98.95,56,7.1,-1.1,32,9
NORMANDIN,2020-05-02,2020-05-02 20:00,2020,5,2,20:00,0,98.98,73,3.4,-0.9,32,7
NORMANDIN,2020-05-02,2020-05-02 21:00,2020,5,2,21:00,0,98.98,70,3.3,-1.7,21,7
NORMANDIN,2020-05-02,2020-05-02 22:00,2020,5,2,22:00,0,98.93,73,2.8,-1.6,30,6
NORMANDIN,2020-05-02,2020-05-02 23:00,2020,5,2,23:00,0,98.9,73,2.2,-2.1,30,11
NORMANDIN,2020-05-03,2020-05-03 0:00,2020,5,3,0:00,0,98.87,79,1,-2.2,31,12
NORMANDIN,2020-05-03,2020-05-03 1:00,2020,5,3,1:00,0,98.83,79,1.2,-2,33,12
NORMANDIN,2020-05-03,2020-05-03 2:00,2020,5,3,2:00,0,98.77,79,1.2,-2.1,34,10
NORMANDIN,2020-05-03,2020-05-03 3:00,2020,5,3,3:00,0,98.74,82,0.9,-1.8,34,2
NORMANDIN,2020-05-03,2020-05-03 4:00,2020,5,3,4:00,0,98.71,83,0.9,-1.7,36,3
NORMANDIN,2020-05-03,2020-05-03 5:00,2020,5,3,5:00,0,98.73,76,1.4,-2.4,33,6
NORMANDIN,2020-05-03,2020-05-03 6:00,2020,5,3,6:00,0,98.74,74,2,-2,1,4
NORMANDIN,2020-05-03,2020-05-03 7:00,2020,5,3,7:00,0,98.72,76,2.4,-1.4,5,4
NORMANDIN,2020-05-03,2020-05-03 8:00,2020,5,3,8:00,0,98.7,83,2.4,-0.1,7,3
NORMANDIN,2020-05-03,2020-05-03 9:00,2020,5,3,9:00,0,98.66,87,2.6,0.6,8,4
NORMANDIN,2020-05-03,2020-05-03 10:00,2020,5,3,10:00,0.3,98.61,89,3,1.3,10,7
NORMANDIN,2020-05-03,2020-05-03 11:00,2020,5,3,11:00,0.5,98.56,93,3.4,2.3,11,5
NORMANDIN,2020-05-03,2020-05-03 12:00,2020,5,3,12:00,0.6,98.52,94,3.7,2.8,12,3
NORMANDIN,2020-05-03,2020-05-03 13:00,2020,5,3,13:00,0.5,98.47,95,4.1,3.3,30,3
NORMANDIN,2020-05-03,2020-05-03 14:00,2020,5,3,14:00,0.8,98.43,96,4.4,3.8,26,4
NORMANDIN,2020-05-03,2020-05-03 15:00,2020,5,3,15:00,1.2,98.41,97,4.8,4.3,29,5
NORMANDIN,2020-05-03,2020-05-03 16:00,2020,5,3,16:00,0.3,98.41,96,5.2,4.7,28,9
NORMANDIN,2020-05-03,2020-05-03 17:00,2020,5,3,17:00,0,98.41,96,5.8,5.3,31,5
NORMANDIN,2020-05-03,2020-05-03 18:00,2020,5,3,18:00,0,98.41,96,5.9,5.3,29,6
NORMANDIN,2020-05-03,2020-05-03 19:00,2020,5,3,19:00,0,98.42,98,5.2,4.9,28,8
NORMANDIN,2020-05-03,2020-05-03 20:00,2020,5,3,20:00,0,98.45,99,5,4.8,31,8
NORMANDIN,2020-05-03,2020-05-03 21:00,2020,5,3,21:00,0,98.43,95,5.2,4.5,36,15
NORMANDIN,2020-05-03,2020-05-03 22:00,2020,5,3,22:00,0,98.46,95,4.7,4.1,35,12
NORMANDIN,2020-05-03,2020-05-03 23:00,2020,5,3,23:00,0,98.46,95,4.4,3.7,34,11
NORMANDIN,2020-05-04,2020-05-04 0:00,2020,5,4,0:00,0,98.47,95,4.2,3.5,33,14
NORMANDIN,2020-05-04,2020-05-04 1:00,2020,5,4,1:00,0,98.48,94,4,3.2,33,12
NORMANDIN,2020-05-04,2020-05-04 2:00,2020,5,4,2:00,0.2,98.5,95,3.9,3.1,32,12
NORMANDIN,2020-05-04,2020-05-04 3:00,2020,5,4,3:00,0,98.52,92,3.4,2.2,31,15
NORMANDIN,2020-05-04,2020-05-04 4:00,2020,5,4,4:00,0,98.56,89,2.8,1.2,32,17
NORMANDIN,2020-05-04,2020-05-04 5:00,2020,5,4,5:00,0,98.61,88,2.6,0.9,32,16
NORMANDIN,2020-05-04,2020-05-04 6:00,2020,5,4,6:00,0,98.67,86,2.8,0.6,32,19
NORMANDIN,2020-05-04,2020-05-04 7:00,2020,5,4,7:00,0,98.72,83,3.3,0.7,31,21
NORMANDIN,2020-05-04,2020-05-04 8:00,2020,5,4,8:00,0,98.74,81,4,1,32,19
NORMANDIN,2020-05-04,2020-05-04 9:00,2020,5,4,9:00,0,98.77,77,4.8,1.1,33,23
NORMANDIN,2020-05-04,2020-05-04 10:00,2020,5,4,10:00,0,98.8,70,5.5,0.5,33,26
NORMANDIN,2020-05-04,2020-05-04 11:00,2020,5,4,11:00,0,98.82,64,6.5,0.2,33,27
NORMANDIN,2020-05-04,2020-05-04 12:00,2020,5,4,12:00,0,98.84,60,7.3,0.1,33,25
NORMANDIN,2020-05-04,2020-05-04 13:00,2020,5,4,13:00,0,98.89,57,7,-0.8,33,24
NORMANDIN,2020-05-04,2020-05-04 14:00,2020,5,4,14:00,0,98.95,64,6.5,0.1,33,25
NORMANDIN,2020-05-04,2020-05-04 15:00,2020,5,4,15:00,0,98.98,67,6.2,0.5,33,23
NORMANDIN,2020-05-04,2020-05-04 16:00,2020,5,4,16:00,0,99.01,67,6.2,0.5,33,14
NORMANDIN,2020-05-04,2020-05-04 17:00,2020,5,4,17:00,0,99.07,69,5.5,0.3,34,26
NORMANDIN,2020-05-04,2020-05-04 18:00,2020,5,4,18:00,0,99.14,72,4.6,0,33,26
NORMANDIN,2020-05-04,2020-05-04 19:00,2020,5,4,19:00,0,99.22,72,3.8,-0.7,32,24
NORMANDIN,2020-05-04,2020-05-04 20:00,2020,5,4,20:00,0,99.26,75,3.4,-0.7,34,26
NORMANDIN,2020-05-04,2020-05-04 21:00,2020,5,4,21:00,0,99.27,81,2.3,-0.6,31,23
NORMANDIN,2020-05-04,2020-05-04 22:00,2020,5,4,22:00,0,99.24,76,2.4,-1.4,31,23
NORMANDIN,2020-05-04,2020-05-04 23:00,2020,5,4,23:00,0,99.26,73,2.3,-2,32,23
NORMANDIN,2020-05-05,2020-05-05 0:00,2020,5,5,0:00,0,99.3,74,2,-2.1,32,23
NORMANDIN,2020-05-05,2020-05-05 1:00,2020,5,5,1:00,0,99.3,81,1.3,-1.7,32,21
NORMANDIN,2020-05-05,2020-05-05 2:00,2020,5,5,2:00,0,99.32,89,0.4,-1.1,32,18
NORMANDIN,2020-05-05,2020-05-05 3:00,2020,5,5,3:00,0,99.32,90,0,-1.4,31,23
NORMANDIN,2020-05-05,2020-05-05 4:00,2020,5,5,4:00,0,99.34,89,-0.2,-1.8,32,21
NORMANDIN,2020-05-05,2020-05-05 5:00,2020,5,5,5:00,0,99.4,86,-0.1,-2.1,32,21
NORMANDIN,2020-05-05,2020-05-05 6:00,2020,5,5,6:00,0,99.44,83,0.2,-2.2,32,21
NORMANDIN,2020-05-05,2020-05-05 7:00,2020,5,5,7:00,0,99.49,77,1,-2.6,32,23
NORMANDIN,2020-05-05,2020-05-05 8:00,2020,5,5,8:00,0,99.52,78,1.3,-2,33,23
NORMANDIN,2020-05-05,2020-05-05 9:00,2020,5,5,9:00,0,99.54,81,2.4,-0.5,31,21
NORMANDIN,2020-05-05,2020-05-05 10:00,2020,5,5,10:00,0,99.51,73,4.4,-0.1,31,19
NORMANDIN,2020-05-05,2020-05-05 11:00,2020,5,5,11:00,0,99.46,60,6.3,-0.8,33,16
NORMANDIN,2020-05-05,2020-05-05 12:00,2020,5,5,12:00,0,99.43,57,8.1,0.2,34,15
NORMANDIN,2020-05-05,2020-05-05 13:00,2020,5,5,13:00,0,99.42,54,9,0.3,32,15
NORMANDIN,2020-05-05,2020-05-05 14:00,2020,5,5,14:00,0,99.4,48,9.4,-1,33,14
NORMANDIN,2020-05-05,2020-05-05 15:00,2020,5,5,15:00,0,99.39,49,10.1,-0.2,33,16
NORMANDIN,2020-05-05,2020-05-05 16:00,2020,5,5,16:00,0,99.41,51,9.9,0.2,33,17
NORMANDIN,2020-05-05,2020-05-05 17:00,2020,5,5,17:00,0,99.45,55,7.7,-0.7,34,15
NORMANDIN,2020-05-05,2020-05-05 18:00,2020,5,5,18:00,0,99.49,51,7.8,-1.8,34,17
NORMANDIN,2020-05-05,2020-05-05 19:00,2020,5,5,19:00,0,99.52,60,6.3,-1,32,14
NORMANDIN,2020-05-05,2020-05-05 20:00,2020,5,5,20:00,0,99.58,63,4.4,-2.1,32,13
NORMANDIN,2020-05-05,2020-05-05 21:00,2020,5,5,21:00,0,99.59,65,3.3,-2.7,31,14
NORMANDIN,2020-05-05,2020-05-05 22:00,2020,5,5,22:00,0,99.59,72,1.9,-2.6,30,11
NORMANDIN,2020-05-05,2020-05-05 23:00,2020,5,5,23:00,0,99.6,75,1.3,-2.5,33,8
NORMANDIN,2020-05-06,2020-05-06 0:00,2020,5,6,0:00,0,99.57,77,0,-3.5,30,9
NORMANDIN,2020-05-06,2020-05-06 1:00,2020,5,6,1:00,0,99.54,78,0.1,-3.4,29,14
NORMANDIN,2020-05-06,2020-05-06 2:00,2020,5,6,2:00,0,99.53,75,0.2,-3.7,30,12
NORMANDIN,2020-05-06,2020-05-06 3:00,2020,5,6,3:00,0,99.53,75,-0.2,-4.1,29,14
NORMANDIN,2020-05-06,2020-05-06 4:00,2020,5,6,4:00,0,99.54,75,-1,-4.8,29,16
NORMANDIN,2020-05-06,2020-05-06 5:00,2020,5,6,5:00,0,99.57,73,-1.2,-5.3,28,16
NORMANDIN,2020-05-06,2020-05-06 6:00,2020,5,6,6:00,0,99.6,62,0.4,-6,29,18
NORMANDIN,2020-05-06,2020-05-06 7:00,2020,5,6,7:00,0,99.61,53,2.3,-6.2,30,17
NORMANDIN,2020-05-06,2020-05-06 8:00,2020,5,6,8:00,0,99.61,47,4.1,-6.1,31,19
NORMANDIN,2020-05-06,2020-05-06 9:00,2020,5,6,9:00,0,99.57,44,5,-6.3,30,18
NORMANDIN,2020-05-06,2020-05-06 10:00,2020,5,6,10:00,0,99.52,37,6.4,-7.2,30,19
NORMANDIN,2020-05-06,2020-05-06 11:00,2020,5,6,11:00,0,99.45,38,7.5,-5.9,30,22
NORMANDIN,2020-05-06,2020-05-06 12:00,2020,5,6,12:00,0,99.4,26,8.5,-10.1,33,19
NORMANDIN,2020-05-06,2020-05-06 13:00,2020,5,6,13:00,0,99.37,34,9.1,-5.8,33,20
NORMANDIN,2020-05-06,2020-05-06 14:00,2020,5,6,14:00,0,99.34,28,9.7,-8.1,32,20
NORMANDIN,2020-05-06,2020-05-06 15:00,2020,5,6,15:00,0,99.28,28,10,-7.6,32,18
NORMANDIN,2020-05-06,2020-05-06 16:00,2020,5,6,16:00,0,99.25,28,9.8,-7.9,35,22
NORMANDIN,2020-05-06,2020-05-06 17:00,2020,5,6,17:00,0,99.22,28,9.7,-7.8,31,17
NORMANDIN,2020-05-06,2020-05-06 18:00,2020,5,6,18:00,0,99.23,33,8.8,-6.5,32,16
NORMANDIN,2020-05-06,2020-05-06 19:00,2020,5,6,19:00,0,99.26,46,6.3,-4.6,34,11
NORMANDIN,2020-05-06,2020-05-06 20:00,2020,5,6,20:00,0,99.29,49,4.1,-5.7,33,10
NORMANDIN,2020-05-06,2020-05-06 21:00,2020,5,6,21:00,0,99.28,62,2.1,-4.4,32,10
NORMANDIN,2020-05-06,2020-05-06 22:00,2020,5,6,22:00,0,99.23,55,2.1,-5.9,31,14
NORMANDIN,2020-05-06,2020-05-06 23:00,2020,5,6,23:00,0,99.18,67,0.5,-4.9,32,8
NORMANDIN,2020-05-07,2020-05-07 0:00,2020,5,7,0:00,0,99.14,65,0.2,-5.6,30,12
NORMANDIN,2020-05-07,2020-05-07 1:00,2020,5,7,1:00,0,99.09,67,-0.2,-5.6,31,8
NORMANDIN,2020-05-07,2020-05-07 2:00,2020,5,7,2:00,0,99.05,69,-1,-5.9,31,7
NORMANDIN,2020-05-07,2020-05-07 3:00,2020,5,7,3:00,0,99.03,73,-1.7,-6,29,13
NORMANDIN,2020-05-07,2020-05-07 4:00,2020,5,7,4:00,0,99,77,-2.5,-5.9,28,13
NORMANDIN,2020-05-07,2020-05-07 5:00,2020,5,7,5:00,0,98.98,75,-1.3,-5.1,31,7
NORMANDIN,2020-05-07,2020-05-07 6:00,2020,5,7,6:00,0,98.96,65,0.5,-5.2,32,9
NORMANDIN,2020-05-07,2020-05-07 7:00,2020,5,7,7:00,0,98.96,56,3,-4.9,30,9
NORMANDIN,2020-05-07,2020-05-07 8:00,2020,5,7,8:00,0,98.9,46,5.2,-5.5,35,6
NORMANDIN,2020-05-07,2020-05-07 9:00,2020,5,7,9:00,0,98.83,38,7,-6.3,35,3
NORMANDIN,2020-05-07,2020-05-07 10:00,2020,5,7,10:00,0,98.76,32,8.6,-7.2,27,5
NORMANDIN,2020-05-07,2020-05-07 11:00,2020,5,7,11:00,0,98.67,32,9.8,-5.9,14,8
NORMANDIN,2020-05-07,2020-05-07 12:00,2020,5,7,12:00,0,98.59,31,10.5,-5.8,18,8
NORMANDIN,2020-05-07,2020-05-07 13:00,2020,5,7,13:00,0,98.53,33,11,-4.7,9,5
NORMANDIN,2020-05-07,2020-05-07 14:00,2020,5,7,14:00,0,98.49,31,11.2,-5.2,26,16
NORMANDIN,2020-05-07,2020-05-07 15:00,2020,5,7,15:00,0,98.46,37,10,-4.2,33,10
NORMANDIN,2020-05-07,2020-05-07 16:00,2020,5,7,16:00,0,98.47,42,9.6,-2.6,28,14
NORMANDIN,2020-05-07,2020-05-07 17:00,2020,5,7,17:00,0,98.45,47,8.7,-1.9,30,20
NORMANDIN,2020-05-07,2020-05-07 18:00,2020,5,7,18:00,0,98.5,61,4.9,-2,31,29
NORMANDIN,2020-05-07,2020-05-07 19:00,2020,5,7,19:00,0,98.57,67,3.2,-2.3,31,35
NORMANDIN,2020-05-07,2020-05-07 20:00,2020,5,7,20:00,0,98.62,92,0.7,-0.5,30,30
NORMANDIN,2020-05-07,2020-05-07 21:00,2020,5,7,21:00,0,98.64,93,-0.4,-1.4,30,30
NORMANDIN,2020-05-07,2020-05-07 22:00,2020,5,7,22:00,0,98.65,93,-1.1,-2.1,30,31
NORMANDIN,2020-05-07,2020-05-07 23:00,2020,5,7,23:00,0.7,98.62,93,-1.8,-2.8,31,29
NORMANDIN,2020-05-08,2020-05-08 0:00,2020,5,8,0:00,0.5,98.56,93,-2.1,-3.1,30,25
NORMANDIN,2020-05-08,2020-05-08 1:00,2020,5,8,1:00,0.3,98.55,94,-2.3,-3.2,30,22
NORMANDIN,2020-05-08,2020-05-08 2:00,2020,5,8,2:00,0,98.54,88,-2.5,-4.2,30,26
NORMANDIN,2020-05-08,2020-05-08 3:00,2020,5,8,3:00,0.2,98.56,89,-2.8,-4.3,30,19
NORMANDIN,2020-05-08,2020-05-08 4:00,2020,5,8,4:00,0,98.55,81,-3.2,-6,31,26
NORMANDIN,2020-05-08,2020-05-08 5:00,2020,5,8,5:00,0,98.57,81,-3.5,-6.2,30,20
NORMANDIN,2020-05-08,2020-05-08 6:00,2020,5,8,6:00,0,98.61,77,-3.7,-7.2,30,26
NORMANDIN,2020-05-08,2020-05-08 7:00,2020,5,8,7:00,0,98.61,74,-3.6,-7.5,30,21
NORMANDIN,2020-05-08,2020-05-08 8:00,2020,5,8,8:00,0,98.64,74,-3.3,-7.4,29,24
NORMANDIN,2020-05-08,2020-05-08 9:00,2020,5,8,9:00,0,98.69,71,-2.6,-7.1,29,25
NORMANDIN,2020-05-08,2020-05-08 10:00,2020,5,8,10:00,0,98.67,69,-1.7,-6.6,31,22
NORMANDIN,2020-05-08,2020-05-08 11:00,2020,5,8,11:00,0,98.68,65,-0.9,-6.7,29,22
NORMANDIN,2020-05-08,2020-05-08 12:00,2020,5,8,12:00,0,98.68,60,0.6,-6.2,27,22
NORMANDIN,2020-05-08,2020-05-08 13:00,2020,5,8,13:00,0,98.68,58,1.8,-5.7,30,15
NORMANDIN,2020-05-08,2020-05-08 14:00,2020,5,8,14:00,0,98.66,49,3.4,-6.3,30,17
NORMANDIN,2020-05-08,2020-05-08 15:00,2020,5,8,15:00,0,98.66,45,3.5,-7.3,30,19
NORMANDIN,2020-05-08,2020-05-08 16:00,2020,5,8,16:00,0,98.66,47,3.3,-6.9,33,19
NORMANDIN,2020-05-08,2020-05-08 17:00,2020,5,8,17:00,0,98.67,47,2.8,-7.6,33,25
NORMANDIN,2020-05-08,2020-05-08 18:00,2020,5,8,18:00,0,98.7,51,1.8,-7.3,31,17
NORMANDIN,2020-05-08,2020-05-08 19:00,2020,5,8,19:00,0,98.74,53,0.6,-7.8,31,17
NORMANDIN,2020-05-08,2020-05-08 20:00,2020,5,8,20:00,0,98.79,58,-0.5,-7.6,31,12
NORMANDIN,2020-05-08,2020-05-08 21:00,2020,5,8,21:00,0,98.79,65,-1.6,-7.2,30,9
NORMANDIN,2020-05-08,2020-05-08 22:00,2020,5,8,22:00,0,98.78,72,-3.3,-7.5,28,10
NORMANDIN,2020-05-08,2020-05-08 23:00,2020,5,8,23:00,0,98.73,81,-4.2,-6.9,25,9
NORMANDIN,2020-05-09,2020-05-09 0:00,2020,5,9,0:00,0,98.68,75,-4.2,-8.1,23,12
NORMANDIN,2020-05-09,2020-05-09 1:00,2020,5,9,1:00,0,98.6,79,-4.7,-7.8,26,11
NORMANDIN,2020-05-09,2020-05-09 2:00,2020,5,9,2:00,0,98.56,75,-5.1,-8.8,24,11
NORMANDIN,2020-05-09,2020-05-09 3:00,2020,5,9,3:00,0,98.52,77,-5.5,-8.8,26,8
NORMANDIN,2020-05-09,2020-05-09 4:00,2020,5,9,4:00,0,98.46,81,-5,-7.7,26,7
NORMANDIN,2020-05-09,2020-05-09 5:00,2020,5,9,5:00,0,98.42,81,-3.6,-6.4,28,6
NORMANDIN,2020-05-09,2020-05-09 6:00,2020,5,9,6:00,0,98.4,78,-1.7,-5,29,10
NORMANDIN,2020-05-09,2020-05-09 7:00,2020,5,9,7:00,0,98.37,72,-0.5,-4.9,30,16
NORMANDIN,2020-05-09,2020-05-09 8:00,2020,5,9,8:00,0,98.36,68,0.3,-4.9,30,14
NORMANDIN,2020-05-09,2020-05-09 9:00,2020,5,9,9:00,0,98.31,65,1,-4.8,31,15
NORMANDIN,2020-05-09,2020-05-09 10:00,2020,5,9,10:00,0,98.26,61,1.8,-4.9,30,20
NORMANDIN,2020-05-09,2020-05-09 11:00,2020,5,9,11:00,0,98.21,65,2.6,-3.4,30,17
NORMANDIN,2020-05-09,2020-05-09 12:00,2020,5,9,12:00,0,98.21,69,2.5,-2.6,29,16
NORMANDIN,2020-05-09,2020-05-09 13:00,2020,5,9,13:00,0,98.22,85,1.5,-0.7,32,14
NORMANDIN,2020-05-09,2020-05-09 14:00,2020,5,9,14:00,0.3,98.2,72,3.1,-1.4,32,29
NORMANDIN,2020-05-09,2020-05-09 15:00,2020,5,9,15:00,0,98.25,64,3,-3.1,31,38
NORMANDIN,2020-05-09,2020-05-09 16:00,2020,5,9,16:00,0,98.32,61,2.1,-4.5,30,36
NORMANDIN,2020-05-09,2020-05-09 17:00,2020,5,9,17:00,0,98.38,64,0.6,-5.4,30,36
NORMANDIN,2020-05-09,2020-05-09 18:00,2020,5,9,18:00,0,98.46,62,-0.4,-6.8,30,38
NORMANDIN,2020-05-09,2020-05-09 19:00,2020,5,9,19:00,0,98.54,65,-0.6,-6.5,31,23
NORMANDIN,2020-05-09,2020-05-09 20:00,2020,5,9,20:00,0,98.59,62,-0.7,-7.2,32,22
NORMANDIN,2020-05-09,2020-05-09 21:00,2020,5,9,21:00,0,98.63,67,-0.8,-6.2,31,21
NORMANDIN,2020-05-09,2020-05-09 22:00,2020,5,9,22:00,0,98.62,68,-1.1,-6.2,30,20
NORMANDIN,2020-05-09,2020-05-09 23:00,2020,5,9,23:00,0,98.61,67,-1.2,-6.5,29,23
NORMANDIN,2020-05-10,2020-05-10 0:00,2020,5,10,0:00,0,98.59,72,-1.5,-6,29,24
NORMANDIN,2020-05-10,2020-05-10 1:00,2020,5,10,1:00,0,98.57,72,-1.8,-6.1,29,21
NORMANDIN,2020-05-10,2020-05-10 2:00,2020,5,10,2:00,0,98.55,70,-1.7,-6.5,28,23
NORMANDIN,2020-05-10,2020-05-10 3:00,2020,5,10,3:00,0,98.52,71,-1.8,-6.3,28,19
NORMANDIN,2020-05-10,2020-05-10 4:00,2020,5,10,4:00,0,98.51,69,-1.5,-6.4,28,23
NORMANDIN,2020-05-10,2020-05-10 5:00,2020,5,10,5:00,0,98.5,69,-1.4,-6.4,27,16
NORMANDIN,2020-05-10,2020-05-10 6:00,2020,5,10,6:00,0,98.48,68,-0.8,-6,25,16
NORMANDIN,2020-05-10,2020-05-10 7:00,2020,5,10,7:00,0,98.43,66,0.4,-5.3,26,19
NORMANDIN,2020-05-10,2020-05-10 8:00,2020,5,10,8:00,0,98.38,67,1.4,-3.9,27,24
NORMANDIN,2020-05-10,2020-05-10 9:00,2020,5,10,9:00,0,98.36,72,1.8,-2.7,27,25
NORMANDIN,2020-05-10,2020-05-10 10:00,2020,5,10,10:00,0,98.32,64,3,-3.1,28,27
NORMANDIN,2020-05-10,2020-05-10 11:00,2020,5,10,11:00,0,98.3,58,4.3,-3.2,29,31
NORMANDIN,2020-05-10,2020-05-10 12:00,2020,5,10,12:00,0,98.3,63,4.9,-1.6,28,32
NORMANDIN,2020-05-10,2020-05-10 13:00,2020,5,10,13:00,0,98.3,59,5,-2.4,29,39
NORMANDIN,2020-05-10,2020-05-10 14:00,2020,5,10,14:00,0,98.3,63,5.5,-0.9,30,27
NORMANDIN,2020-05-10,2020-05-10 15:00,2020,5,10,15:00,0,98.33,65,5.2,-0.9,28,31
NORMANDIN,2020-05-10,2020-05-10 16:00,2020,5,10,16:00,0,98.42,81,2.6,-0.4,29,38
NORMANDIN,2020-05-10,2020-05-10 17:00,2020,5,10,17:00,0,98.5,71,2.9,-1.8,29,37
NORMANDIN,2020-05-10,2020-05-10 18:00,2020,5,10,18:00,0,98.54,81,2.1,-0.7,29,22
NORMANDIN,2020-05-10,2020-05-10 19:00,2020,5,10,19:00,0,98.6,69,1.9,-3.1,29,31
NORMANDIN,2020-05-10,2020-05-10 20:00,2020,5,10,20:00,0,98.65,83,0.7,-1.9,28,29
NORMANDIN,2020-05-10,2020-05-10 21:00,2020,5,10,21:00,0,98.72,75,0.5,-3.5,29,32
NORMANDIN,2020-05-10,2020-05-10 22:00,2020,5,10,22:00,0,98.75,72,0.2,-4.3,29,30
NORMANDIN,2020-05-10,2020-05-10 23:00,2020,5,10,23:00,0,98.79,71,0.1,-4.6,29,32
NORMANDIN,2020-05-11,2020-05-11 0:00,2020,5,11,0:00,0,98.83,72,-0.2,-4.7,29,30
NORMANDIN,2020-05-11,2020-05-11 1:00,2020,5,11,1:00,0,98.88,70,-0.8,-5.6,29,32
NORMANDIN,2020-05-11,2020-05-11 2:00,2020,5,11,2:00,0,98.95,72,-1.3,-5.7,30,28
NORMANDIN,2020-05-11,2020-05-11 3:00,2020,5,11,3:00,0,99.02,69,-2,-7,31,33
NORMANDIN,2020-05-11,2020-05-11 4:00,2020,5,11,4:00,0,99.07,72,-2.3,-6.7,30,23
NORMANDIN,2020-05-11,2020-05-11 5:00,2020,5,11,5:00,0,99.16,68,-3.1,-8.1,31,30
NORMANDIN,2020-05-11,2020-05-11 6:00,2020,5,11,6:00,0,99.24,69,-3.3,-8.2,29,25
NORMANDIN,2020-05-11,2020-05-11 7:00,2020,5,11,7:00,0,99.31,68,-3.2,-8.2,29,20
NORMANDIN,2020-05-11,2020-05-11 8:00,2020,5,11,8:00,0,99.38,68,-3.3,-8.4,30,26
NORMANDIN,2020-05-11,2020-05-11 9:00,2020,5,11,9:00,0,99.4,66,-2.7,-8.2,31,17
NORMANDIN,2020-05-11,2020-05-11 10:00,2020,5,11,10:00,0,99.43,56,-2.1,-9.7,30,19
NORMANDIN,2020-05-11,2020-05-11 11:00,2020,5,11,11:00,0,99.41,50,-0.8,-10,31,19
NORMANDIN,2020-05-11,2020-05-11 12:00,2020,5,11,12:00,0,99.4,46,0.3,-10,30,20
NORMANDIN,2020-05-11,2020-05-11 13:00,2020,5,11,13:00,0,99.39,45,1.8,-8.8,31,19
NORMANDIN,2020-05-11,2020-05-11 14:00,2020,5,11,14:00,0,99.39,42,1.8,-9.7,31,20
NORMANDIN,2020-05-11,2020-05-11 15:00,2020,5,11,15:00,0,99.39,36,2.5,-11.1,31,21
NORMANDIN,2020-05-11,2020-05-11 16:00,2020,5,11,16:00,0,99.38,33,2.7,-12.1,31,17
NORMANDIN,2020-05-11,2020-05-11 17:00,2020,5,11,17:00,0,99.41,36,2.3,-11.4,32,18
NORMANDIN,2020-05-11,2020-05-11 18:00,2020,5,11,18:00,0,99.44,39,0.9,-11.4,32,15
NORMANDIN,2020-05-11,2020-05-11 19:00,2020,5,11,19:00,0,99.49,50,-0.4,-9.7,30,11
NORMANDIN,2020-05-11,2020-05-11 20:00,2020,5,11,20:00,0,99.55,51,-1.5,-10.3,34,7
NORMANDIN,2020-05-11,2020-05-11 21:00,2020,5,11,21:00,0,99.58,60,-2.6,-9.3,31,9
NORMANDIN,2020-05-11,2020-05-11 22:00,2020,5,11,22:00,0,99.58,66,-3.6,-8.9,31,10
NORMANDIN,2020-05-11,2020-05-11 23:00,2020,5,11,23:00,0,99.61,59,-2.9,-9.8,33,12
NORMANDIN,2020-05-12,2020-05-12 0:00,2020,5,12,0:00,0,99.6,56,-3.2,-10.6,35,10
NORMANDIN,2020-05-12,2020-05-12 1:00,2020,5,12,1:00,0,99.6,57,-3.8,-11,35,9
NORMANDIN,2020-05-12,2020-05-12 2:00,2020,5,12,2:00,0,99.61,68,-5.1,-10,33,9
NORMANDIN,2020-05-12,2020-05-12 3:00,2020,5,12,3:00,0,99.62,68,-5.6,-10.7,32,10
NORMANDIN,2020-05-12,2020-05-12 4:00,2020,5,12,4:00,0,99.66,69,-6.2,-11,32,9
NORMANDIN,2020-05-12,2020-05-12 5:00,2020,5,12,5:00,0,99.71,67,-6,-11.1,32,12
NORMANDIN,2020-05-12,2020-05-12 6:00,2020,5,12,6:00,0,99.73,62,-4.8,-11.1,33,13
NORMANDIN,2020-05-12,2020-05-12 7:00,2020,5,12,7:00,0,99.73,55,-4.1,-11.8,34,17
NORMANDIN,2020-05-12,2020-05-12 8:00,2020,5,12,8:00,0,99.71,51,-2.6,-11.3,32,14
NORMANDIN,2020-05-12,2020-05-12 9:00,2020,5,12,9:00,0,99.66,44,-1,-11.7,33,17
NORMANDIN,2020-05-12,2020-05-12 10:00,2020,5,12,10:00,0,99.63,44,0.6,-10.4,34,21
NORMANDIN,2020-05-12,2020-05-12 11:00,2020,5,12,11:00,0,99.6,41,1.7,-10.3,32,19
NORMANDIN,2020-05-12,2020-05-12 12:00,2020,5,12,12:00,0,99.54,39,2.7,-10,31,23
NORMANDIN,2020-05-12,2020-05-12 13:00,2020,5,12,13:00,0,99.52,35,3.5,-10.6,32,25
NORMANDIN,2020-05-12,2020-05-12 14:00,2020,5,12,14:00,0,99.52,34,4.3,-10.3,32,26
NORMANDIN,2020-05-12,2020-05-12 15:00,2020,5,12,15:00,0,99.52,32,4.3,-10.9,33,24
NORMANDIN,2020-05-12,2020-05-12 16:00,2020,5,12,16:00,0,99.55,37,4.4,-9.1,34,24
NORMANDIN,2020-05-12,2020-05-12 17:00,2020,5,12,17:00,0,99.6,35,3.7,-10.5,33,26
NORMANDIN,2020-05-12,2020-05-12 18:00,2020,5,12,18:00,0,99.65,38,3,-10,34,21
NORMANDIN,2020-05-12,2020-05-12 19:00,2020,5,12,19:00,0,99.69,39,1.9,-10.5,35,16
NORMANDIN,2020-05-12,2020-05-12 20:00,2020,5,12,20:00,0,99.73,52,-0.3,-8.9,34,8
NORMANDIN,2020-05-12,2020-05-12 21:00,2020,5,12,21:00,0,99.77,59,-1.4,-8.5,31,9
NORMANDIN,2020-05-12,2020-05-12 22:00,2020,5,12,22:00,0,99.82,66,-2.4,-7.8,33,10
NORMANDIN,2020-05-12,2020-05-12 23:00,2020,5,12,23:00,0,99.87,68,-2.9,-8,32,9
NORMANDIN,2020-05-13,2020-05-13 0:00,2020,5,13,0:00,0,99.92,69,-3.6,-8.4,32,8
NORMANDIN,2020-05-13,2020-05-13 1:00,2020,5,13,1:00,0,99.94,72,-4.1,-8.4,30,9
NORMANDIN,2020-05-13,2020-05-13 2:00,2020,5,13,2:00,0,99.96,71,-4.3,-8.8,30,8
NORMANDIN,2020-05-13,2020-05-13 3:00,2020,5,13,3:00,0,99.98,73,-5.4,-9.4,29,9
NORMANDIN,2020-05-13,2020-05-13 4:00,2020,5,13,4:00,0,100.02,79,-6,-9,29,6
NORMANDIN,2020-05-13,2020-05-13 5:00,2020,5,13,5:00,0,100.07,71,-4,-8.3,29,11
NORMANDIN,2020-05-13,2020-05-13 6:00,2020,5,13,6:00,0,100.11,61,-1.6,-8.1,30,12
NORMANDIN,2020-05-13,2020-05-13 7:00,2020,5,13,7:00,0,100.13,52,0.3,-8.4,32,19
NORMANDIN,2020-05-13,2020-05-13 8:00,2020,5,13,8:00,0,100.14,40,1.4,-10.7,32,24
NORMANDIN,2020-05-13,2020-05-13 9:00,2020,5,13,9:00,0,100.13,39,3,-9.6,31,26
NORMANDIN,2020-05-13,2020-05-13 10:00,2020,5,13,10:00,0,100.12,34,4.7,-9.7,32,22
NORMANDIN,2020-05-13,2020-05-13 11:00,2020,5,13,11:00,0,100.11,31,6,-9.8,32,23
NORMANDIN,2020-05-13,2020-05-13 12:00,2020,5,13,12:00,0,100.12,26,7,-11,31,27
NORMANDIN,2020-05-13,2020-05-13 13:00,2020,5,13,13:00,0,100.1,22,7.9,-12.2,31,31
NORMANDIN,2020-05-13,2020-05-13 14:00,2020,5,13,14:00,0,100.08,22,8.9,-11.6,32,23
NORMANDIN,2020-05-13,2020-05-13 15:00,2020,5,13,15:00,0,100.11,26,8.9,-9.6,29,29
NORMANDIN,2020-05-13,2020-05-13 16:00,2020,5,13,16:00,0,100.14,24,8.8,-10.9,31,29
NORMANDIN,2020-05-13,2020-05-13 17:00,2020,5,13,17:00,0,100.15,25,8.6,-10.5,30,25
NORMANDIN,2020-05-13,2020-05-13 18:00,2020,5,13,18:00,0,100.17,25,8,-10.8,29,30
NORMANDIN,2020-05-13,2020-05-13 19:00,2020,5,13,19:00,0,100.18,28,7,-10.5,31,19
NORMANDIN,2020-05-13,2020-05-13 20:00,2020,5,13,20:00,0,100.22,40,3.5,-8.9,30,9
NORMANDIN,2020-05-13,2020-05-13 21:00,2020,5,13,21:00,0,100.25,48,1.4,-8.4,28,12
NORMANDIN,2020-05-13,2020-05-13 22:00,2020,5,13,22:00,0,100.28,54,0.3,-8,28,17
NORMANDIN,2020-05-13,2020-05-13 23:00,2020,5,13,23:00,0,100.31,52,0.6,-8,30,12
NORMANDIN,2020-05-14,2020-05-14 0:00,2020,5,14,0:00,0,100.34,59,-0.7,-7.7,29,14
NORMANDIN,2020-05-14,2020-05-14 1:00,2020,5,14,1:00,0,100.33,59,-0.9,-7.9,29,12
NORMANDIN,2020-05-14,2020-05-14 2:00,2020,5,14,2:00,0,100.34,60,-1,-7.9,30,11
NORMANDIN,2020-05-14,2020-05-14 3:00,2020,5,14,3:00,0,100.34,56,-0.9,-8.6,29,13
NORMANDIN,2020-05-14,2020-05-14 4:00,2020,5,14,4:00,0,100.36,63,-2.2,-8.3,30,12
NORMANDIN,2020-05-14,2020-05-14 5:00,2020,5,14,5:00,0,100.39,58,-0.8,-8,31,11
NORMANDIN,2020-05-14,2020-05-14 6:00,2020,5,14,6:00,0,100.41,48,2.7,-7.3,33,4
NORMANDIN,2020-05-14,2020-05-14 7:00,2020,5,14,7:00,0,100.42,35,6.6,-7.7,32,8
NORMANDIN,2020-05-14,2020-05-14 8:00,2020,5,14,8:00,0,100.38,27,8.8,-9.2,33,11
NORMANDIN,2020-05-14,2020-05-14 9:00,2020,5,14,9:00,0,100.33,25,10.5,-8.7,33,11
NORMANDIN,2020-05-14,2020-05-14 10:00,2020,5,14,10:00,0,100.26,20,11.7,-10.3,31,12
NORMANDIN,2020-05-14,2020-05-14 11:00,2020,5,14,11:00,0,100.19,20,12.9,-9.7,30,10
NORMANDIN,2020-05-14,2020-05-14 12:00,2020,5,14,12:00,0,100.11,19,13.9,-9.4,31,14
NORMANDIN,2020-05-14,2020-05-14 13:00,2020,5,14,13:00,0,100.03,17,14.9,-9.9,35,16
NORMANDIN,2020-05-14,2020-05-14 14:00,2020,5,14,14:00,0,99.97,17,15.7,-9.6,29,12
NORMANDIN,2020-05-14,2020-05-14 15:00,2020,5,14,15:00,0,99.9,14,15.7,-11.7,35,10
NORMANDIN,2020-05-14,2020-05-14 16:00,2020,5,14,16:00,0,99.85,15,16.1,-10.7,29,12
NORMANDIN,2020-05-14,2020-05-14 17:00,2020,5,14,17:00,0,99.83,13,16.1,-12.3,29,12
NORMANDIN,2020-05-14,2020-05-14 18:00,2020,5,14,18:00,0,99.8,15,15.2,-11.4,32,8
NORMANDIN,2020-05-14,2020-05-14 19:00,2020,5,14,19:00,0,99.78,25,12.2,-7.4,35,6
NORMANDIN,2020-05-14,2020-05-14 20:00,2020,5,14,20:00,0,99.78,42,6.9,-5.2,35,5
NORMANDIN,2020-05-14,2020-05-14 21:00,2020,5,14,21:00,0,99.76,55,4.9,-3.4,35,5
NORMANDIN,2020-05-14,2020-05-14 22:00,2020,5,14,22:00,0,99.72,60,3.7,-3.4,2,4
NORMANDIN,2020-05-14,2020-05-14 23:00,2020,5,14,23:00,0,99.74,60,4,-3,36,6
NORMANDIN,2020-05-15,2020-05-15 0:00,2020,5,15,0:00,0,99.73,60,4.4,-2.8,2,6
NORMANDIN,2020-05-15,2020-05-15 1:00,2020,5,15,1:00,0,99.71,69,3.5,-1.6,2,6
NORMANDIN,2020-05-15,2020-05-15 2:00,2020,5,15,2:00,0,99.69,73,3.3,-1.2,4,3
NORMANDIN,2020-05-15,2020-05-15 3:00,2020,5,15,3:00,0,99.65,59,4,-3.3,5,2
NORMANDIN,2020-05-15,2020-05-15 4:00,2020,5,15,4:00,0,99.66,57,3.4,-4.3,31,7
NORMANDIN,2020-05-15,2020-05-15 5:00,2020,5,15,5:00,0,99.62,68,2.4,-2.9,31,5
NORMANDIN,2020-05-15,2020-05-15 6:00,2020,5,15,6:00,0,99.65,60,4.8,-2.4,6,0
NORMANDIN,2020-05-15,2020-05-15 7:00,2020,5,15,7:00,0,99.7,43,6.7,-5.1,6,3
NORMANDIN,2020-05-15,2020-05-15 8:00,2020,5,15,8:00,0,99.68,45,7.6,-3.6,13,8
NORMANDIN,2020-05-15,2020-05-15 9:00,2020,5,15,9:00,0,99.62,40,8.9,-4,28,5
NORMANDIN,2020-05-15,2020-05-15 10:00,2020,5,15,10:00,0,99.58,36,11.6,-3.1,28,4
NORMANDIN,2020-05-15,2020-05-15 11:00,2020,5,15,11:00,0,99.54,38,13,-0.9,12,7
NORMANDIN,2020-05-15,2020-05-15 12:00,2020,5,15,12:00,0,99.44,37,14,-0.6,8,11
NORMANDIN,2020-05-15,2020-05-15 13:00,2020,5,15,13:00,0,99.35,36,14.4,-0.3,9,18
NORMANDIN,2020-05-15,2020-05-15 14:00,2020,5,15,14:00,0,99.32,43,13.1,0.7,15,21
NORMANDIN,2020-05-15,2020-05-15 15:00,2020,5,15,15:00,0,99.29,45,13.2,1.6,14,17
NORMANDIN,2020-05-15,2020-05-15 16:00,2020,5,15,16:00,0,99.28,54,12.7,3.5,18,11
NORMANDIN,2020-05-15,2020-05-15 17:00,2020,5,15,17:00,0,99.26,54,12.3,3.3,19,1
NORMANDIN,2020-05-15,2020-05-15 18:00,2020,5,15,18:00,0,99.26,58,11.9,3.9,19,2
NORMANDIN,2020-05-15,2020-05-15 19:00,2020,5,15,19:00,0,99.26,62,11,3.9,1,2
NORMANDIN,2020-05-15,2020-05-15 20:00,2020,5,15,20:00,0,99.3,73,9.3,4.7,27,5
NORMANDIN,2020-05-15,2020-05-15 21:00,2020,5,15,21:00,0,99.31,77,8.4,4.6,28,8
NORMANDIN,2020-05-15,2020-05-15 22:00,2020,5,15,22:00,0,99.35,74,8.1,3.8,32,10
NORMANDIN,2020-05-15,2020-05-15 23:00,2020,5,15,23:00,0,99.38,74,7.8,3.4,30,10
NORMANDIN,2020-05-16,2020-05-16 0:00,2020,5,16,0:00,0,99.41,74,7.3,2.9,29,11
NORMANDIN,2020-05-16,2020-05-16 1:00,2020,5,16,1:00,0,99.44,76,7,3,31,12
NORMANDIN,2020-05-16,2020-05-16 2:00,2020,5,16,2:00,0,99.46,77,6.7,2.9,31,10
NORMANDIN,2020-05-16,2020-05-16 3:00,2020,5,16,3:00,0,99.51,76,6.3,2.3,32,9
NORMANDIN,2020-05-16,2020-05-16 4:00,2020,5,16,4:00,0,99.57,76,5.6,1.8,6,2
NORMANDIN,2020-05-16,2020-05-16 5:00,2020,5,16,5:00,0,99.65,81,3.7,0.8,18,0
NORMANDIN,2020-05-16,2020-05-16 6:00,2020,5,16,6:00,0,99.74,77,5.3,1.6,31,11
NORMANDIN,2020-05-16,2020-05-16 7:00,2020,5,16,7:00,0,99.84,63,9.4,2.7,33,11
NORMANDIN,2020-05-16,2020-05-16 8:00,2020,5,16,8:00,0,99.89,50,12.5,2.3,32,10
NORMANDIN,2020-05-16,2020-05-16 9:00,2020,5,16,9:00,0,99.92,41,14.4,1.4,33,9
NORMANDIN,2020-05-16,2020-05-16 10:00,2020,5,16,10:00,0,99.93,31,17,-0.3,32,14
NORMANDIN,2020-05-16,2020-05-16 11:00,2020,5,16,11:00,0,99.93,27,18.2,-1.1,31,15
NORMANDIN,2020-05-16,2020-05-16 12:00,2020,5,16,12:00,0,99.96,27,18.4,-0.8,28,14
NORMANDIN,2020-05-16,2020-05-16 13:00,2020,5,16,13:00,0,99.97,26,18.5,-1.2,31,21
NORMANDIN,2020-05-16,2020-05-16 14:00,2020,5,16,14:00,0,99.97,25,19.1,-1.1,31,18
NORMANDIN,2020-05-16,2020-05-16 15:00,2020,5,16,15:00,0,100.03,26,18.9,-1.2,30,23
NORMANDIN,2020-05-16,2020-05-16 16:00,2020,5,16,16:00,0,100.09,29,17.7,-0.4,30,28
NORMANDIN,2020-05-16,2020-05-16 17:00,2020,5,16,17:00,0,100.13,31,16.7,-0.6,32,25
NORMANDIN,2020-05-16,2020-05-16 18:00,2020,5,16,18:00,0,100.2,40,15.1,1.7,32,25
NORMANDIN,2020-05-16,2020-05-16 19:00,2020,5,16,19:00,0,100.28,46,12.7,1.3,33,19
NORMANDIN,2020-05-16,2020-05-16 20:00,2020,5,16,20:00,0,100.4,54,10.2,1.3,31,14
NORMANDIN,2020-05-16,2020-05-16 21:00,2020,5,16,21:00,0,100.47,58,8.3,0.6,31,13
NORMANDIN,2020-05-16,2020-05-16 22:00,2020,5,16,22:00,0,100.54,64,5.9,-0.4,32,10
NORMANDIN,2020-05-16,2020-05-16 23:00,2020,5,16,23:00,0,100.57,69,4.9,-0.4,30,10
NORMANDIN,2020-05-17,2020-05-17 0:00,2020,5,17,0:00,0,100.58,78,2.4,-1.1,28,12
NORMANDIN,2020-05-17,2020-05-17 1:00,2020,5,17,1:00,0,100.59,76,3.1,-0.7,29,9
NORMANDIN,2020-05-17,2020-05-17 2:00,2020,5,17,2:00,0,100.62,79,2.6,-0.6,29,12
NORMANDIN,2020-05-17,2020-05-17 3:00,2020,5,17,3:00,0,100.67,82,2,-0.8,29,14
NORMANDIN,2020-05-17,2020-05-17 4:00,2020,5,17,4:00,0,100.71,85,1.3,-0.9,30,13
NORMANDIN,2020-05-17,2020-05-17 5:00,2020,5,17,5:00,0,100.81,85,1.5,-0.7,31,10
NORMANDIN,2020-05-17,2020-05-17 6:00,2020,5,17,6:00,0,100.9,75,3.6,-0.4,32,15
NORMANDIN,2020-05-17,2020-05-17 7:00,2020,5,17,7:00,0,100.94,63,4.4,-2.1,33,18
NORMANDIN,2020-05-17,2020-05-17 8:00,2020,5,17,8:00,0,100.93,51,6.2,-3.3,31,18
NORMANDIN,2020-05-17,2020-05-17 9:00,2020,5,17,9:00,0,100.89,40,7.9,-4.7,32,20
NORMANDIN,2020-05-17,2020-05-17 10:00,2020,5,17,10:00,0,100.87,31,9.6,-6.6,32,18
NORMANDIN,2020-05-17,2020-05-17 11:00,2020,5,17,11:00,0,100.84,28,11.2,-6.4,34,21
NORMANDIN,2020-05-17,2020-05-17 12:00,2020,5,17,12:00,0,100.77,25,12.2,-7.5,35,19
NORMANDIN,2020-05-17,2020-05-17 13:00,2020,5,17,13:00,0,100.75,22,12.6,-8.3,35,20
NORMANDIN,2020-05-17,2020-05-17 14:00,2020,5,17,14:00,0,100.72,20,13.1,-9.6,36,25
NORMANDIN,2020-05-17,2020-05-17 15:00,2020,5,17,15:00,0,100.72,18,13.1,-10.8,33,22
NORMANDIN,2020-05-17,2020-05-17 16:00,2020,5,17,16:00,0,100.73,19,13,-10,32,22
NORMANDIN,2020-05-17,2020-05-17 17:00,2020,5,17,17:00,0,100.76,19,12.2,-11.1,32,22
NORMANDIN,2020-05-17,2020-05-17 18:00,2020,5,17,18:00,0,100.77,21,11,-10.4,33,19
NORMANDIN,2020-05-17,2020-05-17 19:00,2020,5,17,19:00,0,100.81,27,8.9,-9.3,33,16
NORMANDIN,2020-05-17,2020-05-17 20:00,2020,5,17,20:00,0,100.86,34,5.8,-8.8,33,13
NORMANDIN,2020-05-17,2020-05-17 21:00,2020,5,17,21:00,0,100.9,37,4.2,-9.1,33,13
NORMANDIN,2020-05-17,2020-05-17 22:00,2020,5,17,22:00,0,100.91,41,2.9,-8.9,33,14
NORMANDIN,2020-05-17,2020-05-17 23:00,2020,5,17,23:00,0,100.93,44,2.2,-9,32,15
NORMANDIN,2020-05-18,2020-05-18 0:00,2020,5,18,0:00,0,100.93,48,1.2,-8.5,32,15
NORMANDIN,2020-05-18,2020-05-18 1:00,2020,5,18,1:00,0,100.96,49,1,-8.4,32,16
NORMANDIN,2020-05-18,2020-05-18 2:00,2020,5,18,2:00,0,100.97,55,0.1,-7.8,32,13
NORMANDIN,2020-05-18,2020-05-18 3:00,2020,5,18,3:00,0,101.01,60,-0.7,-7.5,32,13
NORMANDIN,2020-05-18,2020-05-18 4:00,2020,5,18,4:00,0,101.01,63,-1,-7.2,32,12
NORMANDIN,2020-05-18,2020-05-18 5:00,2020,5,18,5:00,0,101.08,61,0.1,-6.6,33,14
NORMANDIN,2020-05-18,2020-05-18 6:00,2020,5,18,6:00,0,101.11,53,2.6,-5.9,34,13
NORMANDIN,2020-05-18,2020-05-18 7:00,2020,5,18,7:00,0,101.18,49,4.8,-4.9,36,17
NORMANDIN,2020-05-18,2020-05-18 8:00,2020,5,18,8:00,0,101.17,42,6.6,-5.5,36,20
NORMANDIN,2020-05-18,2020-05-18 9:00,2020,5,18,9:00,0,101.16,36,8.2,-6,33,19
NORMANDIN,2020-05-18,2020-05-18 10:00,2020,5,18,10:00,0,101.13,25,10.1,-8.8,36,20
NORMANDIN,2020-05-18,2020-05-18 11:00,2020,5,18,11:00,0,101.07,24,10.8,-9,1,20
NORMANDIN,2020-05-18,2020-05-18 12:00,2020,5,18,12:00,0,101.02,23,11.6,-9,35,24
NORMANDIN,2020-05-18,2020-05-18 13:00,2020,5,18,13:00,0,100.98,23,12.6,-7.9,35,21
NORMANDIN,2020-05-18,2020-05-18 14:00,2020,5,18,14:00,0,100.96,23,13.4,-7.5,2,27
NORMANDIN,2020-05-18,2020-05-18 15:00,2020,5,18,15:00,0,100.98,23,13.6,-7.1,36,20
NORMANDIN,2020-05-18,2020-05-18 16:00,2020,5,18,16:00,0,101.02,21,13.1,-8.7,3,23
NORMANDIN,2020-05-18,2020-05-18 17:00,2020,5,18,17:00,0,101.09,23,12.5,-8.1,36,21
NORMANDIN,2020-05-18,2020-05-18 18:00,2020,5,18,18:00,0,101.13,27,11.7,-6.7,2,18
NORMANDIN,2020-05-18,2020-05-18 19:00,2020,5,18,19:00,0,101.19,32,9.8,-5.9,2,18
NORMANDIN,2020-05-18,2020-05-18 20:00,2020,5,18,20:00,0,101.25,39,7.2,-6,1,13
NORMANDIN,2020-05-18,2020-05-18 21:00,2020,5,18,21:00,0,101.27,42,5.8,-6.1,35,11
NORMANDIN,2020-05-18,2020-05-18 22:00,2020,5,18,22:00,0,101.29,49,3.9,-5.7,34,11
NORMANDIN,2020-05-18,2020-05-18 23:00,2020,5,18,23:00,0,101.36,52,3.6,-5.3,35,10
NORMANDIN,2020-05-19,2020-05-19 0:00,2020,5,19,0:00,0,101.37,61,1.6,-5.1,34,9
NORMANDIN,2020-05-19,2020-05-19 1:00,2020,5,19,1:00,0,101.41,66,0.6,-5.1,32,9
NORMANDIN,2020-05-19,2020-05-19 2:00,2020,5,19,2:00,0,101.44,67,-0.1,-5.4,30,9
NORMANDIN,2020-05-19,2020-05-19 3:00,2020,5,19,3:00,0,101.5,72,-0.7,-5.1,29,13
NORMANDIN,2020-05-19,2020-05-19 4:00,2020,5,19,4:00,0,101.53,75,-1.1,-5,31,10
NORMANDIN,2020-05-19,2020-05-19 5:00,2020,5,19,5:00,0,101.57,69,0.7,-4.3,30,10
NORMANDIN,2020-05-19,2020-05-19 6:00,2020,5,19,6:00,0,101.6,61,3.6,-3.1,35,8
NORMANDIN,2020-05-19,2020-05-19 7:00,2020,5,19,7:00,0,101.63,50,6.2,-3.3,31,3
NORMANDIN,2020-05-19,2020-05-19 8:00,2020,5,19,8:00,0,101.64,44,8.2,-3.2,21,2
NORMANDIN,2020-05-19,2020-05-19 9:00,2020,5,19,9:00,0,101.63,40,10.5,-2.6,17,4
NORMANDIN,2020-05-19,2020-05-19 10:00,2020,5,19,10:00,0,101.61,36,12.1,-2.5,14,4
NORMANDIN,2020-05-19,2020-05-19 11:00,2020,5,19,11:00,0,101.56,33,12.6,-3.2,4,7
NORMANDIN,2020-05-19,2020-05-19 12:00,2020,5,19,12:00,0,101.5,28,13.9,-4.4,27,4
NORMANDIN,2020-05-19,2020-05-19 13:00,2020,5,19,13:00,0,101.38,29,14.8,-3.2,14,7
NORMANDIN,2020-05-19,2020-05-19 14:00,2020,5,19,14:00,0,101.32,26,16.6,-2.9,3,3
NORMANDIN,2020-05-19,2020-05-19 15:00,2020,5,19,15:00,0,101.27,23,17.1,-4.3,7,4
NORMANDIN,2020-05-19,2020-05-19 16:00,2020,5,19,16:00,0,101.2,22,17.8,-4.3,10,3
NORMANDIN,2020-05-19,2020-05-19 17:00,2020,5,19,17:00,0,101.15,22,18.1,-4.1,6,8
NORMANDIN,2020-05-19,2020-05-19 18:00,2020,5,19,18:00,0,101.15,22,17.5,-4.5,6,9
NORMANDIN,2020-05-19,2020-05-19 19:00,2020,5,19,19:00,0,101.17,27,15.7,-3.5,8,6
NORMANDIN,2020-05-19,2020-05-19 20:00,2020,5,19,20:00,0,101.19,36,12.6,-2,16,2
NORMANDIN,2020-05-19,2020-05-19 21:00,2020,5,19,21:00,0,101.2,59,6.2,-1.3,22,5
NORMANDIN,2020-05-19,2020-05-19 22:00,2020,5,19,22:00,0,101.24,63,5.1,-1.3,4,6
NORMANDIN,2020-05-19,2020-05-19 23:00,2020,5,19,23:00,0,101.25,71,3.1,-1.7,32,5
NORMANDIN,2020-05-20,2020-05-20 0:00,2020,5,20,0:00,0,101.25,70,3.4,-1.5,30,12
NORMANDIN,2020-05-20,2020-05-20 1:00,2020,5,20,1:00,0,101.23,73,2.8,-1.5,31,11
NORMANDIN,2020-05-20,2020-05-20 2:00,2020,5,20,2:00,0,101.21,76,1.5,-2.3,2,8
NORMANDIN,2020-05-20,2020-05-20 3:00,2020,5,20,3:00,0,101.21,81,0.4,-2.4,31,7
NORMANDIN,2020-05-20,2020-05-20 4:00,2020,5,20,4:00,0,101.24,88,-0.7,-2.5,32,10
NORMANDIN,2020-05-20,2020-05-20 5:00,2020,5,20,5:00,0,101.29,85,0.7,-1.5,33,9
NORMANDIN,2020-05-20,2020-05-20 6:00,2020,5,20,6:00,0,101.36,63,5.3,-1.2,32,6
NORMANDIN,2020-05-20,2020-05-20 7:00,2020,5,20,7:00,0,101.34,57,8.8,0.7,5,2
NORMANDIN,2020-05-20,2020-05-20 8:00,2020,5,20,8:00,0,101.29,47,11.8,0.7,10,2
NORMANDIN,2020-05-20,2020-05-20 9:00,2020,5,20,9:00,0,101.24,38,14.3,0.3,13,5
NORMANDIN,2020-05-20,2020-05-20 10:00,2020,5,20,10:00,0,101.15,33,17.4,1.1,12,7
NORMANDIN,2020-05-20,2020-05-20 11:00,2020,5,20,11:00,0,101.08,26,19.8,-0.4,6,5
NORMANDIN,2020-05-20,2020-05-20 12:00,2020,5,20,12:00,0,100.97,27,21.3,1.7,16,9
NORMANDIN,2020-05-20,2020-05-20 13:00,2020,5,20,13:00,0,100.89,23,21.9,0,15,12
NORMANDIN,2020-05-20,2020-05-20 14:00,2020,5,20,14:00,0,100.82,22,22.6,0.1,12,10
NORMANDIN,2020-05-20,2020-05-20 15:00,2020,5,20,15:00,0,100.71,17,24,-2.6,28,13
NORMANDIN,2020-05-20,2020-05-20 16:00,2020,5,20,16:00,0,100.62,18,23.6,-2.2,22,13
NORMANDIN,2020-05-20,2020-05-20 17:00,2020,5,20,17:00,0,100.54,19,23.9,-1.3,25,14
NORMANDIN,2020-05-20,2020-05-20 18:00,2020,5,20,18:00,0,100.49,25,21.2,0.6,15,9
NORMANDIN,2020-05-20,2020-05-20 19:00,2020,5,20,19:00,0,100.46,37,17.1,2.1,14,11
NORMANDIN,2020-05-20,2020-05-20 20:00,2020,5,20,20:00,0,100.46,48,12.7,1.9,35,6
NORMANDIN,2020-05-20,2020-05-20 21:00,2020,5,20,21:00,0,100.48,62,9.9,3.1,31,5
NORMANDIN,2020-05-20,2020-05-20 22:00,2020,5,20,22:00,0,100.42,64,9.3,2.9,28,9
NORMANDIN,2020-05-20,2020-05-20 23:00,2020,5,20,23:00,0,100.39,58,10.7,2.8,26,13
NORMANDIN,2020-05-21,2020-05-21 0:00,2020,5,21,0:00,0,100.38,64,8.3,2,31,9
NORMANDIN,2020-05-21,2020-05-21 1:00,2020,5,21,1:00,0,100.34,61,8.4,1.3,26,11
NORMANDIN,2020-05-21,2020-05-21 2:00,2020,5,21,2:00,0,100.31,61,8.1,1.1,35,4
NORMANDIN,2020-05-21,2020-05-21 3:00,2020,5,21,3:00,0,100.28,58,8.7,0.8,35,3
NORMANDIN,2020-05-21,2020-05-21 4:00,2020,5,21,4:00,0,100.27,66,6.9,0.9,36,3
NORMANDIN,2020-05-21,2020-05-21 5:00,2020,5,21,5:00,0,100.24,68,7.4,1.8,3,1
NORMANDIN,2020-05-21,2020-05-21 6:00,2020,5,21,6:00,0,100.24,59,11.4,3.8,5,6
NORMANDIN,2020-05-21,2020-05-21 7:00,2020,5,21,7:00,0,100.18,35,19.4,3.4,28,14
NORMANDIN,2020-05-21,2020-05-21 8:00,2020,5,21,8:00,0,100.14,30,21.6,3.3,28,25
NORMANDIN,2020-05-21,2020-05-21 9:00,2020,5,21,9:00,0,100.09,27,23.6,3.6,27,24
NORMANDIN,2020-05-21,2020-05-21 10:00,2020,5,21,10:00,0,100.01,24,24.5,2.8,28,33
NORMANDIN,2020-05-21,2020-05-21 11:00,2020,5,21,11:00,0,99.94,23,25.7,2.9,28,32
NORMANDIN,2020-05-21,2020-05-21 12:00,2020,5,21,12:00,0,99.85,22,26.7,3.3,25,36
NORMANDIN,2020-05-21,2020-05-21 13:00,2020,5,21,13:00,0,99.8,20,27.3,2.4,27,37
NORMANDIN,2020-05-21,2020-05-21 14:00,2020,5,21,14:00,0,99.75,21,27.3,3,25,42
NORMANDIN,2020-05-21,2020-05-21 15:00,2020,5,21,15:00,0,99.67,19,27.3,1.6,29,37
NORMANDIN,2020-05-21,2020-05-21 16:00,2020,5,21,16:00,0,99.61,20,26.7,1.8,27,37
NORMANDIN,2020-05-21,2020-05-21 17:00,2020,5,21,17:00,0,99.56,22,26.3,3,26,30
NORMANDIN,2020-05-21,2020-05-21 18:00,2020,5,21,18:00,0,99.54,22,25.7,2.2,27,30
NORMANDIN,2020-05-21,2020-05-21 19:00,2020,5,21,19:00,0,99.53,25,23.4,2.4,26,23
NORMANDIN,2020-05-21,2020-05-21 20:00,2020,5,21,20:00,0,99.52,34,19,2.9,25,18
NORMANDIN,2020-05-21,2020-05-21 21:00,2020,5,21,21:00,0,99.48,33,19.2,2.3,25,22
NORMANDIN,2020-05-21,2020-05-21 22:00,2020,5,21,22:00,0,99.55,36,18.1,2.9,33,14
NORMANDIN,2020-05-21,2020-05-21 23:00,2020,5,21,23:00,0,99.63,57,16,7.4,35,12
NORMANDIN,2020-05-22,2020-05-22 0:00,2020,5,22,0:00,0,99.67,63,14.2,7.2,33,13
NORMANDIN,2020-05-22,2020-05-22 1:00,2020,5,22,1:00,0,99.67,68,12.7,6.8,32,10
NORMANDIN,2020-05-22,2020-05-22 2:00,2020,5,22,2:00,0,99.66,70,12.3,7,36,12
NORMANDIN,2020-05-22,2020-05-22 3:00,2020,5,22,3:00,0,99.73,75,11.5,7.2,34,20
NORMANDIN,2020-05-22,2020-05-22 4:00,2020,5,22,4:00,0,99.81,41,10.5,-2.2,34,22
NORMANDIN,2020-05-22,2020-05-22 5:00,2020,5,22,5:00,0,99.91,42,9.8,-2.6,33,15
NORMANDIN,2020-05-22,2020-05-22 6:00,2020,5,22,6:00,0,99.95,43,9.2,-2.7,32,14
NORMANDIN,2020-05-22,2020-05-22 7:00,2020,5,22,7:00,0,99.98,40,9.9,-3.2,33,17
NORMANDIN,2020-05-22,2020-05-22 8:00,2020,5,22,8:00,0,100.03,30,10.4,-6.5,33,19
NORMANDIN,2020-05-22,2020-05-22 9:00,2020,5,22,9:00,0,100.03,24,12.7,-7.4,33,17
NORMANDIN,2020-05-22,2020-05-22 10:00,2020,5,22,10:00,0,99.99,20,14.9,-7.6,32,19
NORMANDIN,2020-05-22,2020-05-22 11:00,2020,5,22,11:00,0,99.91,18,16.7,-8,34,17
NORMANDIN,2020-05-22,2020-05-22 12:00,2020,5,22,12:00,0,99.87,17,17.4,-7.8,32,24
NORMANDIN,2020-05-22,2020-05-22 13:00,2020,5,22,13:00,0,99.82,16,18.1,-8.2,33,21
NORMANDIN,2020-05-22,2020-05-22 14:00,2020,5,22,14:00,0,99.79,16,19.1,-7.6,33,21
NORMANDIN,2020-05-22,2020-05-22 15:00,2020,5,22,15:00,0,99.78,17,19.4,-6.5,33,22
NORMANDIN,2020-05-22,2020-05-22 16:00,2020,5,22,16:00,0,99.78,15,19.1,-8.5,32,26
NORMANDIN,2020-05-22,2020-05-22 17:00,2020,5,22,17:00,0,99.81,15,18.4,-8.3,31,28
NORMANDIN,2020-05-22,2020-05-22 18:00,2020,5,22,18:00,0,99.84,16,17.3,-8.6,33,20
NORMANDIN,2020-05-22,2020-05-22 19:00,2020,5,22,19:00,0,99.9,18,15.3,-8.8,34,18
NORMANDIN,2020-05-22,2020-05-22 20:00,2020,5,22,20:00,0,99.98,24,12.6,-7.2,35,12
NORMANDIN,2020-05-22,2020-05-22 21:00,2020,5,22,21:00,0,100.08,27,10.6,-7.7,36,16
NORMANDIN,2020-05-22,2020-05-22 22:00,2020,5,22,22:00,0,100.17,30,8.8,-7.8,36,14
NORMANDIN,2020-05-22,2020-05-22 23:00,2020,5,22,23:00,0,100.27,42,7.3,-4.9,36,12
NORMANDIN,2020-05-23,2020-05-23 0:00,2020,5,23,0:00,0,100.35,49,6,-4,1,9
NORMANDIN,2020-05-23,2020-05-23 1:00,2020,5,23,1:00,0,100.46,56,4.1,-3.9,34,8
NORMANDIN,2020-05-23,2020-05-23 2:00,2020,5,23,2:00,0,100.56,59,3.5,-3.7,4,13
NORMANDIN,2020-05-23,2020-05-23 3:00,2020,5,23,3:00,0,100.65,63,1.8,-4.5,2,8
NORMANDIN,2020-05-23,2020-05-23 4:00,2020,5,23,4:00,0,100.7,64,0.9,-5.2,1,8
NORMANDIN,2020-05-23,2020-05-23 5:00,2020,5,23,5:00,0,100.74,61,1.7,-5,1,10
NORMANDIN,2020-05-23,2020-05-23 6:00,2020,5,23,6:00,0,100.79,54,3.4,-5,3,15
NORMANDIN,2020-05-23,2020-05-23 7:00,2020,5,23,7:00,0,100.83,45,5,-5.8,7,19
NORMANDIN,2020-05-23,2020-05-23 8:00,2020,5,23,8:00,0,100.87,40,6.8,-5.9,10,13
NORMANDIN,2020-05-23,2020-05-23 9:00,2020,5,23,9:00,0,100.86,38,7.9,-5.5,7,10
NORMANDIN,2020-05-23,2020-05-23 10:00,2020,5,23,10:00,0,100.85,35,9.1,-5.4,11,9
NORMANDIN,2020-05-23,2020-05-23 11:00,2020,5,23,11:00,0,100.83,33,10.5,-5.1,16,6
NORMANDIN,2020-05-23,2020-05-23 12:00,2020,5,23,12:00,0,100.77,29,11.7,-5.9,15,7
NORMANDIN,2020-05-23,2020-05-23 13:00,2020,5,23,13:00,0,100.74,29,12.5,-5.2,18,8
NORMANDIN,2020-05-23,2020-05-23 14:00,2020,5,23,14:00,0,100.68,27,14,-4.5,25,5
NORMANDIN,2020-05-23,2020-05-23 15:00,2020,5,23,15:00,0,100.64,25,14.5,-5.2,13,7
NORMANDIN,2020-05-23,2020-05-23 16:00,2020,5,23,16:00,0,100.6,27,14.9,-4,20,8
NORMANDIN,2020-05-23,2020-05-23 17:00,2020,5,23,17:00,0,100.54,26,15,-4.4,13,8
NORMANDIN,2020-05-23,2020-05-23 18:00,2020,5,23,18:00,0,100.54,26,14.7,-4.5,15,10
NORMANDIN,2020-05-23,2020-05-23 19:00,2020,5,23,19:00,0,100.54,29,13,-4.6,14,7
NORMANDIN,2020-05-23,2020-05-23 20:00,2020,5,23,20:00,0,100.53,39,9.4,-3.8,18,1
NORMANDIN,2020-05-23,2020-05-23 21:00,2020,5,23,21:00,0,100.51,62,3.8,-2.7,23,4
NORMANDIN,2020-05-23,2020-05-23 22:00,2020,5,23,22:00,0,100.51,68,2.9,-2.4,30,5
NORMANDIN,2020-05-23,2020-05-23 23:00,2020,5,23,23:00,0,100.51,73,2.2,-2.2,33,6
NORMANDIN,2020-05-24,2020-05-24 0:00,2020,5,24,0:00,0,100.49,77,1.1,-2.5,34,7
NORMANDIN,2020-05-24,2020-05-24 1:00,2020,5,24,1:00,0,100.5,81,0.2,-2.7,35,5
NORMANDIN,2020-05-24,2020-05-24 2:00,2020,5,24,2:00,0,100.51,80,-0.1,-3.1,2,4
NORMANDIN,2020-05-24,2020-05-24 3:00,2020,5,24,3:00,0,100.49,83,-0.6,-3.1,35,5
NORMANDIN,2020-05-24,2020-05-24 4:00,2020,5,24,4:00,0,100.49,85,-0.5,-2.7,36,4
NORMANDIN,2020-05-24,2020-05-24 5:00,2020,5,24,5:00,0,100.51,71,2.5,-2.2,4,5
NORMANDIN,2020-05-24,2020-05-24 6:00,2020,5,24,6:00,0,100.53,62,5.4,-1.3,6,3
NORMANDIN,2020-05-24,2020-05-24 7:00,2020,5,24,7:00,0,100.54,58,8.5,0.6,13,10
NORMANDIN,2020-05-24,2020-05-24 8:00,2020,5,24,8:00,0,100.47,39,12.2,-1.4,14,19
NORMANDIN,2020-05-24,2020-05-24 9:00,2020,5,24,9:00,0,100.42,34,14.9,-1,12,14
NORMANDIN,2020-05-24,2020-05-24 10:00,2020,5,24,10:00,0,100.34,31,16.8,-0.3,12,15
NORMANDIN,2020-05-24,2020-05-24 11:00,2020,5,24,11:00,0,100.27,29,19.2,0.9,14,17
NORMANDIN,2020-05-24,2020-05-24 12:00,2020,5,24,12:00,0,100.15,29,21.3,2.5,13,19
NORMANDIN,2020-05-24,2020-05-24 13:00,2020,5,24,13:00,0,100.05,25,24.1,3.1,12,20
NORMANDIN,2020-05-24,2020-05-24 14:00,2020,5,24,14:00,0,99.97,21,25,1.1,13,20
NORMANDIN,2020-05-24,2020-05-24 15:00,2020,5,24,15:00,0,99.9,20,26.2,1.8,14,21
NORMANDIN,2020-05-24,2020-05-24 16:00,2020,5,24,16:00,0,99.86,21,26.1,1.8,14,21
NORMANDIN,2020-05-24,2020-05-24 17:00,2020,5,24,17:00,0,99.78,21,26.3,2.5,14,21
NORMANDIN,2020-05-24,2020-05-24 18:00,2020,5,24,18:00,0,99.76,25,25.3,4.2,13,16
NORMANDIN,2020-05-24,2020-05-24 19:00,2020,5,24,19:00,0,99.76,34,22.7,6.1,13,13
NORMANDIN,2020-05-24,2020-05-24 20:00,2020,5,24,20:00,0,99.79,30,22.3,4,19,18
NORMANDIN,2020-05-24,2020-05-24 21:00,2020,5,24,21:00,0,99.81,34,19.9,3.8,18,16
NORMANDIN,2020-05-24,2020-05-24 22:00,2020,5,24,22:00,0,99.81,36,18.2,3,18,8
NORMANDIN,2020-05-24,2020-05-24 23:00,2020,5,24,23:00,0,99.82,39,17.3,3.1,14,5
NORMANDIN,2020-05-25,2020-05-25 0:00,2020,5,25,0:00,0,99.79,36,18,2.6,15,8
NORMANDIN,2020-05-25,2020-05-25 1:00,2020,5,25,1:00,0,99.79,55,13.2,4.5,7,7
NORMANDIN,2020-05-25,2020-05-25 2:00,2020,5,25,2:00,0,99.78,61,12.4,5.1,7,8
NORMANDIN,2020-05-25,2020-05-25 3:00,2020,5,25,3:00,0,99.78,58,13.5,5.4,10,4
NORMANDIN,2020-05-25,2020-05-25 4:00,2020,5,25,4:00,0,99.8,65,13.3,6.9,8,6
NORMANDIN,2020-05-25,2020-05-25 5:00,2020,5,25,5:00,0,99.81,67,13.3,7.4,7,7
NORMANDIN,2020-05-25,2020-05-25 6:00,2020,5,25,6:00,0,99.85,64,14.4,7.7,8,4
NORMANDIN,2020-05-25,2020-05-25 7:00,2020,5,25,7:00,0,99.83,56,16.6,7.7,13,9
NORMANDIN,2020-05-25,2020-05-25 8:00,2020,5,25,8:00,0,99.88,68,16.5,10.6,14,7
NORMANDIN,2020-05-25,2020-05-25 9:00,2020,5,25,9:00,0,99.83,71,16.4,11.1,12,8
NORMANDIN,2020-05-25,2020-05-25 10:00,2020,5,25,10:00,0,99.82,74,17,12.4,12,8
NORMANDIN,2020-05-25,2020-05-25 11:00,2020,5,25,11:00,0,99.79,68,17,11.1,13,13
NORMANDIN,2020-05-25,2020-05-25 12:00,2020,5,25,12:00,0,99.77,75,16.5,12.1,15,10
NORMANDIN,2020-05-25,2020-05-25 13:00,2020,5,25,13:00,0,99.77,78,16.6,12.8,20,7
NORMANDIN,2020-05-25,2020-05-25 14:00,2020,5,25,14:00,0,99.74,78,18.3,14.4,21,18
NORMANDIN,2020-05-25,2020-05-25 15:00,2020,5,25,15:00,0,99.71,76,18.5,14.3,23,23
NORMANDIN,2020-05-25,2020-05-25 16:00,2020,5,25,16:00,0,99.69,75,19,14.5,23,19
NORMANDIN,2020-05-25,2020-05-25 17:00,2020,5,25,17:00,0,99.7,78,19,15.1,23,17
NORMANDIN,2020-05-25,2020-05-25 18:00,2020,5,25,18:00,0,99.69,79,18.8,15.1,20,15
NORMANDIN,2020-05-25,2020-05-25 19:00,2020,5,25,19:00,0,99.72,82,18.6,15.4,20,11
NORMANDIN,2020-05-25,2020-05-25 20:00,2020,5,25,20:00,0,99.73,84,18,15.2,20,11
NORMANDIN,2020-05-25,2020-05-25 21:00,2020,5,25,21:00,0,99.73,90,15.6,14,18,8
NORMANDIN,2020-05-25,2020-05-25 22:00,2020,5,25,22:00,0,99.72,93,15.4,14.3,15,7
NORMANDIN,2020-05-25,2020-05-25 23:00,2020,5,25,23:00,0,99.76,95,14.4,13.5,15,4
NORMANDIN,2020-05-26,2020-05-26 0:00,2020,5,26,0:00,0,99.77,96,14.1,13.4,2,2
NORMANDIN,2020-05-26,2020-05-26 1:00,2020,5,26,1:00,0,99.84,99,15.1,14.9,31,7
NORMANDIN,2020-05-26,2020-05-26 2:00,2020,5,26,2:00,0,99.77,98,16,15.7,21,11
NORMANDIN,2020-05-26,2020-05-26 3:00,2020,5,26,3:00,0,99.77,99,15.4,15.2,15,8
NORMANDIN,2020-05-26,2020-05-26 4:00,2020,5,26,4:00,0,99.78,98,15,14.8,14,9
NORMANDIN,2020-05-26,2020-05-26 5:00,2020,5,26,5:00,0,99.81,99,15.3,15.2,16,10
NORMANDIN,2020-05-26,2020-05-26 6:00,2020,5,26,6:00,0,99.94,99,15.7,15.6,2,4
NORMANDIN,2020-05-26,2020-05-26 7:00,2020,5,26,7:00,0,99.95,99,16.8,16.7,13,4
NORMANDIN,2020-05-26,2020-05-26 8:00,2020,5,26,8:00,0.8,99.95,96,17.9,17.3,10,6
NORMANDIN,2020-05-26,2020-05-26 9:00,2020,5,26,9:00,0,99.95,92,19.3,18,13,6
NORMANDIN,2020-05-26,2020-05-26 10:00,2020,5,26,10:00,0,100,83,20.8,17.8,30,5
NORMANDIN,2020-05-26,2020-05-26 11:00,2020,5,26,11:00,0,100.04,83,21.2,18.2,34,10
NORMANDIN,2020-05-26,2020-05-26 12:00,2020,5,26,12:00,0,100.05,80,21.5,17.8,33,11
NORMANDIN,2020-05-26,2020-05-26 13:00,2020,5,26,13:00,0,100.04,78,22,17.9,34,13
NORMANDIN,2020-05-26,2020-05-26 14:00,2020,5,26,14:00,0,100.06,78,21.4,17.4,34,13
NORMANDIN,2020-05-26,2020-05-26 15:00,2020,5,26,15:00,0,100.08,79,20.9,17.1,35,10
NORMANDIN,2020-05-26,2020-05-26 16:00,2020,5,26,16:00,0,100.09,85,20.5,17.8,33,6
NORMANDIN,2020-05-26,2020-05-26 17:00,2020,5,26,17:00,0,100.08,89,20.1,18.2,34,8
NORMANDIN,2020-05-26,2020-05-26 18:00,2020,5,26,18:00,0,100.11,92,19.7,18.2,34,2
NORMANDIN,2020-05-26,2020-05-26 19:00,2020,5,26,19:00,0,100.14,87,19.3,17.2,35,5
NORMANDIN,2020-05-26,2020-05-26 20:00,2020,5,26,20:00,0,100.13,94,18.3,17.3,0,0
NORMANDIN,2020-05-26,2020-05-26 21:00,2020,5,26,21:00,0,100.18,94,17.9,17,0,1
NORMANDIN,2020-05-26,2020-05-26 22:00,2020,5,26,22:00,0,100.17,96,17.6,17,35,5
NORMANDIN,2020-05-26,2020-05-26 23:00,2020,5,26,23:00,0,100.13,97,16.8,16.3,30,5
NORMANDIN,2020-05-27,2020-05-27 0:00,2020,5,27,0:00,0,100.14,95,16.8,16,33,6
NORMANDIN,2020-05-27,2020-05-27 1:00,2020,5,27,1:00,0,100.14,95,16.2,15.5,33,6
NORMANDIN,2020-05-27,2020-05-27 2:00,2020,5,27,2:00,0,100.12,88,15.5,13.6,2,7
NORMANDIN,2020-05-27,2020-05-27 3:00,2020,5,27,3:00,0,100.1,88,15,13,32,0
NORMANDIN,2020-05-27,2020-05-27 4:00,2020,5,27,4:00,0,100.11,90,14.6,13,32,4
NORMANDIN,2020-05-27,2020-05-27 5:00,2020,5,27,5:00,0,100.1,92,14.7,13.3,31,3
NORMANDIN,2020-05-27,2020-05-27 6:00,2020,5,27,6:00,0,100.09,86,15.6,13.3,0,0
NORMANDIN,2020-05-27,2020-05-27 7:00,2020,5,27,7:00,0,100.07,85,17.4,14.9,0,1
NORMANDIN,2020-05-27,2020-05-27 8:00,2020,5,27,8:00,0,100.05,88,18.3,16.3,14,3
NORMANDIN,2020-05-27,2020-05-27 9:00,2020,5,27,9:00,0,99.98,93,19.2,18,13,10
NORMANDIN,2020-05-27,2020-05-27 10:00,2020,5,27,10:00,0,99.93,84,21.1,18.3,10,8
NORMANDIN,2020-05-27,2020-05-27 11:00,2020,5,27,11:00,0,99.85,80,23.6,20,12,12
NORMANDIN,2020-05-27,2020-05-27 12:00,2020,5,27,12:00,0,99.74,75,25.6,20.9,14,13
NORMANDIN,2020-05-27,2020-05-27 13:00,2020,5,27,13:00,0,99.65,70,27.5,21.6,14,16
NORMANDIN,2020-05-27,2020-05-27 14:00,2020,5,27,14:00,0,99.6,76,25.9,21.4,15,19
NORMANDIN,2020-05-27,2020-05-27 15:00,2020,5,27,15:00,0,99.54,58,29.6,20.4,20,22
NORMANDIN,2020-05-27,2020-05-27 16:00,2020,5,27,16:00,0,99.53,58,28,19,19,25
NORMANDIN,2020-05-27,2020-05-27 17:00,2020,5,27,17:00,0,99.49,62,26.6,18.8,20,28
NORMANDIN,2020-05-27,2020-05-27 18:00,2020,5,27,18:00,0,99.49,75,23.8,19,24,28
NORMANDIN,2020-05-27,2020-05-27 19:00,2020,5,27,19:00,0,99.44,76,23.7,19.2,22,17
NORMANDIN,2020-05-27,2020-05-27 20:00,2020,5,27,20:00,0,99.55,71,23.9,18.2,26,2
NORMANDIN,2020-05-27,2020-05-27 21:00,2020,5,27,21:00,0,99.57,80,21.6,18,18,4
NORMANDIN,2020-05-27,2020-05-27 22:00,2020,5,27,22:00,0,99.54,86,20.4,17.9,19,4
NORMANDIN,2020-05-27,2020-05-27 23:00,2020,5,27,23:00,0,99.52,91,19.1,17.6,12,4
NORMANDIN,2020-05-28,2020-05-28 0:00,2020,5,28,0:00,0,99.59,89,20,18.1,32,17
NORMANDIN,2020-05-28,2020-05-28 1:00,2020,5,28,1:00,0,99.54,89,20.6,18.7,36,10
NORMANDIN,2020-05-28,2020-05-28 2:00,2020,5,28,2:00,0,99.54,94,18.5,17.6,26,5
NORMANDIN,2020-05-28,2020-05-28 3:00,2020,5,28,3:00,0,99.55,96,17.3,16.7,25,4
NORMANDIN,2020-05-28,2020-05-28 4:00,2020,5,28,4:00,0,99.54,100,16.5,16.5,17,1
NORMANDIN,2020-05-28,2020-05-28 5:00,2020,5,28,5:00,0,99.56,100,17.4,17.4,1,7
NORMANDIN,2020-05-28,2020-05-28 6:00,2020,5,28,6:00,0,99.57,96,19.2,18.5,36,4
NORMANDIN,2020-05-28,2020-05-28 7:00,2020,5,28,7:00,0,99.56,90,21.3,19.6,14,8
NORMANDIN,2020-05-28,2020-05-28 8:00,2020,5,28,8:00,0,99.52,84,22.9,20.1,14,8
NORMANDIN,2020-05-28,2020-05-28 9:00,2020,5,28,9:00,0,99.47,77,25.4,21.1,16,6
NORMANDIN,2020-05-28,2020-05-28 10:00,2020,5,28,10:00,0,99.41,64,27.9,20.5,13,6
NORMANDIN,2020-05-28,2020-05-28 11:00,2020,5,28,11:00,0,99.34,57,29.3,20.1,14,7
NORMANDIN,2020-05-28,2020-05-28 12:00,2020,5,28,12:00,0,99.29,49,30.1,18.4,22,20
NORMANDIN,2020-05-28,2020-05-28 13:00,2020,5,28,13:00,0,99.2,44,30.1,16.5,24,24
NORMANDIN,2020-05-28,2020-05-28 14:00,2020,5,28,14:00,0,99.09,46,30.8,17.8,23,21
NORMANDIN,2020-05-28,2020-05-28 15:00,2020,5,28,15:00,0,99.04,44,30,16.4,22,21
NORMANDIN,2020-05-28,2020-05-28 16:00,2020,5,28,16:00,0,99,39,31.3,15.8,21,26
NORMANDIN,2020-05-28,2020-05-28 17:00,2020,5,28,17:00,0,98.95,42,30.7,16.4,21,22
NORMANDIN,2020-05-28,2020-05-28 18:00,2020,5,28,18:00,0,98.92,51,27.7,16.5,21,17
NORMANDIN,2020-05-28,2020-05-28 19:00,2020,5,28,19:00,0,98.92,48,26.9,14.9,22,18
NORMANDIN,2020-05-28,2020-05-28 20:00,2020,5,28,20:00,0,98.94,56,25.5,16.1,21,20
NORMANDIN,2020-05-28,2020-05-28 21:00,2020,5,28,21:00,0,98.92,60,24.5,16.2,19,14
NORMANDIN,2020-05-28,2020-05-28 22:00,2020,5,28,22:00,0,98.9,61,24.3,16.3,20,19
NORMANDIN,2020-05-28,2020-05-28 23:00,2020,5,28,23:00,0,98.88,64,23.5,16.2,21,16
NORMANDIN,2020-05-29,2020-05-29 0:00,2020,5,29,0:00,0,98.83,67,22.9,16.4,22,15
NORMANDIN,2020-05-29,2020-05-29 1:00,2020,5,29,1:00,0,98.79,75,21.9,17.2,18,11
NORMANDIN,2020-05-29,2020-05-29 2:00,2020,5,29,2:00,0,98.72,95,19.4,18.6,17,8
NORMANDIN,2020-05-29,2020-05-29 3:00,2020,5,29,3:00,0.7,98.59,98,19.2,18.8,13,12
NORMANDIN,2020-05-29,2020-05-29 4:00,2020,5,29,4:00,0,98.49,98,19.1,18.8,13,11
NORMANDIN,2020-05-29,2020-05-29 5:00,2020,5,29,5:00,0,98.57,96,19,18.3,30,14
NORMANDIN,2020-05-29,2020-05-29 6:00,2020,5,29,6:00,0,98.62,92,19.3,18,27,11
NORMANDIN,2020-05-29,2020-05-29 7:00,2020,5,29,7:00,0,98.63,90,20.1,18.4,16,9
NORMANDIN,2020-05-29,2020-05-29 8:00,2020,5,29,8:00,0,98.64,86,21.4,18.9,20,19
NORMANDIN,2020-05-29,2020-05-29 9:00,2020,5,29,9:00,0,98.61,77,22.7,18.5,21,22
NORMANDIN,2020-05-29,2020-05-29 10:00,2020,5,29,10:00,0,98.56,73,23.8,18.8,22,27
NORMANDIN,2020-05-29,2020-05-29 11:00,2020,5,29,11:00,0,98.5,68,24.6,18.4,22,41
NORMANDIN,2020-05-29,2020-05-29 12:00,2020,5,29,12:00,0,98.49,67,24.8,18.3,22,33
NORMANDIN,2020-05-29,2020-05-29 13:00,2020,5,29,13:00,0,98.44,72,23.9,18.6,21,25
NORMANDIN,2020-05-29,2020-05-29 14:00,2020,5,29,14:00,0,98.36,65,25.6,18.6,21,33
NORMANDIN,2020-05-29,2020-05-29 15:00,2020,5,29,15:00,0,98.4,89,21.3,19.4,28,20
NORMANDIN,2020-05-29,2020-05-29 16:00,2020,5,29,16:00,0,98.47,85,20.7,18.1,30,18
NORMANDIN,2020-05-29,2020-05-29 17:00,2020,5,29,17:00,0,98.53,85,19.6,16.9,30,25
NORMANDIN,2020-05-29,2020-05-29 18:00,2020,5,29,18:00,0,98.62,86,18.4,16,31,20
NORMANDIN,2020-05-29,2020-05-29 19:00,2020,5,29,19:00,0,98.62,91,16.1,14.7,32,18
NORMANDIN,2020-05-29,2020-05-29 20:00,2020,5,29,20:00,0,98.66,93,15.1,14,31,17
NORMANDIN,2020-05-29,2020-05-29 21:00,2020,5,29,21:00,0,98.61,94,14,13.1,32,19
NORMANDIN,2020-05-29,2020-05-29 22:00,2020,5,29,22:00,0,98.62,94,13.2,12.3,32,19
NORMANDIN,2020-05-29,2020-05-29 23:00,2020,5,29,23:00,0,98.65,94,12.1,11.1,33,21
NORMANDIN,2020-05-30,2020-05-30 0:00,2020,5,30,0:00,0,98.58,94,11.8,10.8,32,19
NORMANDIN,2020-05-30,2020-05-30 1:00,2020,5,30,1:00,0,98.57,92,11.4,10.2,32,19
NORMANDIN,2020-05-30,2020-05-30 2:00,2020,5,30,2:00,0,98.56,92,10.9,9.6,32,18
NORMANDIN,2020-05-30,2020-05-30 3:00,2020,5,30,3:00,0,98.62,91,10.5,9.2,31,26
NORMANDIN,2020-05-30,2020-05-30 4:00,2020,5,30,4:00,0,98.75,93,9.6,8.6,31,23
NORMANDIN,2020-05-30,2020-05-30 5:00,2020,5,30,5:00,0,98.82,94,8.8,7.9,30,19
NORMANDIN,2020-05-30,2020-05-30 6:00,2020,5,30,6:00,0,98.92,91,8.2,6.8,30,31
NORMANDIN,2020-05-30,2020-05-30 7:00,2020,5,30,7:00,0,98.99,89,8,6.3,30,24
NORMANDIN,2020-05-30,2020-05-30 8:00,2020,5,30,8:00,0,99.04,87,8.7,6.6,30,19
NORMANDIN,2020-05-30,2020-05-30 9:00,2020,5,30,9:00,0,99.08,85,9.1,6.8,30,28
NORMANDIN,2020-05-30,2020-05-30 10:00,2020,5,30,10:00,0,99.09,81,9.8,6.7,31,23
NORMANDIN,2020-05-30,2020-05-30 11:00,2020,5,30,11:00,0,99.12,78,9.7,6,29,27
NORMANDIN,2020-05-30,2020-05-30 12:00,2020,5,30,12:00,0,99.13,73,11,6.4,31,23
NORMANDIN,2020-05-30,2020-05-30 13:00,2020,5,30,13:00,0,99.15,67,11.7,5.7,31,22
NORMANDIN,2020-05-30,2020-05-30 14:00,2020,5,30,14:00,0,99.17,65,11.8,5.4,30,20
NORMANDIN,2020-05-30,2020-05-30 15:00,2020,5,30,15:00,0,99.22,72,10.7,5.8,32,23
NORMANDIN,2020-05-30,2020-05-30 16:00,2020,5,30,16:00,0,99.28,76,9.4,5.4,31,23
NORMANDIN,2020-05-30,2020-05-30 17:00,2020,5,30,17:00,0,99.33,78,8.4,4.9,31,24
NORMANDIN,2020-05-30,2020-05-30 18:00,2020,5,30,18:00,0,99.38,85,7.3,4.9,30,20
NORMANDIN,2020-05-30,2020-05-30 19:00,2020,5,30,19:00,0,99.41,89,6.3,4.6,30,17
NORMANDIN,2020-05-30,2020-05-30 20:00,2020,5,30,20:00,0,99.43,86,5.9,3.8,31,19
NORMANDIN,2020-05-30,2020-05-30 21:00,2020,5,30,21:00,0,99.46,85,5.8,3.5,31,13
NORMANDIN,2020-05-30,2020-05-30 22:00,2020,5,30,22:00,0,99.49,78,5.3,1.9,31,20
NORMANDIN,2020-05-30,2020-05-30 23:00,2020,5,30,23:00,0,99.5,75,5.1,1,32,17
NORMANDIN,2020-05-31,2020-05-31 0:00,2020,5,31,0:00,0,99.53,74,4.5,0.2,32,22
NORMANDIN,2020-05-31,2020-05-31 1:00,2020,5,31,1:00,0,99.59,73,3.7,-0.6,32,25
NORMANDIN,2020-05-31,2020-05-31 2:00,2020,5,31,2:00,0,99.62,71,3,-1.8,31,18
NORMANDIN,2020-05-31,2020-05-31 3:00,2020,5,31,3:00,0,99.63,67,2.6,-3,31,23
NORMANDIN,2020-05-31,2020-05-31 4:00,2020,5,31,4:00,0,99.68,64,2.3,-3.8,32,19
NORMANDIN,2020-05-31,2020-05-31 5:00,2020,5,31,5:00,0,99.74,65,2.4,-3.5,33,20
NORMANDIN,2020-05-31,2020-05-31 6:00,2020,5,31,6:00,0,99.82,65,2,-4,30,24
NORMANDIN,2020-05-31,2020-05-31 7:00,2020,5,31,7:00,0,99.86,60,2.3,-4.7,32,29
NORMANDIN,2020-05-31,2020-05-31 8:00,2020,5,31,8:00,0,99.88,56,3.4,-4.5,34,19
NORMANDIN,2020-05-31,2020-05-31 9:00,2020,5,31,9:00,0,99.87,56,4.7,-3.3,33,25
NORMANDIN,2020-05-31,2020-05-31 10:00,2020,5,31,10:00,0,99.85,56,4.8,-3.2,33,22
NORMANDIN,2020-05-31,2020-05-31 11:00,2020,5,31,11:00,0,99.87,53,4.8,-4,33,23
NORMANDIN,2020-05-31,2020-05-31 12:00,2020,5,31,12:00,0,99.87,53,5.7,-3.2,33,20
NORMANDIN,2020-05-31,2020-05-31 13:00,2020,5,31,13:00,0,99.87,52,6.2,-3,31,18
NORMANDIN,2020-05-31,2020-05-31 14:00,2020,5,31,14:00,0,99.89,54,6.3,-2.4,33,15
NORMANDIN,2020-05-31,2020-05-31 15:00,2020,5,31,15:00,0,99.89,59,6.5,-1,31,10
NORMANDIN,2020-05-31,2020-05-31 16:00,2020,5,31,16:00,0,99.85,49,8,-2,32,17
NORMANDIN,2020-05-31,2020-05-31 17:00,2020,5,31,17:00,0,99.83,44,8.2,-3.3,33,12
NORMANDIN,2020-05-31,2020-05-31 18:00,2020,5,31,18:00,0,99.85,44,8.6,-3,32,15
NORMANDIN,2020-05-31,2020-05-31 19:00,2020,5,31,19:00,0,99.91,59,7,-0.4,31,23
NORMANDIN,2020-05-31,2020-05-31 20:00,2020,5,31,20:00,0,99.96,81,4.4,1.4,30,8
NORMANDIN,2020-05-31,2020-05-31 21:00,2020,5,31,21:00,0,99.99,86,4.6,2.4,29,8
NORMANDIN,2020-05-31,2020-05-31 22:00,2020,5,31,22:00,0,100,74,4.3,0.2,31,14
NORMANDIN,2020-05-31,2020-05-31 23:00,2020,5,31,23:00,0,100.01,73,2.5,-1.8,30,11
NORMANDIN,2020-06-01,2020-06-01 0:00,2020,6,1,0:00,0,100,76,1.6,-2.1,29,14
NORMANDIN,2020-06-01,2020-06-01 1:00,2020,6,1,1:00,0,100.01,69,2.4,-2.7,31,13
NORMANDIN,2020-06-01,2020-06-01 2:00,2020,6,1,2:00,0,100,68,1.7,-3.5,35,7
NORMANDIN,2020-06-01,2020-06-01 3:00,2020,6,1,3:00,0,100.03,79,1.4,-1.8,28,11
NORMANDIN,2020-06-01,2020-06-01 4:00,2020,6,1,4:00,0,100.06,79,2.1,-1,27,7
NORMANDIN,2020-06-01,2020-06-01 5:00,2020,6,1,5:00,0,100.1,80,2.3,-0.7,27,7
NORMANDIN,2020-06-01,2020-06-01 6:00,2020,6,1,6:00,0,100.1,75,3.6,-0.4,28,7
NORMANDIN,2020-06-01,2020-06-01 7:00,2020,6,1,7:00,0,100.12,67,4.9,-0.7,29,10
NORMANDIN,2020-06-01,2020-06-01 8:00,2020,6,1,8:00,0,100.09,61,5.9,-1,31,11
NORMANDIN,2020-06-01,2020-06-01 9:00,2020,6,1,9:00,0,100.06,56,6.6,-1.5,31,11
NORMANDIN,2020-06-01,2020-06-01 10:00,2020,6,1,10:00,0,100.02,52,7.2,-2.1,30,11
NORMANDIN,2020-06-01,2020-06-01 11:00,2020,6,1,11:00,0,100,48,8.5,-1.9,30,5
NORMANDIN,2020-06-01,2020-06-01 12:00,2020,6,1,12:00,0,99.98,52,8.7,-0.6,31,11
NORMANDIN,2020-06-01,2020-06-01 13:00,2020,6,1,13:00,0,99.94,45,10.1,-1.2,36,6
NORMANDIN,2020-06-01,2020-06-01 14:00,2020,6,1,14:00,0,99.9,39,11.2,-2.4,29,10
NORMANDIN,2020-06-01,2020-06-01 15:00,2020,6,1,15:00,0,99.88,43,10.7,-1.2,6,9
NORMANDIN,2020-06-01,2020-06-01 16:00,2020,6,1,16:00,0,99.87,40,11.8,-1.3,35,12
NORMANDIN,2020-06-01,2020-06-01 17:00,2020,6,1,17:00,0,99.86,43,11.2,-0.9,2,13
NORMANDIN,2020-06-01,2020-06-01 18:00,2020,6,1,18:00,0,99.88,42,11.1,-1.4,1,8
NORMANDIN,2020-06-01,2020-06-01 19:00,2020,6,1,19:00,0,99.93,50,9.1,-0.7,3,8
NORMANDIN,2020-06-01,2020-06-01 20:00,2020,6,1,20:00,0,99.95,59,7.5,0,8,3
NORMANDIN,2020-06-01,2020-06-01 21:00,2020,6,1,21:00,0,99.98,70,5.6,0.6,8,1
NORMANDIN,2020-06-01,2020-06-01 22:00,2020,6,1,22:00,0,99.97,85,2.3,0.1,34,6
NORMANDIN,2020-06-01,2020-06-01 23:00,2020,6,1,23:00,0,99.93,91,1.3,0,33,7
NORMANDIN,2020-06-02,2020-06-02 0:00,2020,6,2,0:00,0,99.88,88,1.1,-0.7,6,2
NORMANDIN,2020-06-02,2020-06-02 1:00,2020,6,2,1:00,0,99.91,92,-0.2,-1.4,33,7
NORMANDIN,2020-06-02,2020-06-02 2:00,2020,6,2,2:00,0,99.92,91,0.5,-0.8,32,8
NORMANDIN,2020-06-02,2020-06-02 3:00,2020,6,2,3:00,0,99.94,90,0.5,-1,33,9
NORMANDIN,2020-06-02,2020-06-02 4:00,2020,6,2,4:00,0,99.93,92,-0.1,-1.2,35,4
NORMANDIN,2020-06-02,2020-06-02 5:00,2020,6,2,5:00,0,99.93,92,0.4,-0.8,31,7
NORMANDIN,2020-06-02,2020-06-02 6:00,2020,6,2,6:00,0,99.9,75,4.3,0.3,3,2
NORMANDIN,2020-06-02,2020-06-02 7:00,2020,6,2,7:00,0,99.84,75,6.3,2.2,15,7
NORMANDIN,2020-06-02,2020-06-02 8:00,2020,6,2,8:00,0,99.78,70,8.7,3.6,15,5
NORMANDIN,2020-06-02,2020-06-02 9:00,2020,6,2,9:00,0,99.7,54,10.5,1.6,14,6
NORMANDIN,2020-06-02,2020-06-02 10:00,2020,6,2,10:00,0,99.6,54,12.2,3.3,13,9
NORMANDIN,2020-06-02,2020-06-02 11:00,2020,6,2,11:00,0,99.51,48,13.3,2.7,7,11
NORMANDIN,2020-06-02,2020-06-02 12:00,2020,6,2,12:00,0,99.41,40,14.5,1.3,13,5
NORMANDIN,2020-06-02,2020-06-02 13:00,2020,6,2,13:00,0,99.31,43,15.9,3.4,7,7
NORMANDIN,2020-06-02,2020-06-02 14:00,2020,6,2,14:00,0,99.23,44,16.5,4.2,19,5
NORMANDIN,2020-06-02,2020-06-02 15:00,2020,6,2,15:00,0,99.13,36,16.8,1.7,5,4
NORMANDIN,2020-06-02,2020-06-02 16:00,2020,6,2,16:00,0,99.08,42,15.8,3,14,15
NORMANDIN,2020-06-02,2020-06-02 17:00,2020,6,2,17:00,0,99.05,43,15.8,3.1,15,7
NORMANDIN,2020-06-02,2020-06-02 18:00,2020,6,2,18:00,0,99.02,53,14.6,5.1,15,10
NORMANDIN,2020-06-02,2020-06-02 19:00,2020,6,2,19:00,0,99,58,13.9,5.8,14,6
NORMANDIN,2020-06-02,2020-06-02 20:00,2020,6,2,20:00,0,98.97,69,12.3,6.9,21,6
NORMANDIN,2020-06-02,2020-06-02 21:00,2020,6,2,21:00,0,98.97,80,10.6,7.3,33,4
NORMANDIN,2020-06-02,2020-06-02 22:00,2020,6,2,22:00,0,98.95,81,9.1,6.1,2,6
NORMANDIN,2020-06-02,2020-06-02 23:00,2020,6,2,23:00,0,98.96,61,9.8,2.7,5,9
NORMANDIN,2020-06-03,2020-06-03 0:00,2020,6,3,0:00,0,98.87,63,8.2,1.6,2,6
NORMANDIN,2020-06-03,2020-06-03 1:00,2020,6,3,1:00,0,98.82,80,4.9,1.7,31,8
NORMANDIN,2020-06-03,2020-06-03 2:00,2020,6,3,2:00,0,98.74,75,4.8,0.8,31,11
NORMANDIN,2020-06-03,2020-06-03 3:00,2020,6,3,3:00,0,98.75,76,4.1,0.3,31,11
NORMANDIN,2020-06-03,2020-06-03 4:00,2020,6,3,4:00,0,98.74,83,3.3,0.7,32,9
NORMANDIN,2020-06-03,2020-06-03 5:00,2020,6,3,5:00,0,98.73,74,5.4,1.1,33,11
NORMANDIN,2020-06-03,2020-06-03 6:00,2020,6,3,6:00,0,98.7,59,7.6,0.2,1,12
NORMANDIN,2020-06-03,2020-06-03 7:00,2020,6,3,7:00,0,98.63,57,9.2,1.1,1,11
NORMANDIN,2020-06-03,2020-06-03 8:00,2020,6,3,8:00,0,98.57,51,10.8,1.1,36,10
NORMANDIN,2020-06-03,2020-06-03 9:00,2020,6,3,9:00,0,98.48,44,12.5,0.6,34,10
NORMANDIN,2020-06-03,2020-06-03 10:00,2020,6,3,10:00,0,98.39,37,13.9,-0.6,34,15
NORMANDIN,2020-06-03,2020-06-03 11:00,2020,6,3,11:00,0,98.3,33,15,-1.1,33,13
NORMANDIN,2020-06-03,2020-06-03 12:00,2020,6,3,12:00,0,98.23,31,15.1,-1.7,34,23
NORMANDIN,2020-06-03,2020-06-03 13:00,2020,6,3,13:00,0,98.16,30,15.8,-1.6,32,23
NORMANDIN,2020-06-03,2020-06-03 14:00,2020,6,3,14:00,0,98.11,27,16.7,-2.5,34,22
NORMANDIN,2020-06-03,2020-06-03 15:00,2020,6,3,15:00,0,98.06,29,17,-1.2,30,19
NORMANDIN,2020-06-03,2020-06-03 16:00,2020,6,3,16:00,0,98.06,25,16.8,-3.3,32,25
NORMANDIN,2020-06-03,2020-06-03 17:00,2020,6,3,17:00,0,98.07,27,15.7,-3.4,32,17
NORMANDIN,2020-06-03,2020-06-03 18:00,2020,6,3,18:00,0,98.08,30,15.4,-2.1,30,23
NORMANDIN,2020-06-03,2020-06-03 19:00,2020,6,3,19:00,0,98.09,33,14.8,-1.5,29,21
NORMANDIN,2020-06-03,2020-06-03 20:00,2020,6,3,20:00,0,98.12,38,12.9,-1,29,16
NORMANDIN,2020-06-03,2020-06-03 21:00,2020,6,3,21:00,0,98.16,48,10.1,-0.6,32,10
NORMANDIN,2020-06-03,2020-06-03 22:00,2020,6,3,22:00,0,98.17,64,7.5,1.2,26,16
NORMANDIN,2020-06-03,2020-06-03 23:00,2020,6,3,23:00,0,98.19,63,7.6,1,25,18
NORMANDIN,2020-06-04,2020-06-04 0:00,2020,6,4,0:00,0,98.2,68,7.4,1.9,29,10
NORMANDIN,2020-06-04,2020-06-04 1:00,2020,6,4,1:00,0,98.22,63,8.8,2.2,27,13
NORMANDIN,2020-06-04,2020-06-04 2:00,2020,6,4,2:00,0,98.23,64,9.5,2.9,28,8
NORMANDIN,2020-06-04,2020-06-04 3:00,2020,6,4,3:00,0,98.24,65,9.7,3.5,25,14
NORMANDIN,2020-06-04,2020-06-04 4:00,2020,6,4,4:00,0,98.28,68,9.3,3.7,24,15
NORMANDIN,2020-06-04,2020-06-04 5:00,2020,6,4,5:00,0,98.3,75,9,4.8,25,10
NORMANDIN,2020-06-04,2020-06-04 6:00,2020,6,4,6:00,0,98.35,80,9.7,6.4,24,9
NORMANDIN,2020-06-04,2020-06-04 7:00,2020,6,4,7:00,0,98.38,73,13,8.2,27,18
NORMANDIN,2020-06-04,2020-06-04 8:00,2020,6,4,8:00,0,98.4,63,14,7,28,27
NORMANDIN,2020-06-04,2020-06-04 9:00,2020,6,4,9:00,0,98.4,50,15.9,5.3,28,31
NORMANDIN,2020-06-04,2020-06-04 10:00,2020,6,4,10:00,0,98.45,44,16.5,4.2,29,30
NORMANDIN,2020-06-04,2020-06-04 11:00,2020,6,4,11:00,0,98.5,39,16.5,2.6,30,31
NORMANDIN,2020-06-04,2020-06-04 12:00,2020,6,4,12:00,0,98.53,41,16,2.7,28,39
NORMANDIN,2020-06-04,2020-06-04 13:00,2020,6,4,13:00,0,98.53,38,17.6,3.2,29,31
NORMANDIN,2020-06-04,2020-06-04 14:00,2020,6,4,14:00,0,98.54,36,18.4,2.8,28,36
NORMANDIN,2020-06-04,2020-06-04 15:00,2020,6,4,15:00,0,98.54,38,18.8,4.3,28,32
NORMANDIN,2020-06-04,2020-06-04 16:00,2020,6,4,16:00,0,98.55,36,18.6,3.4,28,34
NORMANDIN,2020-06-04,2020-06-04 17:00,2020,6,4,17:00,0,98.58,38,18.1,3.6,27,26
NORMANDIN,2020-06-04,2020-06-04 18:00,2020,6,4,18:00,0,98.65,40,17.7,3.9,27,27
NORMANDIN,2020-06-04,2020-06-04 19:00,2020,6,4,19:00,0,98.72,51,16,5.8,27,13
NORMANDIN,2020-06-04,2020-06-04 20:00,2020,6,4,20:00,0,98.75,49,16.1,5.2,26,23
NORMANDIN,2020-06-04,2020-06-04 21:00,2020,6,4,21:00,0,98.81,59,14.6,6.7,24,20
NORMANDIN,2020-06-04,2020-06-04 22:00,2020,6,4,22:00,0,98.85,65,14.4,7.9,24,19
NORMANDIN,2020-06-04,2020-06-04 23:00,2020,6,4,23:00,0,98.82,78,12,8.2,21,13
NORMANDIN,2020-06-05,2020-06-05 0:00,2020,6,5,0:00,0,98.8,81,11,7.8,23,14
NORMANDIN,2020-06-05,2020-06-05 1:00,2020,6,5,1:00,0,98.78,79,11.4,7.8,23,16
NORMANDIN,2020-06-05,2020-06-05 2:00,2020,6,5,2:00,0,98.77,79,12.1,8.6,25,10
NORMANDIN,2020-06-05,2020-06-05 3:00,2020,6,5,3:00,0,98.82,84,10.3,7.7,25,6
NORMANDIN,2020-06-05,2020-06-05 4:00,2020,6,5,4:00,0,98.85,86,10.1,7.9,21,7
NORMANDIN,2020-06-05,2020-06-05 5:00,2020,6,5,5:00,0,98.85,80,11.2,7.9,30,3
NORMANDIN,2020-06-05,2020-06-05 6:00,2020,6,5,6:00,0,98.82,79,12.3,8.7,1,4
NORMANDIN,2020-06-05,2020-06-05 7:00,2020,6,5,7:00,0,98.89,91,11.1,9.6,1,5
NORMANDIN,2020-06-05,2020-06-05 8:00,2020,6,5,8:00,0,98.9,81,11.4,8.2,5,7
NORMANDIN,2020-06-05,2020-06-05 9:00,2020,6,5,9:00,0,98.83,74,12.9,8.4,4,8
NORMANDIN,2020-06-05,2020-06-05 10:00,2020,6,5,10:00,0,98.85,77,14,10.1,36,8
NORMANDIN,2020-06-05,2020-06-05 11:00,2020,6,5,11:00,0,98.87,67,17.1,10.9,1,12
NORMANDIN,2020-06-05,2020-06-05 12:00,2020,6,5,12:00,0,98.94,64,16.5,9.6,2,28
NORMANDIN,2020-06-05,2020-06-05 13:00,2020,6,5,13:00,0,98.94,58,17.6,9.2,34,20
NORMANDIN,2020-06-05,2020-06-05 14:00,2020,6,5,14:00,0,98.94,57,19,10.4,33,20
NORMANDIN,2020-06-05,2020-06-05 15:00,2020,6,5,15:00,0,98.93,50,19.4,8.7,34,21
NORMANDIN,2020-06-05,2020-06-05 16:00,2020,6,5,16:00,0,98.94,44,20,7.5,33,20
NORMANDIN,2020-06-05,2020-06-05 17:00,2020,6,5,17:00,0,98.93,44,19.6,7,33,18
NORMANDIN,2020-06-05,2020-06-05 18:00,2020,6,5,18:00,0,98.98,46,19.1,7.2,34,15
NORMANDIN,2020-06-05,2020-06-05 19:00,2020,6,5,19:00,0,98.99,50,17.8,7.2,34,11
NORMANDIN,2020-06-05,2020-06-05 20:00,2020,6,5,20:00,0,99.04,58,15.4,7.2,1,7
NORMANDIN,2020-06-05,2020-06-05 21:00,2020,6,5,21:00,0,99.06,63,13.8,6.9,3,4
NORMANDIN,2020-06-05,2020-06-05 22:00,2020,6,5,22:00,0,99.07,73,13,8.2,14,2
NORMANDIN,2020-06-05,2020-06-05 23:00,2020,6,5,23:00,0,99.11,78,12.5,8.8,34,8
NORMANDIN,2020-06-06,2020-06-06 0:00,2020,6,6,0:00,0,99.13,69,11.5,6.1,1,10
NORMANDIN,2020-06-06,2020-06-06 1:00,2020,6,6,1:00,0,99.11,76,10.6,6.6,36,9
NORMANDIN,2020-06-06,2020-06-06 2:00,2020,6,6,2:00,0,99.09,82,9.8,6.9,35,8
NORMANDIN,2020-06-06,2020-06-06 3:00,2020,6,6,3:00,0,99.09,86,9.2,7.1,34,10
NORMANDIN,2020-06-06,2020-06-06 4:00,2020,6,6,4:00,0,99.09,92,8.7,7.4,3,5
NORMANDIN,2020-06-06,2020-06-06 5:00,2020,6,6,5:00,0,99.11,93,8.4,7.4,3,8
NORMANDIN,2020-06-06,2020-06-06 6:00,2020,6,6,6:00,0,99.14,95,8,7.3,36,10
NORMANDIN,2020-06-06,2020-06-06 7:00,2020,6,6,7:00,0,99.14,96,8,7.5,36,11
NORMANDIN,2020-06-06,2020-06-06 8:00,2020,6,6,8:00,0,99.17,95,8.4,7.6,34,12
NORMANDIN,2020-06-06,2020-06-06 9:00,2020,6,6,9:00,0,99.16,95,8.6,7.9,34,14
NORMANDIN,2020-06-06,2020-06-06 10:00,2020,6,6,10:00,0,99.16,92,10,8.7,34,12
NORMANDIN,2020-06-06,2020-06-06 11:00,2020,6,6,11:00,0,99.21,90,10.9,9.3,36,16
NORMANDIN,2020-06-06,2020-06-06 12:00,2020,6,6,12:00,0,99.25,90,11,9.4,36,15
NORMANDIN,2020-06-06,2020-06-06 13:00,2020,6,6,13:00,0,99.26,82,11.9,8.9,36,14
NORMANDIN,2020-06-06,2020-06-06 14:00,2020,6,6,14:00,0,99.23,68,14.8,9.1,3,8
NORMANDIN,2020-06-06,2020-06-06 15:00,2020,6,6,15:00,0,99.24,62,15.5,8.3,9,3
NORMANDIN,2020-06-06,2020-06-06 16:00,2020,6,6,16:00,0,99.24,62,16.1,8.8,17,4
NORMANDIN,2020-06-06,2020-06-06 17:00,2020,6,6,17:00,0,99.26,58,15.9,7.5,31,1
NORMANDIN,2020-06-06,2020-06-06 18:00,2020,6,6,18:00,0,99.27,63,16.5,9.3,29,5
NORMANDIN,2020-06-06,2020-06-06 19:00,2020,6,6,19:00,0,99.32,82,14.2,11.1,15,7
NORMANDIN,2020-06-06,2020-06-06 20:00,2020,6,6,20:00,0,99.36,86,12.6,10.3,12,3
NORMANDIN,2020-06-06,2020-06-06 21:00,2020,6,6,21:00,0,99.45,89,11.9,10.1,35,7
NORMANDIN,2020-06-06,2020-06-06 22:00,2020,6,6,22:00,0,99.51,59,12.1,4.2,35,14
NORMANDIN,2020-06-06,2020-06-06 23:00,2020,6,6,23:00,0,99.57,75,9,4.9,32,11
NORMANDIN,2020-06-07,2020-06-07 0:00,2020,6,7,0:00,0,99.59,75,8.1,4,32,12
NORMANDIN,2020-06-07,2020-06-07 1:00,2020,6,7,1:00,0,99.61,80,6.9,3.7,31,13
NORMANDIN,2020-06-07,2020-06-07 2:00,2020,6,7,2:00,0,99.63,79,6.6,3.2,32,12
NORMANDIN,2020-06-07,2020-06-07 3:00,2020,6,7,3:00,0,99.65,80,6.3,3.1,32,14
NORMANDIN,2020-06-07,2020-06-07 4:00,2020,6,7,4:00,0,99.7,80,6.4,3.2,32,14
NORMANDIN,2020-06-07,2020-06-07 5:00,2020,6,7,5:00,0,99.77,79,7.1,3.7,32,12
NORMANDIN,2020-06-07,2020-06-07 6:00,2020,6,7,6:00,0,99.81,73,9.4,4.8,33,12
NORMANDIN,2020-06-07,2020-06-07 7:00,2020,6,7,7:00,0,99.85,64,11.6,5.1,32,13
NORMANDIN,2020-06-07,2020-06-07 8:00,2020,6,7,8:00,0,99.84,58,13.2,5.1,36,12
NORMANDIN,2020-06-07,2020-06-07 9:00,2020,6,7,9:00,0,99.82,52,14.7,4.8,36,17
NORMANDIN,2020-06-07,2020-06-07 10:00,2020,6,7,10:00,0,99.78,47,15.6,4.3,34,15
NORMANDIN,2020-06-07,2020-06-07 11:00,2020,6,7,11:00,0,99.73,47,16.5,5.1,1,15
NORMANDIN,2020-06-07,2020-06-07 12:00,2020,6,7,12:00,0,99.7,47,16.4,5.2,35,15
NORMANDIN,2020-06-07,2020-06-07 13:00,2020,6,7,13:00,0,99.7,48,16,5.1,35,19
NORMANDIN,2020-06-07,2020-06-07 14:00,2020,6,7,14:00,0,99.71,48,16,4.9,34,19
NORMANDIN,2020-06-07,2020-06-07 15:00,2020,6,7,15:00,0,99.65,47,16.3,5.1,33,18
NORMANDIN,2020-06-07,2020-06-07 16:00,2020,6,7,16:00,0,99.61,45,16.9,5.1,31,19
NORMANDIN,2020-06-07,2020-06-07 17:00,2020,6,7,17:00,0,99.56,44,16.3,4.2,35,14
NORMANDIN,2020-06-07,2020-06-07 18:00,2020,6,7,18:00,0,99.57,54,15.5,6.2,33,12
NORMANDIN,2020-06-07,2020-06-07 19:00,2020,6,7,19:00,0,99.57,56,14.8,6.1,31,10
NORMANDIN,2020-06-07,2020-06-07 20:00,2020,6,7,20:00,0,99.62,52,14.2,4.6,31,15
NORMANDIN,2020-06-07,2020-06-07 21:00,2020,6,7,21:00,0,99.7,54,12.9,3.9,34,19
NORMANDIN,2020-06-07,2020-06-07 22:00,2020,6,7,22:00,0,99.73,55,11.6,2.9,34,21
NORMANDIN,2020-06-07,2020-06-07 23:00,2020,6,7,23:00,0,99.75,67,9.1,3.2,33,18
NORMANDIN,2020-06-08,2020-06-08 0:00,2020,6,8,0:00,0,99.77,72,7.6,2.9,32,16
NORMANDIN,2020-06-08,2020-06-08 1:00,2020,6,8,1:00,0,99.78,78,6.3,2.8,32,16
NORMANDIN,2020-06-08,2020-06-08 2:00,2020,6,8,2:00,0,99.79,84,5.2,2.7,31,12
NORMANDIN,2020-06-08,2020-06-08 3:00,2020,6,8,3:00,0,99.78,89,4.1,2.4,30,13
NORMANDIN,2020-06-08,2020-06-08 4:00,2020,6,8,4:00,0,99.78,88,4.2,2.4,31,12
NORMANDIN,2020-06-08,2020-06-08 5:00,2020,6,8,5:00,0,99.81,82,5.7,2.8,31,16
NORMANDIN,2020-06-08,2020-06-08 6:00,2020,6,8,6:00,0,99.89,75,7.4,3.4,31,19
NORMANDIN,2020-06-08,2020-06-08 7:00,2020,6,8,7:00,0,99.93,66,9.4,3.3,32,18
NORMANDIN,2020-06-08,2020-06-08 8:00,2020,6,8,8:00,0,99.86,62,11.3,4.1,31,14
NORMANDIN,2020-06-08,2020-06-08 9:00,2020,6,8,9:00,0,99.83,53,13.3,4,33,17
NORMANDIN,2020-06-08,2020-06-08 10:00,2020,6,8,10:00,0,99.81,49,14.7,4.1,34,20
NORMANDIN,2020-06-08,2020-06-08 11:00,2020,6,8,11:00,0,99.75,46,15.7,4.1,32,21
NORMANDIN,2020-06-08,2020-06-08 12:00,2020,6,8,12:00,0,99.67,43,16.7,4,32,18
NORMANDIN,2020-06-08,2020-06-08 13:00,2020,6,8,13:00,0,99.63,37,17.1,2.4,33,23
NORMANDIN,2020-06-08,2020-06-08 14:00,2020,6,8,14:00,0,99.59,32,18.1,1.3,33,21
NORMANDIN,2020-06-08,2020-06-08 15:00,2020,6,8,15:00,0,99.54,34,17.9,2,32,20
NORMANDIN,2020-06-08,2020-06-08 16:00,2020,6,8,16:00,0,99.48,31,18.5,1.2,33,18
NORMANDIN,2020-06-08,2020-06-08 17:00,2020,6,8,17:00,0,99.44,33,18.1,1.7,31,19
NORMANDIN,2020-06-08,2020-06-08 18:00,2020,6,8,18:00,0,99.47,37,17,2.3,29,16
NORMANDIN,2020-06-08,2020-06-08 19:00,2020,6,8,19:00,0,99.46,41,15.6,2.3,29,15
NORMANDIN,2020-06-08,2020-06-08 20:00,2020,6,8,20:00,0,99.48,51,13.6,3.7,33,8
NORMANDIN,2020-06-08,2020-06-08 21:00,2020,6,8,21:00,0,99.48,61,12,4.8,28,11
NORMANDIN,2020-06-08,2020-06-08 22:00,2020,6,8,22:00,0,99.49,56,12.3,3.8,33,10
NORMANDIN,2020-06-08,2020-06-08 23:00,2020,6,8,23:00,0,99.49,55,11.8,3.1,32,9
NORMANDIN,2020-06-09,2020-06-09 0:00,2020,6,9,0:00,0,99.52,65,10.7,4.3,29,9
NORMANDIN,2020-06-09,2020-06-09 1:00,2020,6,9,1:00,0,99.51,64,10.4,3.9,31,11
NORMANDIN,2020-06-09,2020-06-09 2:00,2020,6,9,2:00,0,99.5,68,8.7,3,30,12
NORMANDIN,2020-06-09,2020-06-09 3:00,2020,6,9,3:00,0,99.48,68,9.1,3.6,33,10
NORMANDIN,2020-06-09,2020-06-09 4:00,2020,6,9,4:00,0,99.52,72,7.3,2.6,31,12
NORMANDIN,2020-06-09,2020-06-09 5:00,2020,6,9,5:00,0,99.59,73,8,3.4,31,10
NORMANDIN,2020-06-09,2020-06-09 6:00,2020,6,9,6:00,0,99.6,59,9.9,2.2,33,11
NORMANDIN,2020-06-09,2020-06-09 7:00,2020,6,9,7:00,0,99.64,54,11.6,2.8,32,9
NORMANDIN,2020-06-09,2020-06-09 8:00,2020,6,9,8:00,0,99.66,50,13.6,3.4,34,10
NORMANDIN,2020-06-09,2020-06-09 9:00,2020,6,9,9:00,0,99.6,38,15.1,0.9,31,12
NORMANDIN,2020-06-09,2020-06-09 10:00,2020,6,9,10:00,0,99.61,36,16.2,1.1,34,13
NORMANDIN,2020-06-09,2020-06-09 11:00,2020,6,9,11:00,0,99.56,41,17.1,3.7,35,14
NORMANDIN,2020-06-09,2020-06-09 12:00,2020,6,9,12:00,0,99.53,33,18.1,1.6,36,12
NORMANDIN,2020-06-09,2020-06-09 13:00,2020,6,9,13:00,0,99.53,31,18.8,1.4,33,17
NORMANDIN,2020-06-09,2020-06-09 14:00,2020,6,9,14:00,0,99.49,33,19.6,2.9,31,9
NORMANDIN,2020-06-09,2020-06-09 15:00,2020,6,9,15:00,0,99.48,26,20.1,0.1,31,10
NORMANDIN,2020-06-09,2020-06-09 16:00,2020,6,9,16:00,0,99.48,25,20.2,-0.3,34,18
NORMANDIN,2020-06-09,2020-06-09 17:00,2020,6,9,17:00,0,99.51,24,20,-1.3,35,17
NORMANDIN,2020-06-09,2020-06-09 18:00,2020,6,9,18:00,0,99.55,24,19.4,-1.9,32,16
NORMANDIN,2020-06-09,2020-06-09 19:00,2020,6,9,19:00,0,99.63,26,17.9,-2.1,35,12
NORMANDIN,2020-06-09,2020-06-09 20:00,2020,6,9,20:00,0,99.68,30,15.3,-2.2,1,8
NORMANDIN,2020-06-09,2020-06-09 21:00,2020,6,9,21:00,0,99.72,47,11.4,0.6,34,8
NORMANDIN,2020-06-09,2020-06-09 22:00,2020,6,9,22:00,0,99.75,58,8.6,0.8,32,11
NORMANDIN,2020-06-09,2020-06-09 23:00,2020,6,9,23:00,0,99.79,60,7.8,0.6,32,11
NORMANDIN,2020-06-10,2020-06-10 0:00,2020,6,10,0:00,0,99.8,65,6.3,0.2,32,12
NORMANDIN,2020-06-10,2020-06-10 1:00,2020,6,10,1:00,0,99.84,81,4,1.1,26,10
NORMANDIN,2020-06-10,2020-06-10 2:00,2020,6,10,2:00,0,99.85,84,4.1,1.7,29,9
NORMANDIN,2020-06-10,2020-06-10 3:00,2020,6,10,3:00,0,99.89,81,4.1,1.2,33,14
NORMANDIN,2020-06-10,2020-06-10 4:00,2020,6,10,4:00,0,99.9,85,3.5,1.2,33,11
NORMANDIN,2020-06-10,2020-06-10 5:00,2020,6,10,5:00,0,99.91,84,4.7,2.4,34,6
NORMANDIN,2020-06-10,2020-06-10 6:00,2020,6,10,6:00,0,99.91,64,7.9,1.6,4,5
NORMANDIN,2020-06-10,2020-06-10 7:00,2020,6,10,7:00,0,99.86,64,8.7,2.2,15,2
NORMANDIN,2020-06-10,2020-06-10 8:00,2020,6,10,8:00,0,99.86,63,10.7,3.9,11,7
NORMANDIN,2020-06-10,2020-06-10 9:00,2020,6,10,9:00,0,99.77,64,15.1,8.5,13,14
NORMANDIN,2020-06-10,2020-06-10 10:00,2020,6,10,10:00,0,99.65,45,16.9,5,12,16
NORMANDIN,2020-06-10,2020-06-10 11:00,2020,6,10,11:00,0,99.56,44,18.6,6.3,13,15
NORMANDIN,2020-06-10,2020-06-10 12:00,2020,6,10,12:00,0,99.43,44,19,6.5,15,19
NORMANDIN,2020-06-10,2020-06-10 13:00,2020,6,10,13:00,0,99.37,42,20.8,7.6,14,22
NORMANDIN,2020-06-10,2020-06-10 14:00,2020,6,10,14:00,0,99.29,40,21.8,7.5,13,21
NORMANDIN,2020-06-10,2020-06-10 15:00,2020,6,10,15:00,0,99.15,43,21.7,8.6,13,21
NORMANDIN,2020-06-10,2020-06-10 16:00,2020,6,10,16:00,0,99.06,41,23.4,9.4,13,25
NORMANDIN,2020-06-10,2020-06-10 17:00,2020,6,10,17:00,0,99.01,50,22.6,11.7,14,26
NORMANDIN,2020-06-10,2020-06-10 18:00,2020,6,10,18:00,0,99.01,60,21,12.8,14,24
NORMANDIN,2020-06-10,2020-06-10 19:00,2020,6,10,19:00,0,99.03,84,17.6,14.9,18,26
NORMANDIN,2020-06-10,2020-06-10 20:00,2020,6,10,20:00,0.2,98.97,96,16.2,15.6,12,21
NORMANDIN,2020-06-10,2020-06-10 21:00,2020,6,10,21:00,0.5,98.92,92,16.2,14.9,12,25
NORMANDIN,2020-06-10,2020-06-10 22:00,2020,6,10,22:00,0,98.95,91,15.1,13.6,12,20
NORMANDIN,2020-06-10,2020-06-10 23:00,2020,6,10,23:00,0,98.83,92,14,12.7,13,17
NORMANDIN,2020-06-11,2020-06-11 0:00,2020,6,11,0:00,0,98.79,91,13.5,12.2,13,21
NORMANDIN,2020-06-11,2020-06-11 1:00,2020,6,11,1:00,0,98.77,90,13.5,12,13,22
NORMANDIN,2020-06-11,2020-06-11 2:00,2020,6,11,2:00,0,98.73,89,13.6,11.9,13,18
NORMANDIN,2020-06-11,2020-06-11 3:00,2020,6,11,3:00,0,98.7,94,13.6,12.7,12,12
NORMANDIN,2020-06-11,2020-06-11 4:00,2020,6,11,4:00,0,98.56,93,13.7,12.6,13,16
NORMANDIN,2020-06-11,2020-06-11 5:00,2020,6,11,5:00,0,98.52,91,14.1,12.7,13,17
NORMANDIN,2020-06-11,2020-06-11 6:00,2020,6,11,6:00,0,98.45,88,16,13.9,13,20
NORMANDIN,2020-06-11,2020-06-11 7:00,2020,6,11,7:00,0,98.43,88,17.2,15.1,11,14
NORMANDIN,2020-06-11,2020-06-11 8:00,2020,6,11,8:00,0,98.39,89,16.8,15,11,19
NORMANDIN,2020-06-11,2020-06-11 9:00,2020,6,11,9:00,0,98.32,91,17.4,15.9,12,15
NORMANDIN,2020-06-11,2020-06-11 10:00,2020,6,11,10:00,0,98.25,82,21.6,18.5,19,29
NORMANDIN,2020-06-11,2020-06-11 11:00,2020,6,11,11:00,0,98.23,82,21.9,18.8,18,27
NORMANDIN,2020-06-11,2020-06-11 12:00,2020,6,11,12:00,0,98.17,70,24.8,19,18,27
NORMANDIN,2020-06-11,2020-06-11 13:00,2020,6,11,13:00,0,98.18,61,24.4,16.4,21,44
NORMANDIN,2020-06-11,2020-06-11 14:00,2020,6,11,14:00,0,98.15,53,25.8,15.5,22,48
NORMANDIN,2020-06-11,2020-06-11 15:00,2020,6,11,15:00,0,98.17,52,25.1,14.5,21,44
NORMANDIN,2020-06-11,2020-06-11 16:00,2020,6,11,16:00,0,98.23,42,25.7,11.8,22,43
NORMANDIN,2020-06-11,2020-06-11 17:00,2020,6,11,17:00,0,98.39,45,23.4,10.9,25,45
NORMANDIN,2020-06-11,2020-06-11 18:00,2020,6,11,18:00,0,98.64,51,21.3,10.9,25,43
NORMANDIN,2020-06-11,2020-06-11 19:00,2020,6,11,19:00,0,98.87,51,18.1,7.9,26,42
NORMANDIN,2020-06-11,2020-06-11 20:00,2020,6,11,20:00,0,99.04,59,16.5,8.5,26,23
NORMANDIN,2020-06-11,2020-06-11 21:00,2020,6,11,21:00,0,99.15,52,16.8,7,25,29
NORMANDIN,2020-06-11,2020-06-11 22:00,2020,6,11,22:00,0,99.21,58,15.6,7.3,23,19
NORMANDIN,2020-06-11,2020-06-11 23:00,2020,6,11,23:00,0,99.26,56,15.4,6.6,23,23
NORMANDIN,2020-06-12,2020-06-12 0:00,2020,6,12,0:00,0,99.26,61,14.4,6.9,22,19
NORMANDIN,2020-06-12,2020-06-12 1:00,2020,6,12,1:00,0,99.27,71,12.2,7.2,20,15
NORMANDIN,2020-06-12,2020-06-12 2:00,2020,6,12,2:00,0,99.21,78,10.5,6.8,18,16
NORMANDIN,2020-06-12,2020-06-12 3:00,2020,6,12,3:00,0,99.14,76,10.7,6.7,14,16
NORMANDIN,2020-06-12,2020-06-12 4:00,2020,6,12,4:00,0,99.07,75,11.5,7.2,12,15
NORMANDIN,2020-06-12,2020-06-12 5:00,2020,6,12,5:00,0,99.01,73,12.3,7.7,12,15
NORMANDIN,2020-06-12,2020-06-12 6:00,2020,6,12,6:00,0,98.96,72,13.6,8.6,13,16
NORMANDIN,2020-06-12,2020-06-12 7:00,2020,6,12,7:00,0,98.97,66,15.6,9.2,23,20
NORMANDIN,2020-06-12,2020-06-12 8:00,2020,6,12,8:00,0,98.93,63,16.9,9.9,21,23
NORMANDIN,2020-06-12,2020-06-12 9:00,2020,6,12,9:00,0,99.01,73,13.7,8.9,29,24
NORMANDIN,2020-06-12,2020-06-12 10:00,2020,6,12,10:00,0,99.09,65,12.8,6.4,27,31
NORMANDIN,2020-06-12,2020-06-12 11:00,2020,6,12,11:00,0,99.14,71,11.3,6.3,26,21
NORMANDIN,2020-06-12,2020-06-12 12:00,2020,6,12,12:00,0,99.2,69,12,6.4,28,23
NORMANDIN,2020-06-12,2020-06-12 13:00,2020,6,12,13:00,0,99.29,65,12.1,5.7,28,21
NORMANDIN,2020-06-12,2020-06-12 14:00,2020,6,12,14:00,0,99.37,58,12.6,4.6,29,22
NORMANDIN,2020-06-12,2020-06-12 15:00,2020,6,12,15:00,0,99.41,49,13.2,2.6,28,23
NORMANDIN,2020-06-12,2020-06-12 16:00,2020,6,12,16:00,0,99.5,54,12,2.9,30,30
NORMANDIN,2020-06-12,2020-06-12 17:00,2020,6,12,17:00,0,99.59,57,11.3,3.1,31,24
NORMANDIN,2020-06-12,2020-06-12 18:00,2020,6,12,18:00,0,99.68,60,10.3,2.8,31,23
NORMANDIN,2020-06-12,2020-06-12 19:00,2020,6,12,19:00,0,99.76,62,9.4,2.4,29,19
NORMANDIN,2020-06-12,2020-06-12 20:00,2020,6,12,20:00,0,99.82,65,8.9,2.7,28,15
NORMANDIN,2020-06-12,2020-06-12 21:00,2020,6,12,21:00,0,99.88,70,8.4,3.2,30,14
NORMANDIN,2020-06-12,2020-06-12 22:00,2020,6,12,22:00,0,99.91,74,7.7,3.4,28,12
NORMANDIN,2020-06-12,2020-06-12 23:00,2020,6,12,23:00,0,99.92,73,8,3.4,30,12
NORMANDIN,2020-06-13,2020-06-13 0:00,2020,6,13,0:00,0,99.95,80,7.4,4.1,29,9
NORMANDIN,2020-06-13,2020-06-13 1:00,2020,6,13,1:00,0,99.98,81,7.2,4.1,29,12
NORMANDIN,2020-06-13,2020-06-13 2:00,2020,6,13,2:00,0,100.03,83,6.7,4.1,30,13
NORMANDIN,2020-06-13,2020-06-13 3:00,2020,6,13,3:00,0,100.09,82,7.2,4.4,32,13
NORMANDIN,2020-06-13,2020-06-13 4:00,2020,6,13,4:00,0,100.16,80,7.4,4.1,33,16
NORMANDIN,2020-06-13,2020-06-13 5:00,2020,6,13,5:00,0,100.25,76,7.5,3.5,34,16
NORMANDIN,2020-06-13,2020-06-13 6:00,2020,6,13,6:00,0,100.36,70,8.2,3.1,35,20
NORMANDIN,2020-06-13,2020-06-13 7:00,2020,6,13,7:00,0,100.45,63,8.8,2.1,36,18
NORMANDIN,2020-06-13,2020-06-13 8:00,2020,6,13,8:00,0,100.54,63,9.8,3.1,36,16
NORMANDIN,2020-06-13,2020-06-13 9:00,2020,6,13,9:00,0,100.61,64,9.4,2.9,34,18
NORMANDIN,2020-06-13,2020-06-13 10:00,2020,6,13,10:00,0,100.66,63,9.8,3,33,15
NORMANDIN,2020-06-13,2020-06-13 11:00,2020,6,13,11:00,0,100.71,64,10.8,4.2,31,18
NORMANDIN,2020-06-13,2020-06-13 12:00,2020,6,13,12:00,0,100.72,55,11.3,2.6,33,12
NORMANDIN,2020-06-13,2020-06-13 13:00,2020,6,13,13:00,0,100.71,52,13.1,3.3,33,15
NORMANDIN,2020-06-13,2020-06-13 14:00,2020,6,13,14:00,0,100.74,45,13.7,1.8,34,18
NORMANDIN,2020-06-13,2020-06-13 15:00,2020,6,13,15:00,0,100.72,42,14.6,1.7,34,11
NORMANDIN,2020-06-13,2020-06-13 16:00,2020,6,13,16:00,0,100.73,39,15.4,1.7,35,16
NORMANDIN,2020-06-13,2020-06-13 17:00,2020,6,13,17:00,0,100.76,37,15.1,0.4,35,17
NORMANDIN,2020-06-13,2020-06-13 18:00,2020,6,13,18:00,0,100.83,39,14.6,0.7,33,15
NORMANDIN,2020-06-13,2020-06-13 19:00,2020,6,13,19:00,0,100.88,47,13.1,2,33,12
NORMANDIN,2020-06-13,2020-06-13 20:00,2020,6,13,20:00,0,100.93,63,9.5,2.8,32,11
NORMANDIN,2020-06-13,2020-06-13 21:00,2020,6,13,21:00,0,101.05,70,7.3,2.2,32,13
NORMANDIN,2020-06-13,2020-06-13 22:00,2020,6,13,22:00,0,101.11,70,7,2,33,12
NORMANDIN,2020-06-13,2020-06-13 23:00,2020,6,13,23:00,0,101.19,74,5.9,1.7,32,10
NORMANDIN,2020-06-14,2020-06-14 0:00,2020,6,14,0:00,0,101.25,76,5.1,1.3,33,9
NORMANDIN,2020-06-14,2020-06-14 1:00,2020,6,14,1:00,0,101.32,81,3.8,0.8,31,10
NORMANDIN,2020-06-14,2020-06-14 2:00,2020,6,14,2:00,0,101.37,83,3,0.4,33,11
NORMANDIN,2020-06-14,2020-06-14 3:00,2020,6,14,3:00,0,101.41,81,3,0.1,32,11
NORMANDIN,2020-06-14,2020-06-14 4:00,2020,6,14,4:00,0,101.48,89,1.5,-0.1,27,12
NORMANDIN,2020-06-14,2020-06-14 5:00,2020,6,14,5:00,0,101.54,85,3.5,1.3,31,10
NORMANDIN,2020-06-14,2020-06-14 6:00,2020,6,14,6:00,0,101.57,74,6.3,2,33,9
NORMANDIN,2020-06-14,2020-06-14 7:00,2020,6,14,7:00,0,101.61,64,8.9,2.3,36,7
NORMANDIN,2020-06-14,2020-06-14 8:00,2020,6,14,8:00,0,101.64,62,10.8,3.9,32,5
NORMANDIN,2020-06-14,2020-06-14 9:00,2020,6,14,9:00,0,101.63,56,12.4,4,5,7
NORMANDIN,2020-06-14,2020-06-14 10:00,2020,6,14,10:00,0,101.61,48,14.3,3.4,10,9
NORMANDIN,2020-06-14,2020-06-14 11:00,2020,6,14,11:00,0,101.57,40,15.1,1.7,10,9
NORMANDIN,2020-06-14,2020-06-14 12:00,2020,6,14,12:00,0,101.5,44,15.7,3.4,6,4
NORMANDIN,2020-06-14,2020-06-14 13:00,2020,6,14,13:00,0,101.44,39,16.5,2.6,35,5
NORMANDIN,2020-06-14,2020-06-14 14:00,2020,6,14,14:00,0,101.37,35,17.4,1.8,9,4
NORMANDIN,2020-06-14,2020-06-14 15:00,2020,6,14,15:00,0,101.33,36,17.9,2.7,8,6
NORMANDIN,2020-06-14,2020-06-14 16:00,2020,6,14,16:00,0,101.29,36,18.3,3,6,8
NORMANDIN,2020-06-14,2020-06-14 17:00,2020,6,14,17:00,0,101.25,38,18.1,3.6,12,11
NORMANDIN,2020-06-14,2020-06-14 18:00,2020,6,14,18:00,0,101.24,39,17.1,3,15,13
NORMANDIN,2020-06-14,2020-06-14 19:00,2020,6,14,19:00,0,101.25,49,15.9,5.2,15,8
NORMANDIN,2020-06-14,2020-06-14 20:00,2020,6,14,20:00,0,101.24,60,13.1,5.5,16,6
NORMANDIN,2020-06-14,2020-06-14 21:00,2020,6,14,21:00,0,101.25,64,10,3.6,20,5
NORMANDIN,2020-06-14,2020-06-14 22:00,2020,6,14,22:00,0,101.25,81,7.2,4.1,31,10
NORMANDIN,2020-06-14,2020-06-14 23:00,2020,6,14,23:00,0,101.24,86,5.8,3.5,31,6
NORMANDIN,2020-06-15,2020-06-15 0:00,2020,6,15,0:00,0,101.25,85,5.2,2.9,11,0
NORMANDIN,2020-06-15,2020-06-15 1:00,2020,6,15,1:00,0,101.24,94,3.4,2.6,32,10
NORMANDIN,2020-06-15,2020-06-15 2:00,2020,6,15,2:00,0,101.25,91,3.3,2,7,3
NORMANDIN,2020-06-15,2020-06-15 3:00,2020,6,15,3:00,0,101.21,94,2.7,1.8,30,8
NORMANDIN,2020-06-15,2020-06-15 4:00,2020,6,15,4:00,0,101.27,94,2.4,1.5,34,6
NORMANDIN,2020-06-15,2020-06-15 5:00,2020,6,15,5:00,0,101.3,92,3.8,2.7,30,7
NORMANDIN,2020-06-15,2020-06-15 6:00,2020,6,15,6:00,0,101.3,81,7.9,4.8,1,4
NORMANDIN,2020-06-15,2020-06-15 7:00,2020,6,15,7:00,0,101.35,77,11,7.1,5,4
NORMANDIN,2020-06-15,2020-06-15 8:00,2020,6,15,8:00,0,101.34,64,13.3,6.7,5,5
NORMANDIN,2020-06-15,2020-06-15 9:00,2020,6,15,9:00,0,101.32,57,15.8,7.4,36,3
NORMANDIN,2020-06-15,2020-06-15 10:00,2020,6,15,10:00,0,101.26,53,18.4,8.7,14,4
NORMANDIN,2020-06-15,2020-06-15 11:00,2020,6,15,11:00,0,101.18,43,20.4,7.3,9,7
NORMANDIN,2020-06-15,2020-06-15 12:00,2020,6,15,12:00,0,101.07,32,21.7,4.2,34,13
NORMANDIN,2020-06-15,2020-06-15 13:00,2020,6,15,13:00,0,101.01,30,22.7,4.2,29,14
NORMANDIN,2020-06-15,2020-06-15 14:00,2020,6,15,14:00,0,100.93,33,22.7,5.5,28,9
NORMANDIN,2020-06-15,2020-06-15 15:00,2020,6,15,15:00,0,100.9,29,22.7,3.7,32,14
NORMANDIN,2020-06-15,2020-06-15 16:00,2020,6,15,16:00,0,100.84,29,23.3,4.2,30,12
NORMANDIN,2020-06-15,2020-06-15 17:00,2020,6,15,17:00,0,100.8,28,23.2,3.7,28,15
NORMANDIN,2020-06-15,2020-06-15 18:00,2020,6,15,18:00,0,100.79,34,22.6,6.1,30,15
NORMANDIN,2020-06-15,2020-06-15 19:00,2020,6,15,19:00,0,100.79,43,20.2,7.3,29,7
NORMANDIN,2020-06-15,2020-06-15 20:00,2020,6,15,20:00,0,100.79,62,16,8.8,20,8
NORMANDIN,2020-06-15,2020-06-15 21:00,2020,6,15,21:00,0,100.83,71,12.6,7.5,22,9
NORMANDIN,2020-06-15,2020-06-15 22:00,2020,6,15,22:00,0,100.82,64,12.8,6.1,30,10
NORMANDIN,2020-06-15,2020-06-15 23:00,2020,6,15,23:00,0,100.81,70,11.7,6.3,29,2
NORMANDIN,2020-06-16,2020-06-16 0:00,2020,6,16,0:00,0,100.8,68,11.1,5.5,31,5
NORMANDIN,2020-06-16,2020-06-16 1:00,2020,6,16,1:00,0,100.79,66,10.9,4.8,30,0
NORMANDIN,2020-06-16,2020-06-16 2:00,2020,6,16,2:00,0,100.81,66,10.7,4.6,28,5
NORMANDIN,2020-06-16,2020-06-16 3:00,2020,6,16,3:00,0,100.79,79,8.5,5.1,7,3
NORMANDIN,2020-06-16,2020-06-16 4:00,2020,6,16,4:00,0,100.78,86,7.7,5.5,9,0
NORMANDIN,2020-06-16,2020-06-16 5:00,2020,6,16,5:00,0,100.84,87,8.9,6.8,9,1
NORMANDIN,2020-06-16,2020-06-16 6:00,2020,6,16,6:00,0,100.83,70,13.4,8.1,0,1
NORMANDIN,2020-06-16,2020-06-16 7:00,2020,6,16,7:00,0,100.84,61,16.7,9.1,10,2
NORMANDIN,2020-06-16,2020-06-16 8:00,2020,6,16,8:00,0,100.83,51,19.8,9.5,13,3
NORMANDIN,2020-06-16,2020-06-16 9:00,2020,6,16,9:00,0,100.77,42,23.6,10,25,13
NORMANDIN,2020-06-16,2020-06-16 10:00,2020,6,16,10:00,0,100.68,35,25.1,8.8,25,19
NORMANDIN,2020-06-16,2020-06-16 11:00,2020,6,16,11:00,0,100.63,36,26,9.7,26,18
NORMANDIN,2020-06-16,2020-06-16 12:00,2020,6,16,12:00,0,100.52,36,26.9,10.4,23,21
NORMANDIN,2020-06-16,2020-06-16 13:00,2020,6,16,13:00,0,100.42,32,27.5,9.4,23,20
NORMANDIN,2020-06-16,2020-06-16 14:00,2020,6,16,14:00,0,100.37,30,28,8.8,24,18
NORMANDIN,2020-06-16,2020-06-16 15:00,2020,6,16,15:00,0,100.29,30,28.4,9.1,26,24
NORMANDIN,2020-06-16,2020-06-16 16:00,2020,6,16,16:00,0,100.23,28,28.4,8.1,24,24
NORMANDIN,2020-06-16,2020-06-16 17:00,2020,6,16,17:00,0,100.19,27,28.3,7.4,25,24
NORMANDIN,2020-06-16,2020-06-16 18:00,2020,6,16,18:00,0,100.18,30,26.8,7.9,27,20
NORMANDIN,2020-06-16,2020-06-16 19:00,2020,6,16,19:00,0,100.19,44,23.3,10.3,25,14
NORMANDIN,2020-06-16,2020-06-16 20:00,2020,6,16,20:00,0,100.19,54,18.8,9.4,25,14
NORMANDIN,2020-06-16,2020-06-16 21:00,2020,6,16,21:00,0,100.24,67,16.1,10,23,11
NORMANDIN,2020-06-16,2020-06-16 22:00,2020,6,16,22:00,0,100.25,62,16.3,8.9,21,16
NORMANDIN,2020-06-16,2020-06-16 23:00,2020,6,16,23:00,0,100.26,67,15.4,9.2,22,14
NORMANDIN,2020-06-17,2020-06-17 0:00,2020,6,17,0:00,0,100.24,73,14.6,9.8,23,13
NORMANDIN,2020-06-17,2020-06-17 1:00,2020,6,17,1:00,0,100.21,57,17.6,9,22,15
NORMANDIN,2020-06-17,2020-06-17 2:00,2020,6,17,2:00,0,100.2,63,17.1,9.9,21,4
NORMANDIN,2020-06-17,2020-06-17 3:00,2020,6,17,3:00,0,100.18,70,16.6,11,18,6
NORMANDIN,2020-06-17,2020-06-17 4:00,2020,6,17,4:00,0,100.23,77,16.4,12.3,0,0
NORMANDIN,2020-06-17,2020-06-17 5:00,2020,6,17,5:00,0,100.23,68,16.5,10.6,23,9
NORMANDIN,2020-06-17,2020-06-17 6:00,2020,6,17,6:00,0,100.21,73,18,13.1,15,3
NORMANDIN,2020-06-17,2020-06-17 7:00,2020,6,17,7:00,0,100.21,57,22,13,23,2
NORMANDIN,2020-06-17,2020-06-17 8:00,2020,6,17,8:00,0,100.15,48,23.7,12.1,27,12
NORMANDIN,2020-06-17,2020-06-17 9:00,2020,6,17,9:00,0,100.15,49,24.7,13.4,29,8
NORMANDIN,2020-06-17,2020-06-17 10:00,2020,6,17,10:00,0,100.1,39,26.2,11.1,0,1
NORMANDIN,2020-06-17,2020-06-17 11:00,2020,6,17,11:00,0,100.03,42,27.9,13.9,16,7
NORMANDIN,2020-06-17,2020-06-17 12:00,2020,6,17,12:00,0,99.96,44,29.3,15.6,26,11
NORMANDIN,2020-06-17,2020-06-17 13:00,2020,6,17,13:00,0,99.92,44,29.4,15.9,28,16
NORMANDIN,2020-06-17,2020-06-17 14:00,2020,6,17,14:00,0,99.83,41,30.2,15.4,26,19
NORMANDIN,2020-06-17,2020-06-17 15:00,2020,6,17,15:00,0,99.78,45,30.8,17.5,26,18
NORMANDIN,2020-06-17,2020-06-17 16:00,2020,6,17,16:00,0,99.76,44,30.5,16.7,28,22
NORMANDIN,2020-06-17,2020-06-17 17:00,2020,6,17,17:00,0,99.72,47,30,17.4,27,21
NORMANDIN,2020-06-17,2020-06-17 18:00,2020,6,17,18:00,0,99.69,43,29.8,15.7,29,15
NORMANDIN,2020-06-17,2020-06-17 19:00,2020,6,17,19:00,0,99.69,57,26.9,17.7,24,13
NORMANDIN,2020-06-17,2020-06-17 20:00,2020,6,17,20:00,0,99.7,65,23.9,16.9,23,14
NORMANDIN,2020-06-17,2020-06-17 21:00,2020,6,17,21:00,0,99.7,70,22.5,16.8,23,15
NORMANDIN,2020-06-17,2020-06-17 22:00,2020,6,17,22:00,0,99.72,72,21.7,16.5,24,16
NORMANDIN,2020-06-17,2020-06-17 23:00,2020,6,17,23:00,0,99.71,69,22,16.1,24,16
NORMANDIN,2020-06-18,2020-06-18 0:00,2020,6,18,0:00,0,99.72,60,23.7,15.4,25,18
NORMANDIN,2020-06-18,2020-06-18 1:00,2020,6,18,1:00,0,99.74,61,23.3,15.4,27,16
NORMANDIN,2020-06-18,2020-06-18 2:00,2020,6,18,2:00,0,99.74,62,22.8,15.1,27,20
NORMANDIN,2020-06-18,2020-06-18 3:00,2020,6,18,3:00,0,99.76,65,21.7,14.9,27,17
NORMANDIN,2020-06-18,2020-06-18 4:00,2020,6,18,4:00,0,99.75,74,19.4,14.6,24,16
NORMANDIN,2020-06-18,2020-06-18 5:00,2020,6,18,5:00,0,99.75,67,21,14.6,24,16
NORMANDIN,2020-06-18,2020-06-18 6:00,2020,6,18,6:00,0,99.78,64,22.9,15.8,24,8
NORMANDIN,2020-06-18,2020-06-18 7:00,2020,6,18,7:00,0,99.78,55,25.9,16.3,12,3
NORMANDIN,2020-06-18,2020-06-18 8:00,2020,6,18,8:00,0,99.8,55,26.1,16.3,28,15
NORMANDIN,2020-06-18,2020-06-18 9:00,2020,6,18,9:00,0,99.77,48,28,16.1,27,18
NORMANDIN,2020-06-18,2020-06-18 10:00,2020,6,18,10:00,0,99.73,43,30.1,16.3,28,12
NORMANDIN,2020-06-18,2020-06-18 11:00,2020,6,18,11:00,0,99.66,38,31.8,15.9,26,20
NORMANDIN,2020-06-18,2020-06-18 12:00,2020,6,18,12:00,0,99.59,36,32.7,15.8,27,20
NORMANDIN,2020-06-18,2020-06-18 13:00,2020,6,18,13:00,0,99.52,33,33.4,14.8,29,20
NORMANDIN,2020-06-18,2020-06-18 14:00,2020,6,18,14:00,0,99.47,30,33.7,13.7,25,27
NORMANDIN,2020-06-18,2020-06-18 15:00,2020,6,18,15:00,0,99.47,30,33.6,13.8,26,26
NORMANDIN,2020-06-18,2020-06-18 16:00,2020,6,18,16:00,0,99.44,33,32.9,14.7,28,23
NORMANDIN,2020-06-18,2020-06-18 17:00,2020,6,18,17:00,0,99.42,33,32.3,14.1,27,21
NORMANDIN,2020-06-18,2020-06-18 18:00,2020,6,18,18:00,0,99.4,37,31.5,14.9,30,14
NORMANDIN,2020-06-18,2020-06-18 19:00,2020,6,18,19:00,0,99.42,50,27.7,16.4,28,14
NORMANDIN,2020-06-18,2020-06-18 20:00,2020,6,18,20:00,0,99.42,57,24.7,15.5,28,11
NORMANDIN,2020-06-18,2020-06-18 21:00,2020,6,18,21:00,0,99.43,62,22.6,14.9,26,15
NORMANDIN,2020-06-18,2020-06-18 22:00,2020,6,18,22:00,0,99.43,66,21.1,14.5,26,16
NORMANDIN,2020-06-18,2020-06-18 23:00,2020,6,18,23:00,0,99.42,62,21.2,13.6,26,19
NORMANDIN,2020-06-19,2020-06-19 0:00,2020,6,19,0:00,0,99.43,58,21.3,12.8,26,15
NORMANDIN,2020-06-19,2020-06-19 1:00,2020,6,19,1:00,0,99.42,62,19.8,12.3,26,16
NORMANDIN,2020-06-19,2020-06-19 2:00,2020,6,19,2:00,0,99.43,50,21.7,10.8,27,14
NORMANDIN,2020-06-19,2020-06-19 3:00,2020,6,19,3:00,0,99.46,48,21.7,10,27,18
NORMANDIN,2020-06-19,2020-06-19 4:00,2020,6,19,4:00,0,99.49,54,19.5,10,27,17
NORMANDIN,2020-06-19,2020-06-19 5:00,2020,6,19,5:00,0,99.52,54,20.2,10.6,28,12
NORMANDIN,2020-06-19,2020-06-19 6:00,2020,6,19,6:00,0,99.53,55,22.6,13.2,25,8
NORMANDIN,2020-06-19,2020-06-19 7:00,2020,6,19,7:00,0,99.53,50,25.5,14.4,29,6
NORMANDIN,2020-06-19,2020-06-19 8:00,2020,6,19,8:00,0,99.54,46,27.3,14.6,26,13
NORMANDIN,2020-06-19,2020-06-19 9:00,2020,6,19,9:00,0,99.5,40,29.3,14.3,27,11
NORMANDIN,2020-06-19,2020-06-19 10:00,2020,6,19,10:00,0,99.47,37,30.2,14,29,12
NORMANDIN,2020-06-19,2020-06-19 11:00,2020,6,19,11:00,0,99.42,37,31,14.5,27,15
NORMANDIN,2020-06-19,2020-06-19 12:00,2020,6,19,12:00,0,99.35,35,31.7,14.4,31,14
NORMANDIN,2020-06-19,2020-06-19 13:00,2020,6,19,13:00,0,99.28,34,32.5,14.4,27,12
NORMANDIN,2020-06-19,2020-06-19 14:00,2020,6,19,14:00,0,99.23,32,32.7,13.7,28,18
NORMANDIN,2020-06-19,2020-06-19 15:00,2020,6,19,15:00,0,99.2,27,33,11.2,26,23
NORMANDIN,2020-06-19,2020-06-19 16:00,2020,6,19,16:00,0,99.2,29,32.8,12.6,30,18
NORMANDIN,2020-06-19,2020-06-19 17:00,2020,6,19,17:00,0,99.2,33,31.6,13.6,27,20
NORMANDIN,2020-06-19,2020-06-19 18:00,2020,6,19,18:00,0,99.22,37,30.4,14.1,27,18
NORMANDIN,2020-06-19,2020-06-19 19:00,2020,6,19,19:00,0,99.23,45,27.7,14.7,27,16
NORMANDIN,2020-06-19,2020-06-19 20:00,2020,6,19,20:00,0,99.24,57,23.5,14.5,26,13
NORMANDIN,2020-06-19,2020-06-19 21:00,2020,6,19,21:00,0,99.31,59,22.1,13.7,29,14
NORMANDIN,2020-06-19,2020-06-19 22:00,2020,6,19,22:00,0,99.33,62,20.8,13.1,26,15
NORMANDIN,2020-06-19,2020-06-19 23:00,2020,6,19,23:00,0,99.34,59,20.8,12.6,27,15
NORMANDIN,2020-06-20,2020-06-20 0:00,2020,6,20,0:00,0,99.41,59,20.9,12.7,32,14
NORMANDIN,2020-06-20,2020-06-20 1:00,2020,6,20,1:00,0,99.42,67,19.8,13.6,32,12
NORMANDIN,2020-06-20,2020-06-20 2:00,2020,6,20,2:00,0,99.47,73,18.3,13.3,29,12
NORMANDIN,2020-06-20,2020-06-20 3:00,2020,6,20,3:00,0,99.49,77,18.2,14,30,12
NORMANDIN,2020-06-20,2020-06-20 4:00,2020,6,20,4:00,0,99.52,81,17,13.8,31,11
NORMANDIN,2020-06-20,2020-06-20 5:00,2020,6,20,5:00,0,99.56,82,17.4,14.3,30,9
NORMANDIN,2020-06-20,2020-06-20 6:00,2020,6,20,6:00,0,99.59,81,18.9,15.6,31,10
NORMANDIN,2020-06-20,2020-06-20 7:00,2020,6,20,7:00,0,99.62,72,21.3,16,31,5
NORMANDIN,2020-06-20,2020-06-20 8:00,2020,6,20,8:00,0,99.61,66,23.4,16.6,0,1
NORMANDIN,2020-06-20,2020-06-20 9:00,2020,6,20,9:00,0,99.62,63,25.2,17.7,11,3
NORMANDIN,2020-06-20,2020-06-20 10:00,2020,6,20,10:00,0,99.61,63,26.3,18.7,5,5
NORMANDIN,2020-06-20,2020-06-20 11:00,2020,6,20,11:00,0,99.58,60,27.7,19.2,6,5
NORMANDIN,2020-06-20,2020-06-20 12:00,2020,6,20,12:00,0,99.54,54,28.1,18.1,10,9
NORMANDIN,2020-06-20,2020-06-20 13:00,2020,6,20,13:00,0,99.53,51,29.6,18.5,11,9
NORMANDIN,2020-06-20,2020-06-20 14:00,2020,6,20,14:00,0,99.51,60,27.9,19.5,18,17
NORMANDIN,2020-06-20,2020-06-20 15:00,2020,6,20,15:00,0,99.47,55,28.2,18.2,19,10
NORMANDIN,2020-06-20,2020-06-20 16:00,2020,6,20,16:00,0,99.44,61,27.2,19.2,5,7
NORMANDIN,2020-06-20,2020-06-20 17:00,2020,6,20,17:00,0,99.47,67,25,18.5,36,7
NORMANDIN,2020-06-20,2020-06-20 18:00,2020,6,20,18:00,0,99.44,66,24.4,17.7,36,11
NORMANDIN,2020-06-20,2020-06-20 19:00,2020,6,20,19:00,0,99.47,78,22.7,18.6,28,8
NORMANDIN,2020-06-20,2020-06-20 20:00,2020,6,20,20:00,0,99.5,84,21.3,18.6,34,7
NORMANDIN,2020-06-20,2020-06-20 21:00,2020,6,20,21:00,0,99.58,90,20.6,18.8,2,8
NORMANDIN,2020-06-20,2020-06-20 22:00,2020,6,20,22:00,0,99.61,78,21.3,17.3,11,11
NORMANDIN,2020-06-20,2020-06-20 23:00,2020,6,20,23:00,0,99.6,70,20.3,14.7,12,7
NORMANDIN,2020-06-21,2020-06-21 0:00,2020,6,21,0:00,0,99.65,77,18,14,6,7
NORMANDIN,2020-06-21,2020-06-21 1:00,2020,6,21,1:00,0,99.62,76,17.4,13.1,11,9
NORMANDIN,2020-06-21,2020-06-21 2:00,2020,6,21,2:00,0,99.59,90,15,13.4,19,8
NORMANDIN,2020-06-21,2020-06-21 3:00,2020,6,21,3:00,0,99.56,92,13.6,12.4,0,1
NORMANDIN,2020-06-21,2020-06-21 4:00,2020,6,21,4:00,0,99.55,92,13.2,12,19,5
NORMANDIN,2020-06-21,2020-06-21 5:00,2020,6,21,5:00,0,99.55,93,14.3,13.3,9,4
NORMANDIN,2020-06-21,2020-06-21 6:00,2020,6,21,6:00,0,99.56,87,16.4,14.3,8,8
NORMANDIN,2020-06-21,2020-06-21 7:00,2020,6,21,7:00,0,99.6,79,18.6,14.9,11,8
NORMANDIN,2020-06-21,2020-06-21 8:00,2020,6,21,8:00,0,99.59,80,19.5,16,9,7
NORMANDIN,2020-06-21,2020-06-21 9:00,2020,6,21,9:00,0,99.54,74,21.9,17,11,7
NORMANDIN,2020-06-21,2020-06-21 10:00,2020,6,21,10:00,0,99.49,72,24.2,18.7,9,9
NORMANDIN,2020-06-21,2020-06-21 11:00,2020,6,21,11:00,0,99.44,61,26.8,18.5,13,11
NORMANDIN,2020-06-21,2020-06-21 12:00,2020,6,21,12:00,0,99.36,53,29.5,18.9,13,18
NORMANDIN,2020-06-21,2020-06-21 13:00,2020,6,21,13:00,0,99.28,44,31.3,17.5,14,15
NORMANDIN,2020-06-21,2020-06-21 14:00,2020,6,21,14:00,0,99.23,45,31,17.6,14,20
NORMANDIN,2020-06-21,2020-06-21 15:00,2020,6,21,15:00,0,99.17,51,31.1,19.7,33,7
NORMANDIN,2020-06-21,2020-06-21 16:00,2020,6,21,16:00,0,99.11,50,31.5,19.8,6,6
NORMANDIN,2020-06-21,2020-06-21 17:00,2020,6,21,17:00,0,99.06,40,31.2,16.1,20,16
NORMANDIN,2020-06-21,2020-06-21 18:00,2020,6,21,18:00,0,99.06,41,31.4,16.6,19,23
NORMANDIN,2020-06-21,2020-06-21 19:00,2020,6,21,19:00,0,99.05,45,29.7,16.4,19,19
NORMANDIN,2020-06-21,2020-06-21 20:00,2020,6,21,20:00,0,99.18,58,26,17.1,32,18
NORMANDIN,2020-06-21,2020-06-21 21:00,2020,6,21,21:00,0,99.18,76,21.8,17.5,33,3
NORMANDIN,2020-06-21,2020-06-21 22:00,2020,6,21,22:00,0,99.18,71,22.5,17.1,9,4
NORMANDIN,2020-06-21,2020-06-21 23:00,2020,6,21,23:00,0,99.18,80,21,17.4,15,12
NORMANDIN,2020-06-22,2020-06-22 0:00,2020,6,22,0:00,0,99.19,84,20.7,17.8,14,6
NORMANDIN,2020-06-22,2020-06-22 1:00,2020,6,22,1:00,0,99.19,89,19.5,17.7,15,4
NORMANDIN,2020-06-22,2020-06-22 2:00,2020,6,22,2:00,0,99.21,93,18.4,17.1,13,7
NORMANDIN,2020-06-22,2020-06-22 3:00,2020,6,22,3:00,0,99.27,92,17.6,16.4,14,0
NORMANDIN,2020-06-22,2020-06-22 4:00,2020,6,22,4:00,0,99.29,96,16.7,16,16,4
NORMANDIN,2020-06-22,2020-06-22 5:00,2020,6,22,5:00,0,99.3,93,17.7,16.5,33,1
NORMANDIN,2020-06-22,2020-06-22 6:00,2020,6,22,6:00,0,99.28,80,21.9,18.4,0,1
NORMANDIN,2020-06-22,2020-06-22 7:00,2020,6,22,7:00,0,99.28,78,23.4,19.3,8,7
NORMANDIN,2020-06-22,2020-06-22 8:00,2020,6,22,8:00,0,99.29,71,25.3,19.8,8,5
NORMANDIN,2020-06-22,2020-06-22 9:00,2020,6,22,9:00,0,99.27,66,26.4,19.6,11,3
NORMANDIN,2020-06-22,2020-06-22 10:00,2020,6,22,10:00,0,99.28,64,26.7,19.4,0,1
NORMANDIN,2020-06-22,2020-06-22 11:00,2020,6,22,11:00,0,99.21,64,27.6,20.2,12,8
NORMANDIN,2020-06-22,2020-06-22 12:00,2020,6,22,12:00,0,99.12,51,29.7,18.5,20,10
NORMANDIN,2020-06-22,2020-06-22 13:00,2020,6,22,13:00,0,99.16,61,26.8,18.5,33,30
NORMANDIN,2020-06-22,2020-06-22 14:00,2020,6,22,14:00,0,99.06,60,26.8,18.3,9,17
NORMANDIN,2020-06-22,2020-06-22 15:00,2020,6,22,15:00,5.2,99.11,83,23.6,20.6,10,13
NORMANDIN,2020-06-22,2020-06-22 16:00,2020,6,22,16:00,0,99.06,73,25.7,20.5,9,11
NORMANDIN,2020-06-22,2020-06-22 17:00,2020,6,22,17:00,0,99.03,69,26.4,20.2,14,13
NORMANDIN,2020-06-22,2020-06-22 18:00,2020,6,22,18:00,0,99.04,72,25.2,19.8,13,13
NORMANDIN,2020-06-22,2020-06-22 19:00,2020,6,22,19:00,0,99.04,81,24.8,21.3,10,6
NORMANDIN,2020-06-22,2020-06-22 20:00,2020,6,22,20:00,0,99.05,78,23.9,19.9,13,11
NORMANDIN,2020-06-22,2020-06-22 21:00,2020,6,22,21:00,0,99.02,87,22,19.7,11,14
NORMANDIN,2020-06-22,2020-06-22 22:00,2020,6,22,22:00,0,99,91,20.5,19.1,15,8
NORMANDIN,2020-06-22,2020-06-22 23:00,2020,6,22,23:00,0,99.01,94,19.9,18.9,36,4
NORMANDIN,2020-06-23,2020-06-23 0:00,2020,6,23,0:00,0,99,96,19.2,18.5,1,2
NORMANDIN,2020-06-23,2020-06-23 1:00,2020,6,23,1:00,0,98.97,95,18.2,17.4,36,1
NORMANDIN,2020-06-23,2020-06-23 2:00,2020,6,23,2:00,0,98.96,98,17.4,17.1,33,4
NORMANDIN,2020-06-23,2020-06-23 3:00,2020,6,23,3:00,0,98.93,98,16.5,16.2,1,0
NORMANDIN,2020-06-23,2020-06-23 4:00,2020,6,23,4:00,0,98.91,99,16,15.9,34,4
NORMANDIN,2020-06-23,2020-06-23 5:00,2020,6,23,5:00,0,98.93,100,16.7,16.7,34,3
NORMANDIN,2020-06-23,2020-06-23 6:00,2020,6,23,6:00,0,98.92,100,18.7,18.6,0,0
NORMANDIN,2020-06-23,2020-06-23 7:00,2020,6,23,7:00,0,98.89,94,20.4,19.4,15,5
NORMANDIN,2020-06-23,2020-06-23 8:00,2020,6,23,8:00,0,98.85,85,22.5,19.9,13,6
NORMANDIN,2020-06-23,2020-06-23 9:00,2020,6,23,9:00,0,98.81,75,25.1,20.4,14,5
NORMANDIN,2020-06-23,2020-06-23 10:00,2020,6,23,10:00,0,98.78,69,26.4,20.4,12,9
NORMANDIN,2020-06-23,2020-06-23 11:00,2020,6,23,11:00,0,98.72,73,26.3,21.1,13,13
NORMANDIN,2020-06-23,2020-06-23 12:00,2020,6,23,12:00,0,98.66,69,26.7,20.6,11,11
NORMANDIN,2020-06-23,2020-06-23 13:00,2020,6,23,13:00,0,98.59,70,26.1,20.2,13,16
NORMANDIN,2020-06-23,2020-06-23 14:00,2020,6,23,14:00,0,98.5,65,27.7,20.5,14,12
NORMANDIN,2020-06-23,2020-06-23 15:00,2020,6,23,15:00,0,98.43,59,29,20.2,9,11
NORMANDIN,2020-06-23,2020-06-23 16:00,2020,6,23,16:00,0,98.41,68,26.9,20.4,7,10
NORMANDIN,2020-06-23,2020-06-23 17:00,2020,6,23,17:00,0,98.39,74,25.2,20.2,32,14
NORMANDIN,2020-06-23,2020-06-23 18:00,2020,6,23,18:00,0,98.42,85,22.5,19.9,33,11
NORMANDIN,2020-06-23,2020-06-23 19:00,2020,6,23,19:00,0,98.41,85,22.2,19.6,30,12
NORMANDIN,2020-06-23,2020-06-23 20:00,2020,6,23,20:00,0.9,98.38,93,20.5,19.3,5,7
NORMANDIN,2020-06-23,2020-06-23 21:00,2020,6,23,21:00,0,98.36,94,20.2,19.2,5,5
NORMANDIN,2020-06-23,2020-06-23 22:00,2020,6,23,22:00,0,98.3,95,20.2,19.5,11,11
NORMANDIN,2020-06-23,2020-06-23 23:00,2020,6,23,23:00,0,98.27,98,19.8,19.4,17,5
NORMANDIN,2020-06-24,2020-06-24 0:00,2020,6,24,0:00,0,98.19,96,20.1,19.4,13,11
NORMANDIN,2020-06-24,2020-06-24 1:00,2020,6,24,1:00,0,98.13,93,20,18.8,13,13
NORMANDIN,2020-06-24,2020-06-24 2:00,2020,6,24,2:00,0,98.07,97,19.8,19.3,13,10
NORMANDIN,2020-06-24,2020-06-24 3:00,2020,6,24,3:00,0,98.07,96,19.4,18.7,14,11
NORMANDIN,2020-06-24,2020-06-24 4:00,2020,6,24,4:00,0,98.15,98,19.3,19,17,6
NORMANDIN,2020-06-24,2020-06-24 5:00,2020,6,24,5:00,5.3,98.16,99,19.4,19.2,11,9
NORMANDIN,2020-06-24,2020-06-24 6:00,2020,6,24,6:00,2.4,98.11,97,19.8,19.3,14,9
NORMANDIN,2020-06-24,2020-06-24 7:00,2020,6,24,7:00,2.8,98.06,96,19.8,19.1,12,14
NORMANDIN,2020-06-24,2020-06-24 8:00,2020,6,24,8:00,1.2,98.03,98,20.2,19.9,14,16
NORMANDIN,2020-06-24,2020-06-24 9:00,2020,6,24,9:00,0.3,98,94,20.7,19.7,14,14
NORMANDIN,2020-06-24,2020-06-24 10:00,2020,6,24,10:00,0,98,96,21.2,20.5,14,13
NORMANDIN,2020-06-24,2020-06-24 11:00,2020,6,24,11:00,0,97.95,93,22,20.9,14,17
NORMANDIN,2020-06-24,2020-06-24 12:00,2020,6,24,12:00,0,97.91,86,23.4,20.9,15,16
NORMANDIN,2020-06-24,2020-06-24 13:00,2020,6,24,13:00,0,97.91,78,24.2,20.1,17,27
NORMANDIN,2020-06-24,2020-06-24 14:00,2020,6,24,14:00,0,97.91,74,25.8,20.8,17,23
NORMANDIN,2020-06-24,2020-06-24 15:00,2020,6,24,15:00,0,97.91,65,25,18,17,23
NORMANDIN,2020-06-24,2020-06-24 16:00,2020,6,24,16:00,0,97.98,53,24.9,14.5,20,34
NORMANDIN,2020-06-24,2020-06-24 17:00,2020,6,24,17:00,0,98.04,50,24.1,13,20,27
NORMANDIN,2020-06-24,2020-06-24 18:00,2020,6,24,18:00,0,98.12,55,22.7,13.2,21,33
NORMANDIN,2020-06-24,2020-06-24 19:00,2020,6,24,19:00,0,98.19,61,21,13.1,22,19
NORMANDIN,2020-06-24,2020-06-24 20:00,2020,6,24,20:00,0,98.24,70,18.7,13.2,20,15
NORMANDIN,2020-06-24,2020-06-24 21:00,2020,6,24,21:00,0,98.3,65,19.5,12.9,21,25
NORMANDIN,2020-06-24,2020-06-24 22:00,2020,6,24,22:00,0,98.37,75,17.3,12.9,22,21
NORMANDIN,2020-06-24,2020-06-24 23:00,2020,6,24,23:00,0,98.38,74,17.3,12.6,21,24
NORMANDIN,2020-06-25,2020-06-25 0:00,2020,6,25,0:00,0,98.44,74,16.3,11.6,21,21
NORMANDIN,2020-06-25,2020-06-25 1:00,2020,6,25,1:00,0,98.47,76,15.5,11.2,20,21
NORMANDIN,2020-06-25,2020-06-25 2:00,2020,6,25,2:00,0,98.48,87,13.3,11.2,16,12
NORMANDIN,2020-06-25,2020-06-25 3:00,2020,6,25,3:00,0,98.47,90,12.5,11,16,9
NORMANDIN,2020-06-25,2020-06-25 4:00,2020,6,25,4:00,0,98.48,87,13.6,11.4,16,14
NORMANDIN,2020-06-25,2020-06-25 5:00,2020,6,25,5:00,0,98.53,79,14.5,10.8,18,16
NORMANDIN,2020-06-25,2020-06-25 6:00,2020,6,25,6:00,0,98.58,80,14.8,11.3,18,17
NORMANDIN,2020-06-25,2020-06-25 7:00,2020,6,25,7:00,0,98.58,80,15.5,12.1,17,16
NORMANDIN,2020-06-25,2020-06-25 8:00,2020,6,25,8:00,0,98.57,77,15.8,11.7,16,16
NORMANDIN,2020-06-25,2020-06-25 9:00,2020,6,25,9:00,0,98.59,76,16,11.7,19,19
NORMANDIN,2020-06-25,2020-06-25 10:00,2020,6,25,10:00,0,98.58,74,16.7,12.1,19,21
NORMANDIN,2020-06-25,2020-06-25 11:00,2020,6,25,11:00,0,98.56,67,17.9,11.7,19,26
NORMANDIN,2020-06-25,2020-06-25 12:00,2020,6,25,12:00,0,98.58,68,17.9,11.9,21,23
NORMANDIN,2020-06-25,2020-06-25 13:00,2020,6,25,13:00,0,98.61,78,17.5,13.5,21,24
NORMANDIN,2020-06-25,2020-06-25 14:00,2020,6,25,14:00,0,98.63,72,18.4,13.2,21,29
NORMANDIN,2020-06-25,2020-06-25 15:00,2020,6,25,15:00,0,98.67,73,18.1,13.3,21,28
NORMANDIN,2020-06-25,2020-06-25 16:00,2020,6,25,16:00,0,98.71,81,17.2,13.9,20,25
NORMANDIN,2020-06-25,2020-06-25 17:00,2020,6,25,17:00,0,98.76,82,17.1,14,21,31
NORMANDIN,2020-06-25,2020-06-25 18:00,2020,6,25,18:00,0,98.79,71,17.8,12.6,23,26
NORMANDIN,2020-06-25,2020-06-25 19:00,2020,6,25,19:00,0,98.84,68,18,12,24,27
NORMANDIN,2020-06-25,2020-06-25 20:00,2020,6,25,20:00,0,98.91,68,17.1,11.3,25,18
NORMANDIN,2020-06-25,2020-06-25 21:00,2020,6,25,21:00,0,99,72,16.4,11.5,24,12
NORMANDIN,2020-06-25,2020-06-25 22:00,2020,6,25,22:00,0,98.98,77,16,11.9,20,12
NORMANDIN,2020-06-25,2020-06-25 23:00,2020,6,25,23:00,0,98.95,88,15,13,16,5
NORMANDIN,2020-06-26,2020-06-26 0:00,2020,6,26,0:00,0,98.92,90,14.6,12.9,16,11
NORMANDIN,2020-06-26,2020-06-26 1:00,2020,6,26,1:00,0,98.9,89,14.8,13,16,11
NORMANDIN,2020-06-26,2020-06-26 2:00,2020,6,26,2:00,0,98.84,90,14.9,13.2,15,10
NORMANDIN,2020-06-26,2020-06-26 3:00,2020,6,26,3:00,0,98.84,84,15.2,12.5,19,12
NORMANDIN,2020-06-26,2020-06-26 4:00,2020,6,26,4:00,0,98.85,82,15.2,12.1,17,12
NORMANDIN,2020-06-26,2020-06-26 5:00,2020,6,26,5:00,0,98.83,78,15.7,11.9,17,11
NORMANDIN,2020-06-26,2020-06-26 6:00,2020,6,26,6:00,0,98.84,78,15.8,12,22,14
NORMANDIN,2020-06-26,2020-06-26 7:00,2020,6,26,7:00,0,98.88,83,15.7,12.9,18,6
NORMANDIN,2020-06-26,2020-06-26 8:00,2020,6,26,8:00,0,98.87,78,16.9,13,17,10
NORMANDIN,2020-06-26,2020-06-26 9:00,2020,6,26,9:00,0,98.85,74,18.3,13.6,23,14
NORMANDIN,2020-06-26,2020-06-26 10:00,2020,6,26,10:00,0,98.81,66,19.1,12.6,23,22
NORMANDIN,2020-06-26,2020-06-26 11:00,2020,6,26,11:00,0,98.77,64,19.9,13,23,16
NORMANDIN,2020-06-26,2020-06-26 12:00,2020,6,26,12:00,0,98.75,63,19.7,12.5,22,24
NORMANDIN,2020-06-26,2020-06-26 13:00,2020,6,26,13:00,0,98.72,65,20.6,13.7,21,14
NORMANDIN,2020-06-26,2020-06-26 14:00,2020,6,26,14:00,0,98.7,61,20.8,12.9,23,22
NORMANDIN,2020-06-26,2020-06-26 15:00,2020,6,26,15:00,0,98.75,85,17.2,14.7,35,16
NORMANDIN,2020-06-26,2020-06-26 16:00,2020,6,26,16:00,1,98.76,93,16.8,15.7,35,9
NORMANDIN,2020-06-26,2020-06-26 17:00,2020,6,26,17:00,0.7,98.77,91,17.1,15.7,0,0
NORMANDIN,2020-06-26,2020-06-26 18:00,2020,6,26,18:00,0.8,98.78,90,17.5,15.8,23,6
NORMANDIN,2020-06-26,2020-06-26 19:00,2020,6,26,19:00,0.2,98.8,94,17.4,16.5,14,4
NORMANDIN,2020-06-26,2020-06-26 20:00,2020,6,26,20:00,0,98.82,96,17.1,16.4,12,2
NORMANDIN,2020-06-26,2020-06-26 21:00,2020,6,26,21:00,0,98.83,92,16.2,14.9,21,5
NORMANDIN,2020-06-26,2020-06-26 22:00,2020,6,26,22:00,0,98.8,94,15.1,14.3,25,8
NORMANDIN,2020-06-26,2020-06-26 23:00,2020,6,26,23:00,0,98.77,95,13.9,13.2,25,8
NORMANDIN,2020-06-27,2020-06-27 0:00,2020,6,27,0:00,0,98.75,97,12.7,12.2,23,0
NORMANDIN,2020-06-27,2020-06-27 1:00,2020,6,27,1:00,0,98.75,98,11.8,11.6,22,3
NORMANDIN,2020-06-27,2020-06-27 2:00,2020,6,27,2:00,0,98.73,98,11.3,11,24,5
NORMANDIN,2020-06-27,2020-06-27 3:00,2020,6,27,3:00,0,98.71,99,11.3,11.1,31,4
NORMANDIN,2020-06-27,2020-06-27 4:00,2020,6,27,4:00,0,98.73,99,11.7,11.4,0,1
NORMANDIN,2020-06-27,2020-06-27 5:00,2020,6,27,5:00,0,98.69,100,12.5,12.4,4,3
NORMANDIN,2020-06-27,2020-06-27 6:00,2020,6,27,6:00,0,98.7,98,13.8,13.5,0,1
NORMANDIN,2020-06-27,2020-06-27 7:00,2020,6,27,7:00,0,98.73,96,14.9,14.3,33,0
NORMANDIN,2020-06-27,2020-06-27 8:00,2020,6,27,8:00,0,98.69,93,16.1,14.9,11,2
NORMANDIN,2020-06-27,2020-06-27 9:00,2020,6,27,9:00,0,98.65,88,17.9,16,14,8
NORMANDIN,2020-06-27,2020-06-27 10:00,2020,6,27,10:00,0,98.63,81,19.9,16.4,13,4
NORMANDIN,2020-06-27,2020-06-27 11:00,2020,6,27,11:00,0,98.61,80,20.8,17.3,15,9
NORMANDIN,2020-06-27,2020-06-27 12:00,2020,6,27,12:00,0,98.6,81,20.4,17,14,6
NORMANDIN,2020-06-27,2020-06-27 13:00,2020,6,27,13:00,6.2,98.6,89,18.6,16.8,5,5
NORMANDIN,2020-06-27,2020-06-27 14:00,2020,6,27,14:00,0,98.62,84,18.6,15.9,36,8
NORMANDIN,2020-06-27,2020-06-27 15:00,2020,6,27,15:00,0,98.62,86,19.1,16.7,4,2
NORMANDIN,2020-06-27,2020-06-27 16:00,2020,6,27,16:00,0,98.63,91,19,17.4,15,12
NORMANDIN,2020-06-27,2020-06-27 17:00,2020,6,27,17:00,0,98.61,87,18.9,16.6,14,3
NORMANDIN,2020-06-27,2020-06-27 18:00,2020,6,27,18:00,0,98.64,86,19.3,16.9,13,5
NORMANDIN,2020-06-27,2020-06-27 19:00,2020,6,27,19:00,0.3,98.66,96,17.9,17.2,15,8
NORMANDIN,2020-06-27,2020-06-27 20:00,2020,6,27,20:00,0.3,98.69,97,17.4,17,17,5
NORMANDIN,2020-06-27,2020-06-27 21:00,2020,6,27,21:00,0,98.72,98,17.2,16.9,18,4
NORMANDIN,2020-06-27,2020-06-27 22:00,2020,6,27,22:00,0,98.7,98,16.9,16.5,17,1
NORMANDIN,2020-06-27,2020-06-27 23:00,2020,6,27,23:00,0,98.69,99,16.9,16.7,0,1
NORMANDIN,2020-06-28,2020-06-28 0:00,2020,6,28,0:00,0,98.69,99,16.7,16.6,4,1
NORMANDIN,2020-06-28,2020-06-28 1:00,2020,6,28,1:00,0,98.72,100,16.3,16.3,7,4
NORMANDIN,2020-06-28,2020-06-28 2:00,2020,6,28,2:00,0,98.73,98,16.3,15.9,11,1
NORMANDIN,2020-06-28,2020-06-28 3:00,2020,6,28,3:00,0,98.76,99,15.9,15.8,0,1
NORMANDIN,2020-06-28,2020-06-28 4:00,2020,6,28,4:00,0,98.77,99,16.2,16,1,2
NORMANDIN,2020-06-28,2020-06-28 5:00,2020,6,28,5:00,0,98.84,99,16.3,16.1,4,5
NORMANDIN,2020-06-28,2020-06-28 6:00,2020,6,28,6:00,0,98.89,98,16.7,16.3,5,5
NORMANDIN,2020-06-28,2020-06-28 7:00,2020,6,28,7:00,0,98.95,95,17.3,16.4,3,6
NORMANDIN,2020-06-28,2020-06-28 8:00,2020,6,28,8:00,0,98.99,91,18.8,17.3,5,4
NORMANDIN,2020-06-28,2020-06-28 9:00,2020,6,28,9:00,0,99,79,20.3,16.5,13,6
NORMANDIN,2020-06-28,2020-06-28 10:00,2020,6,28,10:00,0,99,75,21.2,16.6,14,3
NORMANDIN,2020-06-28,2020-06-28 11:00,2020,6,28,11:00,0,98.98,76,20.9,16.6,36,4
NORMANDIN,2020-06-28,2020-06-28 12:00,2020,6,28,12:00,0,98.96,72,23.1,17.7,25,4
NORMANDIN,2020-06-28,2020-06-28 13:00,2020,6,28,13:00,0,98.95,66,24,17.3,15,7
NORMANDIN,2020-06-28,2020-06-28 14:00,2020,6,28,14:00,0,99.01,73,20.1,15.2,5,19
NORMANDIN,2020-06-28,2020-06-28 15:00,2020,6,28,15:00,0,99.12,88,18.4,16.4,1,10
NORMANDIN,2020-06-28,2020-06-28 16:00,2020,6,28,16:00,0,99.12,86,19.3,16.9,2,4
NORMANDIN,2020-06-28,2020-06-28 17:00,2020,6,28,17:00,0,99.16,74,21.6,16.8,13,7
NORMANDIN,2020-06-28,2020-06-28 18:00,2020,6,28,18:00,0,99.15,83,20.8,17.7,12,5
NORMANDIN,2020-06-28,2020-06-28 19:00,2020,6,28,19:00,0,99.24,89,19.7,17.8,15,4
NORMANDIN,2020-06-28,2020-06-28 20:00,2020,6,28,20:00,0,99.3,88,18.1,16.1,14,1
NORMANDIN,2020-06-28,2020-06-28 21:00,2020,6,28,21:00,0,99.36,95,15.8,15,2,6
NORMANDIN,2020-06-28,2020-06-28 22:00,2020,6,28,22:00,0,99.43,95,15.5,14.8,4,4
NORMANDIN,2020-06-28,2020-06-28 23:00,2020,6,28,23:00,0,99.48,92,16.7,15.3,5,5
NORMANDIN,2020-06-29,2020-06-29 0:00,2020,6,29,0:00,0,99.53,93,16.5,15.4,6,3
NORMANDIN,2020-06-29,2020-06-29 1:00,2020,6,29,1:00,0,99.54,94,16.2,15.2,3,8
NORMANDIN,2020-06-29,2020-06-29 2:00,2020,6,29,2:00,0,99.6,93,16.3,15.2,3,6
NORMANDIN,2020-06-29,2020-06-29 3:00,2020,6,29,3:00,0,99.61,94,16.4,15.4,8,4
NORMANDIN,2020-06-29,2020-06-29 4:00,2020,6,29,4:00,0,99.67,95,16.2,15.5,4,4
NORMANDIN,2020-06-29,2020-06-29 5:00,2020,6,29,5:00,0,99.76,94,16.6,15.7,36,6
NORMANDIN,2020-06-29,2020-06-29 6:00,2020,6,29,6:00,0,99.83,93,17.1,16,36,6
NORMANDIN,2020-06-29,2020-06-29 7:00,2020,6,29,7:00,0,99.94,90,18,16.3,2,6
NORMANDIN,2020-06-29,2020-06-29 8:00,2020,6,29,8:00,0,100.01,83,19.2,16.3,8,9
NORMANDIN,2020-06-29,2020-06-29 9:00,2020,6,29,9:00,0,100.03,78,20.1,16.2,10,6
NORMANDIN,2020-06-29,2020-06-29 10:00,2020,6,29,10:00,0,100.04,78,20.8,16.8,8,7
NORMANDIN,2020-06-29,2020-06-29 11:00,2020,6,29,11:00,0,100.02,75,21.7,17.1,8,7
NORMANDIN,2020-06-29,2020-06-29 12:00,2020,6,29,12:00,0,100.02,73,22.7,17.5,13,5
NORMANDIN,2020-06-29,2020-06-29 13:00,2020,6,29,13:00,0,100.02,70,22.9,17.2,10,6
NORMANDIN,2020-06-29,2020-06-29 14:00,2020,6,29,14:00,0,100,63,24.4,17,17,4
NORMANDIN,2020-06-29,2020-06-29 15:00,2020,6,29,15:00,0,100.01,68,23.8,17.6,2,6
NORMANDIN,2020-06-29,2020-06-29 16:00,2020,6,29,16:00,0,100.03,81,23.3,19.8,24,8
NORMANDIN,2020-06-29,2020-06-29 17:00,2020,6,29,17:00,0,100.04,69,24.6,18.4,25,6
NORMANDIN,2020-06-29,2020-06-29 18:00,2020,6,29,18:00,0,100.05,68,24.6,18.3,25,3
NORMANDIN,2020-06-29,2020-06-29 19:00,2020,6,29,19:00,0,100.04,71,24.5,18.8,9,0
NORMANDIN,2020-06-29,2020-06-29 20:00,2020,6,29,20:00,0,100.04,80,21.2,17.7,22,5
NORMANDIN,2020-06-29,2020-06-29 21:00,2020,6,29,21:00,0,100.05,93,17.8,16.5,25,2
NORMANDIN,2020-06-29,2020-06-29 22:00,2020,6,29,22:00,0,100.05,97,16.7,16.2,33,9
NORMANDIN,2020-06-29,2020-06-29 23:00,2020,6,29,23:00,0,100.08,94,16.2,15.2,0,0
NORMANDIN,2020-06-30,2020-06-30 0:00,2020,6,30,0:00,0,100.08,98,16,15.6,25,6
NORMANDIN,2020-06-30,2020-06-30 1:00,2020,6,30,1:00,0,100.09,97,15.1,14.7,31,7
NORMANDIN,2020-06-30,2020-06-30 2:00,2020,6,30,2:00,0,100.1,98,14,13.7,35,3
NORMANDIN,2020-06-30,2020-06-30 3:00,2020,6,30,3:00,0,100.16,99,13.4,13.3,32,11
NORMANDIN,2020-06-30,2020-06-30 4:00,2020,6,30,4:00,0,100.16,99,12.8,12.7,33,9
NORMANDIN,2020-06-30,2020-06-30 5:00,2020,6,30,5:00,0,100.22,98,14.3,14,32,7
NORMANDIN,2020-06-30,2020-06-30 6:00,2020,6,30,6:00,0,100.24,93,16.7,15.5,35,6
NORMANDIN,2020-06-30,2020-06-30 7:00,2020,6,30,7:00,0,100.26,80,19.7,16.2,10,1
NORMANDIN,2020-06-30,2020-06-30 8:00,2020,6,30,8:00,0,100.22,74,21.3,16.4,9,5
NORMANDIN,2020-06-30,2020-06-30 9:00,2020,6,30,9:00,0,100.19,70,22.7,16.9,8,6
NORMANDIN,2020-06-30,2020-06-30 10:00,2020,6,30,10:00,0,100.13,63,23.9,16.3,11,10
NORMANDIN,2020-06-30,2020-06-30 11:00,2020,6,30,11:00,0,100.09,61,24.6,16.7,7,9
NORMANDIN,2020-06-30,2020-06-30 12:00,2020,6,30,12:00,0,100.04,55,25.9,16.2,9,8
NORMANDIN,2020-06-30,2020-06-30 13:00,2020,6,30,13:00,0,99.98,50,26.7,15.5,8,4
NORMANDIN,2020-06-30,2020-06-30 14:00,2020,6,30,14:00,0,99.92,50,27.3,16,18,12
NORMANDIN,2020-06-30,2020-06-30 15:00,2020,6,30,15:00,0,99.87,49,27.6,15.8,20,7
NORMANDIN,2020-06-30,2020-06-30 16:00,2020,6,30,16:00,0,99.83,52,27.5,16.7,22,8
NORMANDIN,2020-06-30,2020-06-30 17:00,2020,6,30,17:00,0,99.79,50,27.8,16.3,18,7
NORMANDIN,2020-06-30,2020-06-30 18:00,2020,6,30,18:00,0,99.75,57,27.3,18.1,19,8
NORMANDIN,2020-06-30,2020-06-30 19:00,2020,6,30,19:00,0,99.72,69,24.9,18.9,14,12
NORMANDIN,2020-06-30,2020-06-30 20:00,2020,6,30,20:00,0,99.74,80,22,18.5,14,9
NORMANDIN,2020-06-30,2020-06-30 21:00,2020,6,30,21:00,0,99.78,83,20.1,17.1,18,5
NORMANDIN,2020-06-30,2020-06-30 22:00,2020,6,30,22:00,0,99.79,91,17.8,16.4,0,0
NORMANDIN,2020-06-30,2020-06-30 23:00,2020,6,30,23:00,0,99.76,93,16.7,15.5,0,0
NORMANDIN,2020-07-01,2020-07-01 0:00,2020,7,1,0:00,0,99.7,97,15.7,15.3,33,9
NORMANDIN,2020-07-01,2020-07-01 1:00,2020,7,1,1:00,0,99.66,97,15.6,15.2,0,1
NORMANDIN,2020-07-01,2020-07-01 2:00,2020,7,1,2:00,0,99.63,97,14.5,14.1,30,8
NORMANDIN,2020-07-01,2020-07-01 3:00,2020,7,1,3:00,0,99.61,93,13.8,12.7,28,4
NORMANDIN,2020-07-01,2020-07-01 4:00,2020,7,1,4:00,0,99.59,98,14.6,14.2,25,10
NORMANDIN,2020-07-01,2020-07-01 5:00,2020,7,1,5:00,0,99.6,93,15.8,14.7,29,11
NORMANDIN,2020-07-01,2020-07-01 6:00,2020,7,1,6:00,0,99.61,91,17.5,15.9,32,10
NORMANDIN,2020-07-01,2020-07-01 7:00,2020,7,1,7:00,0,99.59,83,19.9,16.9,31,15
NORMANDIN,2020-07-01,2020-07-01 8:00,2020,7,1,8:00,0,99.6,79,21.1,17.2,34,8
NORMANDIN,2020-07-01,2020-07-01 9:00,2020,7,1,9:00,0,99.54,72,23.7,18.4,31,2
NORMANDIN,2020-07-01,2020-07-01 10:00,2020,7,1,10:00,0,99.48,64,26.8,19.3,35,3
NORMANDIN,2020-07-01,2020-07-01 11:00,2020,7,1,11:00,0,99.4,56,29,19.4,4,3
NORMANDIN,2020-07-01,2020-07-01 12:00,2020,7,1,12:00,0,99.34,43,30.1,16.2,2,8
NORMANDIN,2020-07-01,2020-07-01 13:00,2020,7,1,13:00,0,99.28,38,30.9,15,32,5
NORMANDIN,2020-07-01,2020-07-01 14:00,2020,7,1,14:00,0,99.2,51,30.8,19.6,30,8
NORMANDIN,2020-07-01,2020-07-01 15:00,2020,7,1,15:00,0,99.13,43,31,16.8,34,9
NORMANDIN,2020-07-01,2020-07-01 16:00,2020,7,1,16:00,0,99.09,44,30.9,17.1,33,8
NORMANDIN,2020-07-01,2020-07-01 17:00,2020,7,1,17:00,0,99.05,47,30.4,17.7,33,8
NORMANDIN,2020-07-01,2020-07-01 18:00,2020,7,1,18:00,0,99.03,52,30.4,19.6,32,4
NORMANDIN,2020-07-01,2020-07-01 19:00,2020,7,1,19:00,0,99,62,27.2,19.3,30,7
NORMANDIN,2020-07-01,2020-07-01 20:00,2020,7,1,20:00,0,99.01,78,22.3,18.1,27,9
NORMANDIN,2020-07-01,2020-07-01 21:00,2020,7,1,21:00,0,98.97,77,20.5,16.4,27,12
NORMANDIN,2020-07-01,2020-07-01 22:00,2020,7,1,22:00,0,98.97,76,20.5,16.1,28,13
NORMANDIN,2020-07-01,2020-07-01 23:00,2020,7,1,23:00,0,98.94,73,20.7,15.8,29,14
NORMANDIN,2020-07-02,2020-07-02 0:00,2020,7,2,0:00,0,98.89,73,20.7,15.7,29,14
NORMANDIN,2020-07-02,2020-07-02 1:00,2020,7,2,1:00,0,98.85,78,19.4,15.4,30,14
NORMANDIN,2020-07-02,2020-07-02 2:00,2020,7,2,2:00,0,98.82,77,19,14.9,30,14
NORMANDIN,2020-07-02,2020-07-02 3:00,2020,7,2,3:00,0,98.81,79,18.4,14.7,30,15
NORMANDIN,2020-07-02,2020-07-02 4:00,2020,7,2,4:00,0,98.82,76,18.7,14.5,31,14
NORMANDIN,2020-07-02,2020-07-02 5:00,2020,7,2,5:00,0,98.83,75,19.7,15.1,30,16
NORMANDIN,2020-07-02,2020-07-02 6:00,2020,7,2,6:00,0,98.94,71,21,15.5,31,18
NORMANDIN,2020-07-02,2020-07-02 7:00,2020,7,2,7:00,0,99.01,74,21.4,16.5,34,16
NORMANDIN,2020-07-02,2020-07-02 8:00,2020,7,2,8:00,0,99.01,75,21.1,16.4,3,11
NORMANDIN,2020-07-02,2020-07-02 9:00,2020,7,2,9:00,0,99.07,78,21.2,17.2,35,11
NORMANDIN,2020-07-02,2020-07-02 10:00,2020,7,2,10:00,0,99.11,77,21.6,17.5,33,11
NORMANDIN,2020-07-02,2020-07-02 11:00,2020,7,2,11:00,0,99.11,73,22.5,17.4,2,18
NORMANDIN,2020-07-02,2020-07-02 12:00,2020,7,2,12:00,0,99.12,69,22.3,16.3,3,11
NORMANDIN,2020-07-02,2020-07-02 13:00,2020,7,2,13:00,0,99.13,70,23.1,17.3,1,14
NORMANDIN,2020-07-02,2020-07-02 14:00,2020,7,2,14:00,0,99.16,70,23.3,17.5,1,9
NORMANDIN,2020-07-02,2020-07-02 15:00,2020,7,2,15:00,0,99.13,57,25.4,16.3,1,6
NORMANDIN,2020-07-02,2020-07-02 16:00,2020,7,2,16:00,0,99.11,57,26.1,17,2,3
NORMANDIN,2020-07-02,2020-07-02 17:00,2020,7,2,17:00,0,99.1,53,26.3,16.1,8,5
NORMANDIN,2020-07-02,2020-07-02 18:00,2020,7,2,18:00,0,99.09,56,26.2,16.8,15,6
NORMANDIN,2020-07-02,2020-07-02 19:00,2020,7,2,19:00,0,99.11,66,24.8,18,19,3
NORMANDIN,2020-07-02,2020-07-02 20:00,2020,7,2,20:00,0,99.16,81,20.5,17.1,30,7
NORMANDIN,2020-07-02,2020-07-02 21:00,2020,7,2,21:00,0,99.23,90,19,17.3,8,3
NORMANDIN,2020-07-02,2020-07-02 22:00,2020,7,2,22:00,0,99.29,98,16.2,15.9,2,6
NORMANDIN,2020-07-02,2020-07-02 23:00,2020,7,2,23:00,0,99.32,94,14.3,13.4,34,7
NORMANDIN,2020-07-03,2020-07-03 0:00,2020,7,3,0:00,0,99.35,95,13.9,13.2,33,10
NORMANDIN,2020-07-03,2020-07-03 1:00,2020,7,3,1:00,0,99.35,97,12.9,12.5,32,10
NORMANDIN,2020-07-03,2020-07-03 2:00,2020,7,3,2:00,0,99.35,94,13.1,12.1,31,10
NORMANDIN,2020-07-03,2020-07-03 3:00,2020,7,3,3:00,0,99.34,95,11.8,11.1,30,9
NORMANDIN,2020-07-03,2020-07-03 4:00,2020,7,3,4:00,0,99.36,93,11.8,10.8,30,10
NORMANDIN,2020-07-03,2020-07-03 5:00,2020,7,3,5:00,0,99.4,92,12.4,11.1,30,9
NORMANDIN,2020-07-03,2020-07-03 6:00,2020,7,3,6:00,0,99.44,88,14,12.1,31,7
NORMANDIN,2020-07-03,2020-07-03 7:00,2020,7,3,7:00,0,99.47,71,16.7,11.5,34,10
NORMANDIN,2020-07-03,2020-07-03 8:00,2020,7,3,8:00,0,99.47,68,18,12,35,7
NORMANDIN,2020-07-03,2020-07-03 9:00,2020,7,3,9:00,0,99.49,67,19.5,13.2,30,9
NORMANDIN,2020-07-03,2020-07-03 10:00,2020,7,3,10:00,0,99.48,62,21.5,13.8,33,7
NORMANDIN,2020-07-03,2020-07-03 11:00,2020,7,3,11:00,0,99.43,49,24.1,12.7,35,8
NORMANDIN,2020-07-03,2020-07-03 12:00,2020,7,3,12:00,0,99.39,42,24.8,10.9,32,16
NORMANDIN,2020-07-03,2020-07-03 13:00,2020,7,3,13:00,0,99.36,33,25.4,8,32,16
NORMANDIN,2020-07-03,2020-07-03 14:00,2020,7,3,14:00,0,99.35,41,24.1,10.1,30,17
NORMANDIN,2020-07-03,2020-07-03 15:00,2020,7,3,15:00,0,99.32,40,25.8,11.3,34,13
NORMANDIN,2020-07-03,2020-07-03 16:00,2020,7,3,16:00,0,99.29,38,26.1,10.7,31,13
NORMANDIN,2020-07-03,2020-07-03 17:00,2020,7,3,17:00,0,99.27,34,25.9,8.8,32,16
NORMANDIN,2020-07-03,2020-07-03 18:00,2020,7,3,18:00,0,99.24,44,24.7,11.6,30,9
NORMANDIN,2020-07-03,2020-07-03 19:00,2020,7,3,19:00,0,99.24,50,22.5,11.7,30,10
NORMANDIN,2020-07-03,2020-07-03 20:00,2020,7,3,20:00,0,99.26,61,18.4,10.8,29,10
NORMANDIN,2020-07-03,2020-07-03 21:00,2020,7,3,21:00,0,99.32,70,15.9,10.5,31,12
NORMANDIN,2020-07-03,2020-07-03 22:00,2020,7,3,22:00,0,99.35,68,15.5,9.7,32,10
NORMANDIN,2020-07-03,2020-07-03 23:00,2020,7,3,23:00,0,99.42,70,14.4,8.9,29,13
NORMANDIN,2020-07-04,2020-07-04 0:00,2020,7,4,0:00,0,99.44,72,13,8.1,29,13
NORMANDIN,2020-07-04,2020-07-04 1:00,2020,7,4,1:00,0,99.46,70,12.8,7.5,29,15
NORMANDIN,2020-07-04,2020-07-04 2:00,2020,7,4,2:00,0,99.5,76,11.5,7.4,29,13
NORMANDIN,2020-07-04,2020-07-04 3:00,2020,7,4,3:00,0,99.53,74,11.9,7.5,30,15
NORMANDIN,2020-07-04,2020-07-04 4:00,2020,7,4,4:00,0,99.55,79,11.2,7.7,31,14
NORMANDIN,2020-07-04,2020-07-04 5:00,2020,7,4,5:00,0,99.58,76,12.3,8.3,30,14
NORMANDIN,2020-07-04,2020-07-04 6:00,2020,7,4,6:00,0,99.6,69,15.1,9.5,31,14
NORMANDIN,2020-07-04,2020-07-04 7:00,2020,7,4,7:00,0,99.63,62,17.3,9.9,31,17
NORMANDIN,2020-07-04,2020-07-04 8:00,2020,7,4,8:00,0,99.63,58,19.1,10.7,32,13
NORMANDIN,2020-07-04,2020-07-04 9:00,2020,7,4,9:00,0,99.64,53,20.3,10.5,33,14
NORMANDIN,2020-07-04,2020-07-04 10:00,2020,7,4,10:00,0,99.65,45,21.6,9,36,13
NORMANDIN,2020-07-04,2020-07-04 11:00,2020,7,4,11:00,0,99.62,39,22.6,7.8,34,11
NORMANDIN,2020-07-04,2020-07-04 12:00,2020,7,4,12:00,0,99.57,41,23.7,9.7,1,11
NORMANDIN,2020-07-04,2020-07-04 13:00,2020,7,4,13:00,0,99.52,37,24,8.7,35,11
NORMANDIN,2020-07-04,2020-07-04 14:00,2020,7,4,14:00,0,99.48,29,24.7,5.7,28,11
NORMANDIN,2020-07-04,2020-07-04 15:00,2020,7,4,15:00,0,99.5,34,23.9,7,33,13
NORMANDIN,2020-07-04,2020-07-04 16:00,2020,7,4,16:00,0,99.5,32,25.3,7.2,31,10
NORMANDIN,2020-07-04,2020-07-04 17:00,2020,7,4,17:00,0,99.49,32,24,6.3,30,14
NORMANDIN,2020-07-04,2020-07-04 18:00,2020,7,4,18:00,0,99.49,47,22.7,10.8,32,7
NORMANDIN,2020-07-04,2020-07-04 19:00,2020,7,4,19:00,0,99.5,58,20.6,12.1,31,8
NORMANDIN,2020-07-04,2020-07-04 20:00,2020,7,4,20:00,0,99.5,59,19.1,11,31,9
NORMANDIN,2020-07-04,2020-07-04 21:00,2020,7,4,21:00,0,99.5,65,17.3,10.6,32,10
NORMANDIN,2020-07-04,2020-07-04 22:00,2020,7,4,22:00,0,99.5,67,16.4,10.2,30,8
NORMANDIN,2020-07-04,2020-07-04 23:00,2020,7,4,23:00,0,99.51,68,16.3,10.3,29,11
NORMANDIN,2020-07-05,2020-07-05 0:00,2020,7,5,0:00,0,99.48,68,15.7,9.9,29,10
NORMANDIN,2020-07-05,2020-07-05 1:00,2020,7,5,1:00,0,99.46,76,13.7,9.5,30,11
NORMANDIN,2020-07-05,2020-07-05 2:00,2020,7,5,2:00,0,99.46,79,13.2,9.6,30,11
NORMANDIN,2020-07-05,2020-07-05 3:00,2020,7,5,3:00,0,99.48,78,14,10.3,30,6
NORMANDIN,2020-07-05,2020-07-05 4:00,2020,7,5,4:00,0,99.49,75,14.3,10,31,9
NORMANDIN,2020-07-05,2020-07-05 5:00,2020,7,5,5:00,0,99.54,76,14.7,10.5,30,10
NORMANDIN,2020-07-05,2020-07-05 6:00,2020,7,5,6:00,0,99.57,72,15.7,10.5,32,6
NORMANDIN,2020-07-05,2020-07-05 7:00,2020,7,5,7:00,0,99.63,76,16.2,11.9,27,8
NORMANDIN,2020-07-05,2020-07-05 8:00,2020,7,5,8:00,0,99.62,56,19.3,10.2,28,12
NORMANDIN,2020-07-05,2020-07-05 9:00,2020,7,5,9:00,0,99.6,40,22.4,8.1,29,10
NORMANDIN,2020-07-05,2020-07-05 10:00,2020,7,5,10:00,0,99.58,35,23.8,7.3,30,10
NORMANDIN,2020-07-05,2020-07-05 11:00,2020,7,5,11:00,0,99.55,35,24.4,8,28,7
NORMANDIN,2020-07-05,2020-07-05 12:00,2020,7,5,12:00,0,99.51,33,25.5,7.8,31,10
NORMANDIN,2020-07-05,2020-07-05 13:00,2020,7,5,13:00,0,99.49,32,25.2,7.6,34,13
NORMANDIN,2020-07-05,2020-07-05 14:00,2020,7,5,14:00,0,99.47,33,25.3,7.8,2,10
NORMANDIN,2020-07-05,2020-07-05 15:00,2020,7,5,15:00,0,99.46,32,25.4,7.7,10,3
NORMANDIN,2020-07-05,2020-07-05 16:00,2020,7,5,16:00,0,99.46,41,24.2,10.2,32,6
NORMANDIN,2020-07-05,2020-07-05 17:00,2020,7,5,17:00,0,99.46,34,26.4,9.1,34,7
NORMANDIN,2020-07-05,2020-07-05 18:00,2020,7,5,18:00,0,99.5,37,23.3,7.9,34,10
NORMANDIN,2020-07-05,2020-07-05 19:00,2020,7,5,19:00,0,99.64,46,21.3,9.1,7,28
NORMANDIN,2020-07-05,2020-07-05 20:00,2020,7,5,20:00,0,99.76,56,18.5,9.4,6,12
NORMANDIN,2020-07-05,2020-07-05 21:00,2020,7,5,21:00,0,99.84,70,15.2,9.7,4,3
NORMANDIN,2020-07-05,2020-07-05 22:00,2020,7,5,22:00,0,99.87,87,11.8,9.7,35,7
NORMANDIN,2020-07-05,2020-07-05 23:00,2020,7,5,23:00,0,99.9,89,11,9.2,35,5
NORMANDIN,2020-07-06,2020-07-06 0:00,2020,7,6,0:00,0,99.93,91,10,8.6,34,7
NORMANDIN,2020-07-06,2020-07-06 1:00,2020,7,6,1:00,0,99.93,90,9.4,7.9,32,7
NORMANDIN,2020-07-06,2020-07-06 2:00,2020,7,6,2:00,0,99.98,93,8.2,7.2,29,6
NORMANDIN,2020-07-06,2020-07-06 3:00,2020,7,6,3:00,0,100.03,95,7.9,7.2,30,9
NORMANDIN,2020-07-06,2020-07-06 4:00,2020,7,6,4:00,0,100.11,96,7.9,7.3,33,11
NORMANDIN,2020-07-06,2020-07-06 5:00,2020,7,6,5:00,0,100.14,94,9.2,8.3,35,4
NORMANDIN,2020-07-06,2020-07-06 6:00,2020,7,6,6:00,0,100.2,85,12.7,10.2,3,4
NORMANDIN,2020-07-06,2020-07-06 7:00,2020,7,6,7:00,0,100.24,82,15.6,12.4,8,3
NORMANDIN,2020-07-06,2020-07-06 8:00,2020,7,6,8:00,0,100.25,79,17.3,13.7,15,6
NORMANDIN,2020-07-06,2020-07-06 9:00,2020,7,6,9:00,0,100.27,70,18.7,13.1,18,8
NORMANDIN,2020-07-06,2020-07-06 10:00,2020,7,6,10:00,0,100.21,63,20.4,13.2,15,9
NORMANDIN,2020-07-06,2020-07-06 11:00,2020,7,6,11:00,0,100.18,53,21.7,11.5,17,12
NORMANDIN,2020-07-06,2020-07-06 12:00,2020,7,6,12:00,0,100.19,42,22.5,9.1,13,7
NORMANDIN,2020-07-06,2020-07-06 13:00,2020,7,6,13:00,0,100.16,42,23.3,9.6,16,10
NORMANDIN,2020-07-06,2020-07-06 14:00,2020,7,6,14:00,0,100.12,40,23.8,9.5,14,12
NORMANDIN,2020-07-06,2020-07-06 15:00,2020,7,6,15:00,0,100.07,36,24.2,8.1,14,11
NORMANDIN,2020-07-06,2020-07-06 16:00,2020,7,6,16:00,0,100.03,37,24.5,8.7,13,12
NORMANDIN,2020-07-06,2020-07-06 17:00,2020,7,6,17:00,0,100,39,24,9.3,13,15
NORMANDIN,2020-07-06,2020-07-06 18:00,2020,7,6,18:00,0,100,41,23,9.2,13,13
NORMANDIN,2020-07-06,2020-07-06 19:00,2020,7,6,19:00,0,100.01,57,20.6,11.8,14,8
NORMANDIN,2020-07-06,2020-07-06 20:00,2020,7,6,20:00,0,99.94,61,19,11.4,12,5
NORMANDIN,2020-07-06,2020-07-06 21:00,2020,7,6,21:00,0,99.95,74,16.4,11.8,13,5
NORMANDIN,2020-07-06,2020-07-06 22:00,2020,7,6,22:00,0,99.99,86,13.9,11.6,0,1
NORMANDIN,2020-07-06,2020-07-06 23:00,2020,7,6,23:00,0,100.02,86,14.2,11.9,12,5
NORMANDIN,2020-07-07,2020-07-07 0:00,2020,7,7,0:00,0,99.99,80,16.4,13,8,10
NORMANDIN,2020-07-07,2020-07-07 1:00,2020,7,7,1:00,0,99.96,86,14.4,12.2,7,7
NORMANDIN,2020-07-07,2020-07-07 2:00,2020,7,7,2:00,0,99.94,92,13.6,12.4,19,2
NORMANDIN,2020-07-07,2020-07-07 3:00,2020,7,7,3:00,0,99.89,94,13.3,12.3,6,4
NORMANDIN,2020-07-07,2020-07-07 4:00,2020,7,7,4:00,0,99.88,95,13.6,12.8,8,6
NORMANDIN,2020-07-07,2020-07-07 5:00,2020,7,7,5:00,0,99.87,92,14.8,13.5,8,8
NORMANDIN,2020-07-07,2020-07-07 6:00,2020,7,7,6:00,0,99.85,89,15.8,14,9,5
NORMANDIN,2020-07-07,2020-07-07 7:00,2020,7,7,7:00,0,99.82,71,17.9,12.6,13,11
NORMANDIN,2020-07-07,2020-07-07 8:00,2020,7,7,8:00,0,99.82,69,19.1,13.2,13,11
NORMANDIN,2020-07-07,2020-07-07 9:00,2020,7,7,9:00,0,99.79,79,18.9,15.2,13,14
NORMANDIN,2020-07-07,2020-07-07 10:00,2020,7,7,10:00,0,99.79,86,18.7,16.4,14,10
NORMANDIN,2020-07-07,2020-07-07 11:00,2020,7,7,11:00,0.7,99.66,86,17.9,15.5,14,17
NORMANDIN,2020-07-07,2020-07-07 12:00,2020,7,7,12:00,0.2,99.65,88,17.8,15.8,9,9
NORMANDIN,2020-07-07,2020-07-07 13:00,2020,7,7,13:00,0.9,99.6,91,17.8,16.4,13,12
NORMANDIN,2020-07-07,2020-07-07 14:00,2020,7,7,14:00,0.8,99.61,92,18.1,16.7,14,11
NORMANDIN,2020-07-07,2020-07-07 15:00,2020,7,7,15:00,1.7,99.58,94,18.4,17.4,15,17
NORMANDIN,2020-07-07,2020-07-07 16:00,2020,7,7,16:00,1,99.49,94,18.2,17.3,14,16
NORMANDIN,2020-07-07,2020-07-07 17:00,2020,7,7,17:00,0.5,99.37,93,18.2,17.1,14,19
NORMANDIN,2020-07-07,2020-07-07 18:00,2020,7,7,18:00,0,99.35,93,18.6,17.4,14,18
NORMANDIN,2020-07-07,2020-07-07 19:00,2020,7,7,19:00,0,99.32,95,18.5,17.7,14,16
NORMANDIN,2020-07-07,2020-07-07 20:00,2020,7,7,20:00,0,99.32,97,18.4,17.9,15,7
NORMANDIN,2020-07-07,2020-07-07 21:00,2020,7,7,21:00,0,99.3,97,18.4,17.9,17,7
NORMANDIN,2020-07-07,2020-07-07 22:00,2020,7,7,22:00,0,99.25,98,17.8,17.5,15,8
NORMANDIN,2020-07-07,2020-07-07 23:00,2020,7,7,23:00,0,99.25,99,17.6,17.4,15,10
NORMANDIN,2020-07-08,2020-07-08 0:00,2020,7,8,0:00,0,99.24,100,17.7,17.6,11,4
NORMANDIN,2020-07-08,2020-07-08 1:00,2020,7,8,1:00,0,99.25,100,17,17,0,0
NORMANDIN,2020-07-08,2020-07-08 2:00,2020,7,8,2:00,0,99.28,100,17.3,17.3,36,6
NORMANDIN,2020-07-08,2020-07-08 3:00,2020,7,8,3:00,0,99.28,100,17.2,17.2,1,2
NORMANDIN,2020-07-08,2020-07-08 4:00,2020,7,8,4:00,0,99.34,100,16.8,16.8,36,2
NORMANDIN,2020-07-08,2020-07-08 5:00,2020,7,8,5:00,0,99.34,100,16.5,16.5,3,7
NORMANDIN,2020-07-08,2020-07-08 6:00,2020,7,8,6:00,0,99.39,100,16.4,16.5,35,6
NORMANDIN,2020-07-08,2020-07-08 7:00,2020,7,8,7:00,0,99.42,100,17.3,17.3,1,4
NORMANDIN,2020-07-08,2020-07-08 8:00,2020,7,8,8:00,0,99.46,93,18.8,17.7,0,1
NORMANDIN,2020-07-08,2020-07-08 9:00,2020,7,8,9:00,0,99.45,89,19.6,17.8,35,3
NORMANDIN,2020-07-08,2020-07-08 10:00,2020,7,8,10:00,0,99.45,83,20.4,17.5,1,4
NORMANDIN,2020-07-08,2020-07-08 11:00,2020,7,8,11:00,0,99.42,82,22,18.7,3,5
NORMANDIN,2020-07-08,2020-07-08 12:00,2020,7,8,12:00,0,99.42,73,24,18.9,7,6
NORMANDIN,2020-07-08,2020-07-08 13:00,2020,7,8,13:00,0,99.33,66,24.9,18.2,9,4
NORMANDIN,2020-07-08,2020-07-08 14:00,2020,7,8,14:00,0,99.3,69,24.9,18.8,7,3
NORMANDIN,2020-07-08,2020-07-08 15:00,2020,7,8,15:00,0,99.27,69,26,19.8,19,8
NORMANDIN,2020-07-08,2020-07-08 16:00,2020,7,8,16:00,0,99.22,62,26.7,18.8,17,11
NORMANDIN,2020-07-08,2020-07-08 17:00,2020,7,8,17:00,0,99.36,76,21.1,16.7,35,21
NORMANDIN,2020-07-08,2020-07-08 18:00,2020,7,8,18:00,0.7,99.25,91,20.1,18.5,30,8
NORMANDIN,2020-07-08,2020-07-08 19:00,2020,7,8,19:00,0.3,99.27,91,19.1,17.6,25,8
NORMANDIN,2020-07-08,2020-07-08 20:00,2020,7,8,20:00,0.3,99.28,89,19.1,17.2,29,10
NORMANDIN,2020-07-08,2020-07-08 21:00,2020,7,8,21:00,0.2,99.29,91,18,16.5,27,6
NORMANDIN,2020-07-08,2020-07-08 22:00,2020,7,8,22:00,0,99.33,97,16.7,16.2,3,5
NORMANDIN,2020-07-08,2020-07-08 23:00,2020,7,8,23:00,0,99.35,99,15.7,15.5,34,6
NORMANDIN,2020-07-09,2020-07-09 0:00,2020,7,9,0:00,0,99.37,98,15.9,15.6,28,7
NORMANDIN,2020-07-09,2020-07-09 1:00,2020,7,9,1:00,0,99.34,97,15.8,15.3,33,5
NORMANDIN,2020-07-09,2020-07-09 2:00,2020,7,9,2:00,0,99.37,98,14.6,14.3,0,0
NORMANDIN,2020-07-09,2020-07-09 3:00,2020,7,9,3:00,0,99.43,99,14,13.9,33,5
NORMANDIN,2020-07-09,2020-07-09 4:00,2020,7,9,4:00,0,99.44,99,13.7,13.5,32,6
NORMANDIN,2020-07-09,2020-07-09 5:00,2020,7,9,5:00,0,99.47,100,14,13.9,34,7
NORMANDIN,2020-07-09,2020-07-09 6:00,2020,7,9,6:00,0,99.49,98,16.7,16.4,0,1
NORMANDIN,2020-07-09,2020-07-09 7:00,2020,7,9,7:00,0,99.48,98,18.1,17.9,13,4
NORMANDIN,2020-07-09,2020-07-09 8:00,2020,7,9,8:00,0,99.5,94,19.5,18.5,8,6
NORMANDIN,2020-07-09,2020-07-09 9:00,2020,7,9,9:00,0,99.5,87,21.7,19.5,15,3
NORMANDIN,2020-07-09,2020-07-09 10:00,2020,7,9,10:00,0,99.5,76,24.7,20.3,6,7
NORMANDIN,2020-07-09,2020-07-09 11:00,2020,7,9,11:00,0,99.46,68,26,19.6,9,9
NORMANDIN,2020-07-09,2020-07-09 12:00,2020,7,9,12:00,0,99.45,67,26.8,20.2,16,9
NORMANDIN,2020-07-09,2020-07-09 13:00,2020,7,9,13:00,0,99.42,63,27.7,20.1,14,10
NORMANDIN,2020-07-09,2020-07-09 14:00,2020,7,9,14:00,0,99.4,59,28.6,19.7,15,10
NORMANDIN,2020-07-09,2020-07-09 15:00,2020,7,9,15:00,0,99.41,61,29,20.7,13,8
NORMANDIN,2020-07-09,2020-07-09 16:00,2020,7,9,16:00,0,99.41,46,30,17.2,10,9
NORMANDIN,2020-07-09,2020-07-09 17:00,2020,7,9,17:00,0,99.38,53,29.3,18.7,15,9
NORMANDIN,2020-07-09,2020-07-09 18:00,2020,7,9,18:00,0,99.37,58,28.5,19.4,15,9
NORMANDIN,2020-07-09,2020-07-09 19:00,2020,7,9,19:00,0,99.37,67,26.9,20.1,16,7
NORMANDIN,2020-07-09,2020-07-09 20:00,2020,7,9,20:00,0,99.43,73,24.3,19.1,10,1
NORMANDIN,2020-07-09,2020-07-09 21:00,2020,7,9,21:00,0,99.47,87,21.9,19.6,9,1
NORMANDIN,2020-07-09,2020-07-09 22:00,2020,7,9,22:00,0,99.45,89,21.1,19.1,12,1
NORMANDIN,2020-07-09,2020-07-09 23:00,2020,7,9,23:00,0,99.47,91,20.4,18.9,8,2
NORMANDIN,2020-07-10,2020-07-10 0:00,2020,7,10,0:00,0,99.5,95,18.7,17.9,3,3
NORMANDIN,2020-07-10,2020-07-10 1:00,2020,7,10,1:00,0,99.5,95,18,17.3,3,2
NORMANDIN,2020-07-10,2020-07-10 2:00,2020,7,10,2:00,0,99.5,97,17.4,16.9,3,2
NORMANDIN,2020-07-10,2020-07-10 3:00,2020,7,10,3:00,0,99.53,98,17,16.7,3,2
NORMANDIN,2020-07-10,2020-07-10 4:00,2020,7,10,4:00,0,99.55,99,16.9,16.8,3,5
NORMANDIN,2020-07-10,2020-07-10 5:00,2020,7,10,5:00,0,99.56,98,18.4,18.1,4,2
NORMANDIN,2020-07-10,2020-07-10 6:00,2020,7,10,6:00,0,99.57,91,21.5,20,4,2
NORMANDIN,2020-07-10,2020-07-10 7:00,2020,7,10,7:00,0,99.59,84,24.4,21.5,12,8
NORMANDIN,2020-07-10,2020-07-10 8:00,2020,7,10,8:00,0,99.57,75,25.9,21.1,13,13
NORMANDIN,2020-07-10,2020-07-10 9:00,2020,7,10,9:00,0,99.54,71,27,21.2,12,12
NORMANDIN,2020-07-10,2020-07-10 10:00,2020,7,10,10:00,0,99.49,68,28.5,21.9,12,12
NORMANDIN,2020-07-10,2020-07-10 11:00,2020,7,10,11:00,0,99.43,62,30,21.8,12,15
NORMANDIN,2020-07-10,2020-07-10 12:00,2020,7,10,12:00,0,99.38,53,32.1,21.2,14,18
NORMANDIN,2020-07-10,2020-07-10 13:00,2020,7,10,13:00,0,99.3,47,33.1,20.2,13,18
NORMANDIN,2020-07-10,2020-07-10 14:00,2020,7,10,14:00,0,99.24,43,33.9,19.5,13,18
NORMANDIN,2020-07-10,2020-07-10 15:00,2020,7,10,15:00,0,99.18,47,33,20.1,13,19
NORMANDIN,2020-07-10,2020-07-10 16:00,2020,7,10,16:00,0,99.15,49,32.6,20.5,14,18
NORMANDIN,2020-07-10,2020-07-10 17:00,2020,7,10,17:00,0,99.09,55,31.1,21.1,14,13
NORMANDIN,2020-07-10,2020-07-10 18:00,2020,7,10,18:00,0.3,99.08,59,30.2,21.4,19,17
NORMANDIN,2020-07-10,2020-07-10 19:00,2020,7,10,19:00,0,99.08,58,29.2,20.2,19,16
NORMANDIN,2020-07-10,2020-07-10 20:00,2020,7,10,20:00,0,99.16,85,24.7,22,34,10
NORMANDIN,2020-07-10,2020-07-10 21:00,2020,7,10,21:00,0,99.17,83,23.9,20.9,1,7
NORMANDIN,2020-07-10,2020-07-10 22:00,2020,7,10,22:00,0,99.16,88,23.3,21.1,5,3
NORMANDIN,2020-07-10,2020-07-10 23:00,2020,7,10,23:00,0,99.11,91,22.5,20.9,4,2
NORMANDIN,2020-07-11,2020-07-11 0:00,2020,7,11,0:00,0,99.05,90,22.4,20.7,13,0
NORMANDIN,2020-07-11,2020-07-11 1:00,2020,7,11,1:00,0,99.03,93,21.2,20.1,25,1
NORMANDIN,2020-07-11,2020-07-11 2:00,2020,7,11,2:00,0,98.99,95,20.1,19.3,25,3
NORMANDIN,2020-07-11,2020-07-11 3:00,2020,7,11,3:00,0,98.97,97,20.2,19.8,8,6
NORMANDIN,2020-07-11,2020-07-11 4:00,2020,7,11,4:00,0,98.95,95,20.5,19.6,8,8
NORMANDIN,2020-07-11,2020-07-11 5:00,2020,7,11,5:00,0,98.94,87,22.8,20.5,14,13
NORMANDIN,2020-07-11,2020-07-11 6:00,2020,7,11,6:00,0,98.92,88,22.9,20.8,15,12
NORMANDIN,2020-07-11,2020-07-11 7:00,2020,7,11,7:00,0,98.9,81,24,20.6,13,15
NORMANDIN,2020-07-11,2020-07-11 8:00,2020,7,11,8:00,0,98.85,76,25,20.5,14,16
NORMANDIN,2020-07-11,2020-07-11 9:00,2020,7,11,9:00,0,98.77,74,25.7,20.6,12,19
NORMANDIN,2020-07-11,2020-07-11 10:00,2020,7,11,10:00,0,98.72,70,26.2,20.2,14,19
NORMANDIN,2020-07-11,2020-07-11 11:00,2020,7,11,11:00,0,98.63,67,27.1,20.4,12,14
NORMANDIN,2020-07-11,2020-07-11 12:00,2020,7,11,12:00,0,98.56,65,27.9,20.7,13,17
NORMANDIN,2020-07-11,2020-07-11 13:00,2020,7,11,13:00,0,98.5,87,24.2,21.9,12,16
NORMANDIN,2020-07-11,2020-07-11 14:00,2020,7,11,14:00,0,98.41,91,23.5,22,14,7
NORMANDIN,2020-07-11,2020-07-11 15:00,2020,7,11,15:00,0.9,98.32,91,23.9,22.4,16,8
NORMANDIN,2020-07-11,2020-07-11 16:00,2020,7,11,16:00,0,98.18,86,25.1,22.5,10,16
NORMANDIN,2020-07-11,2020-07-11 17:00,2020,7,11,17:00,0.2,98.08,90,23.9,22.1,14,19
NORMANDIN,2020-07-11,2020-07-11 18:00,2020,7,11,18:00,3,98.02,98,22.6,22.2,12,19
NORMANDIN,2020-07-11,2020-07-11 19:00,2020,7,11,19:00,3.9,97.97,98,22.4,22.1,9,5
NORMANDIN,2020-07-11,2020-07-11 20:00,2020,7,11,20:00,0.6,97.92,98,22.3,21.9,9,6
NORMANDIN,2020-07-11,2020-07-11 21:00,2020,7,11,21:00,0.3,97.87,97,22.2,21.7,11,6
NORMANDIN,2020-07-11,2020-07-11 22:00,2020,7,11,22:00,1.2,97.82,99,22.2,22,16,7
NORMANDIN,2020-07-11,2020-07-11 23:00,2020,7,11,23:00,0,97.8,99,22.1,21.9,21,8
NORMANDIN,2020-07-12,2020-07-12 0:00,2020,7,12,0:00,2.9,97.79,98,21.9,21.6,29,11
NORMANDIN,2020-07-12,2020-07-12 1:00,2020,7,12,1:00,0.2,97.84,95,20.5,19.7,30,19
NORMANDIN,2020-07-12,2020-07-12 2:00,2020,7,12,2:00,1.2,97.82,96,20,19.4,29,15
NORMANDIN,2020-07-12,2020-07-12 3:00,2020,7,12,3:00,0.6,97.87,94,19.8,18.9,28,17
NORMANDIN,2020-07-12,2020-07-12 4:00,2020,7,12,4:00,0,97.87,95,19.8,18.9,29,14
NORMANDIN,2020-07-12,2020-07-12 5:00,2020,7,12,5:00,0,97.87,95,19.8,19.1,29,11
NORMANDIN,2020-07-12,2020-07-12 6:00,2020,7,12,6:00,0,97.89,94,20.3,19.3,29,11
NORMANDIN,2020-07-12,2020-07-12 7:00,2020,7,12,7:00,0.4,97.9,96,20.3,19.7,30,10
NORMANDIN,2020-07-12,2020-07-12 8:00,2020,7,12,8:00,0.7,97.92,97,20.4,19.9,31,10
NORMANDIN,2020-07-12,2020-07-12 9:00,2020,7,12,9:00,1.9,97.95,97,19.9,19.4,31,17
NORMANDIN,2020-07-12,2020-07-12 10:00,2020,7,12,10:00,8.8,98,96,18.6,18,30,25
NORMANDIN,2020-07-12,2020-07-12 11:00,2020,7,12,11:00,6.4,98.04,94,18.6,17.6,30,26
NORMANDIN,2020-07-12,2020-07-12 12:00,2020,7,12,12:00,0.3,98.04,87,20.3,18.1,31,26
NORMANDIN,2020-07-12,2020-07-12 13:00,2020,7,12,13:00,0,98.03,84,20.6,17.9,31,22
NORMANDIN,2020-07-12,2020-07-12 14:00,2020,7,12,14:00,0,98.12,87,19.7,17.4,29,28
NORMANDIN,2020-07-12,2020-07-12 15:00,2020,7,12,15:00,0,98.17,84,20.2,17.5,30,27
NORMANDIN,2020-07-12,2020-07-12 16:00,2020,7,12,16:00,0,98.26,86,19.7,17.3,29,25
NORMANDIN,2020-07-12,2020-07-12 17:00,2020,7,12,17:00,0,98.3,82,20.7,17.5,30,23
NORMANDIN,2020-07-12,2020-07-12 18:00,2020,7,12,18:00,0,98.34,82,20.7,17.4,29,22
NORMANDIN,2020-07-12,2020-07-12 19:00,2020,7,12,19:00,0,98.4,85,20,17.4,29,18
NORMANDIN,2020-07-12,2020-07-12 20:00,2020,7,12,20:00,0,98.49,87,18.8,16.7,29,18
NORMANDIN,2020-07-12,2020-07-12 21:00,2020,7,12,21:00,0,98.53,87,18.6,16.4,30,17
NORMANDIN,2020-07-12,2020-07-12 22:00,2020,7,12,22:00,0,98.56,89,18.3,16.4,30,14
NORMANDIN,2020-07-12,2020-07-12 23:00,2020,7,12,23:00,0,98.58,90,18.2,16.5,29,14
NORMANDIN,2020-07-13,2020-07-13 0:00,2020,7,13,0:00,0,98.62,91,17.6,16.1,31,11
NORMANDIN,2020-07-13,2020-07-13 1:00,2020,7,13,1:00,0,98.66,88,17.7,15.6,31,12
NORMANDIN,2020-07-13,2020-07-13 2:00,2020,7,13,2:00,0,98.66,89,17.5,15.7,29,9
NORMANDIN,2020-07-13,2020-07-13 3:00,2020,7,13,3:00,0,98.68,90,17.5,15.8,31,9
NORMANDIN,2020-07-13,2020-07-13 4:00,2020,7,13,4:00,0,98.75,91,17.4,15.9,30,12
NORMANDIN,2020-07-13,2020-07-13 5:00,2020,7,13,5:00,0,98.8,89,17.4,15.6,31,11
NORMANDIN,2020-07-13,2020-07-13 6:00,2020,7,13,6:00,0,98.88,84,17.4,14.7,33,14
NORMANDIN,2020-07-13,2020-07-13 7:00,2020,7,13,7:00,0,98.94,82,17.4,14.3,33,13
NORMANDIN,2020-07-13,2020-07-13 8:00,2020,7,13,8:00,0,98.96,82,17.5,14.3,33,13
NORMANDIN,2020-07-13,2020-07-13 9:00,2020,7,13,9:00,0,99.01,78,18.4,14.5,34,14
NORMANDIN,2020-07-13,2020-07-13 10:00,2020,7,13,10:00,0,99.05,76,18.5,14.2,35,14
NORMANDIN,2020-07-13,2020-07-13 11:00,2020,7,13,11:00,0,99.1,77,18.4,14.3,36,14
NORMANDIN,2020-07-13,2020-07-13 12:00,2020,7,13,12:00,0,99.14,75,18.5,14,36,15
NORMANDIN,2020-07-13,2020-07-13 13:00,2020,7,13,13:00,0,99.17,73,19.1,14.3,33,12
NORMANDIN,2020-07-13,2020-07-13 14:00,2020,7,13,14:00,0,99.21,75,19.8,15.3,34,10
NORMANDIN,2020-07-13,2020-07-13 15:00,2020,7,13,15:00,0,99.24,73,20.4,15.4,34,8
NORMANDIN,2020-07-13,2020-07-13 16:00,2020,7,13,16:00,0,99.28,69,21,15.1,8,1
NORMANDIN,2020-07-13,2020-07-13 17:00,2020,7,13,17:00,0,99.31,71,21.5,15.9,10,3
NORMANDIN,2020-07-13,2020-07-13 18:00,2020,7,13,18:00,0,99.34,69,21.5,15.6,14,3
NORMANDIN,2020-07-13,2020-07-13 19:00,2020,7,13,19:00,0,99.36,81,20.8,17.5,18,4
NORMANDIN,2020-07-13,2020-07-13 20:00,2020,7,13,20:00,0,99.45,88,20,18,24,3
NORMANDIN,2020-07-13,2020-07-13 21:00,2020,7,13,21:00,0,99.5,90,18.6,17,31,8
NORMANDIN,2020-07-13,2020-07-13 22:00,2020,7,13,22:00,0,99.53,85,18.7,16.1,2,9
NORMANDIN,2020-07-13,2020-07-13 23:00,2020,7,13,23:00,0,99.62,82,18.2,15,3,11
NORMANDIN,2020-07-14,2020-07-14 0:00,2020,7,14,0:00,0,99.64,85,17.2,14.6,1,10
NORMANDIN,2020-07-14,2020-07-14 1:00,2020,7,14,1:00,0,99.67,86,16.5,14.2,2,8
NORMANDIN,2020-07-14,2020-07-14 2:00,2020,7,14,2:00,0,99.71,89,15.6,13.8,1,7
NORMANDIN,2020-07-14,2020-07-14 3:00,2020,7,14,3:00,0,99.76,88,15.8,13.8,3,7
NORMANDIN,2020-07-14,2020-07-14 4:00,2020,7,14,4:00,0,99.85,86,16,13.6,4,7
NORMANDIN,2020-07-14,2020-07-14 5:00,2020,7,14,5:00,0,99.97,85,16.1,13.7,8,9
NORMANDIN,2020-07-14,2020-07-14 6:00,2020,7,14,6:00,0,100.04,88,16.1,14.1,3,8
NORMANDIN,2020-07-14,2020-07-14 7:00,2020,7,14,7:00,0,100.07,87,16.7,14.6,8,12
NORMANDIN,2020-07-14,2020-07-14 8:00,2020,7,14,8:00,0,100.09,82,18.4,15.2,9,10
NORMANDIN,2020-07-14,2020-07-14 9:00,2020,7,14,9:00,0,100.1,74,18.7,14,16,5
NORMANDIN,2020-07-14,2020-07-14 10:00,2020,7,14,10:00,0,100.12,69,20.3,14.4,19,1
NORMANDIN,2020-07-14,2020-07-14 11:00,2020,7,14,11:00,0,100.13,74,20.1,15.4,26,5
NORMANDIN,2020-07-14,2020-07-14 12:00,2020,7,14,12:00,0,100.16,65,21.7,14.8,2,3
NORMANDIN,2020-07-14,2020-07-14 13:00,2020,7,14,13:00,0,100.16,61,23,15.1,19,3
NORMANDIN,2020-07-14,2020-07-14 14:00,2020,7,14,14:00,0,100.17,55,23.1,13.5,13,3
NORMANDIN,2020-07-14,2020-07-14 15:00,2020,7,14,15:00,0,100.17,57,23.6,14.5,16,7
NORMANDIN,2020-07-14,2020-07-14 16:00,2020,7,14,16:00,0,100.18,55,23.5,13.9,15,13
NORMANDIN,2020-07-14,2020-07-14 17:00,2020,7,14,17:00,0,100.17,56,23.3,14,14,11
NORMANDIN,2020-07-14,2020-07-14 18:00,2020,7,14,18:00,0,100.22,58,22.7,14.1,17,9
NORMANDIN,2020-07-14,2020-07-14 19:00,2020,7,14,19:00,0,100.25,67,21.5,15.1,16,5
NORMANDIN,2020-07-14,2020-07-14 20:00,2020,7,14,20:00,0,100.28,79,18.5,14.8,16,10
NORMANDIN,2020-07-14,2020-07-14 21:00,2020,7,14,21:00,0,100.35,85,16.9,14.5,16,5
NORMANDIN,2020-07-14,2020-07-14 22:00,2020,7,14,22:00,0,100.44,87,15.7,13.5,0,0
NORMANDIN,2020-07-14,2020-07-14 23:00,2020,7,14,23:00,0,100.51,92,13.9,12.7,25,6
NORMANDIN,2020-07-15,2020-07-15 0:00,2020,7,15,0:00,0,100.54,95,13.2,12.3,5,2
NORMANDIN,2020-07-15,2020-07-15 1:00,2020,7,15,1:00,0,100.5,94,12.7,11.7,8,7
NORMANDIN,2020-07-15,2020-07-15 2:00,2020,7,15,2:00,0,100.54,95,10.5,9.7,0,1
NORMANDIN,2020-07-15,2020-07-15 3:00,2020,7,15,3:00,0,100.59,95,9.6,8.9,1,2
NORMANDIN,2020-07-15,2020-07-15 4:00,2020,7,15,4:00,0,100.63,96,8.8,8.2,36,3
NORMANDIN,2020-07-15,2020-07-15 5:00,2020,7,15,5:00,0,100.68,96,9.9,9.2,33,6
NORMANDIN,2020-07-15,2020-07-15 6:00,2020,7,15,6:00,0,100.72,82,13.6,10.5,9,5
NORMANDIN,2020-07-15,2020-07-15 7:00,2020,7,15,7:00,0,100.75,80,16,12.6,11,10
NORMANDIN,2020-07-15,2020-07-15 8:00,2020,7,15,8:00,0,100.75,78,18,14.1,13,12
NORMANDIN,2020-07-15,2020-07-15 9:00,2020,7,15,9:00,0,100.72,65,19.9,13.2,13,14
NORMANDIN,2020-07-15,2020-07-15 10:00,2020,7,15,10:00,0,100.68,62,21,13.5,13,17
NORMANDIN,2020-07-15,2020-07-15 11:00,2020,7,15,11:00,0,100.68,62,21.4,13.8,13,19
NORMANDIN,2020-07-15,2020-07-15 12:00,2020,7,15,12:00,0,100.64,54,22.4,12.7,12,18
NORMANDIN,2020-07-15,2020-07-15 13:00,2020,7,15,13:00,0,100.55,48,22.9,11.3,14,21
NORMANDIN,2020-07-15,2020-07-15 14:00,2020,7,15,14:00,0,100.51,48,23.6,11.9,13,17
NORMANDIN,2020-07-15,2020-07-15 15:00,2020,7,15,15:00,0,100.48,47,23.9,11.8,13,19
NORMANDIN,2020-07-15,2020-07-15 16:00,2020,7,15,16:00,0,100.47,45,24,11.4,12,15
NORMANDIN,2020-07-15,2020-07-15 17:00,2020,7,15,17:00,0,100.46,51,23.6,12.9,14,9
NORMANDIN,2020-07-15,2020-07-15 18:00,2020,7,15,18:00,0,100.48,64,23,15.9,15,7
NORMANDIN,2020-07-15,2020-07-15 19:00,2020,7,15,19:00,0,100.49,72,20.8,15.6,15,8
NORMANDIN,2020-07-15,2020-07-15 20:00,2020,7,15,20:00,0,100.48,69,19.8,13.9,12,7
NORMANDIN,2020-07-15,2020-07-15 21:00,2020,7,15,21:00,0,100.46,67,19.4,13.2,12,10
NORMANDIN,2020-07-15,2020-07-15 22:00,2020,7,15,22:00,0,100.48,67,19.3,13,13,14
NORMANDIN,2020-07-15,2020-07-15 23:00,2020,7,15,23:00,0,100.49,78,18,14.1,13,10
NORMANDIN,2020-07-16,2020-07-16 0:00,2020,7,16,0:00,0,100.5,84,17,14.2,9,6
NORMANDIN,2020-07-16,2020-07-16 1:00,2020,7,16,1:00,0,100.53,81,17.7,14.4,12,12
NORMANDIN,2020-07-16,2020-07-16 2:00,2020,7,16,2:00,0,100.51,80,17.3,13.9,11,9
NORMANDIN,2020-07-16,2020-07-16 3:00,2020,7,16,3:00,0,100.48,79,17.1,13.4,12,9
NORMANDIN,2020-07-16,2020-07-16 4:00,2020,7,16,4:00,0,100.48,81,16.7,13.4,12,10
NORMANDIN,2020-07-16,2020-07-16 5:00,2020,7,16,5:00,0,100.46,81,17,13.6,13,12
NORMANDIN,2020-07-16,2020-07-16 6:00,2020,7,16,6:00,0,100.48,77,17.3,13.2,14,13
NORMANDIN,2020-07-16,2020-07-16 7:00,2020,7,16,7:00,0,100.56,73,18.2,13.2,13,9
NORMANDIN,2020-07-16,2020-07-16 8:00,2020,7,16,8:00,0,100.53,68,18.8,12.8,13,18
NORMANDIN,2020-07-16,2020-07-16 9:00,2020,7,16,9:00,0,100.44,73,18.6,13.7,13,20
NORMANDIN,2020-07-16,2020-07-16 10:00,2020,7,16,10:00,0,100.4,72,19.5,14.4,13,21
NORMANDIN,2020-07-16,2020-07-16 11:00,2020,7,16,11:00,0,100.39,72,20.1,14.9,13,21
NORMANDIN,2020-07-16,2020-07-16 12:00,2020,7,16,12:00,0,100.34,70,20.4,14.7,14,19
NORMANDIN,2020-07-16,2020-07-16 13:00,2020,7,16,13:00,0,100.28,71,20.5,15,13,19
NORMANDIN,2020-07-16,2020-07-16 14:00,2020,7,16,14:00,0,100.08,71,20.4,15,12,20
NORMANDIN,2020-07-16,2020-07-16 15:00,2020,7,16,15:00,0,100.16,76,21,16.6,14,18
NORMANDIN,2020-07-16,2020-07-16 16:00,2020,7,16,16:00,0,100.08,78,20.6,16.7,13,17
NORMANDIN,2020-07-16,2020-07-16 17:00,2020,7,16,17:00,0,100.01,80,21.7,18.1,14,16
NORMANDIN,2020-07-16,2020-07-16 18:00,2020,7,16,18:00,0,100.02,80,21.4,17.8,14,11
NORMANDIN,2020-07-16,2020-07-16 19:00,2020,7,16,19:00,0,100.01,84,20.8,18,12,10
NORMANDIN,2020-07-16,2020-07-16 20:00,2020,7,16,20:00,0,99.99,88,19.8,17.7,12,13
NORMANDIN,2020-07-16,2020-07-16 21:00,2020,7,16,21:00,0,99.98,88,18.1,16.1,13,11
NORMANDIN,2020-07-16,2020-07-16 22:00,2020,7,16,22:00,1.2,99.94,93,17.5,16.4,12,9
NORMANDIN,2020-07-16,2020-07-16 23:00,2020,7,16,23:00,1.9,99.86,96,18,17.4,12,13
NORMANDIN,2020-07-17,2020-07-17 0:00,2020,7,17,0:00,0,99.79,97,17.3,16.8,10,15
NORMANDIN,2020-07-17,2020-07-17 1:00,2020,7,17,1:00,0,99.75,96,16.8,16.2,8,9
NORMANDIN,2020-07-17,2020-07-17 2:00,2020,7,17,2:00,1.8,99.67,98,17.7,17.3,14,13
NORMANDIN,2020-07-17,2020-07-17 3:00,2020,7,17,3:00,4.5,99.6,99,18.1,17.9,13,9
NORMANDIN,2020-07-17,2020-07-17 4:00,2020,7,17,4:00,3.8,99.53,98,17.9,17.5,16,9
NORMANDIN,2020-07-17,2020-07-17 5:00,2020,7,17,5:00,2.3,99.59,97,17.6,17,18,7
NORMANDIN,2020-07-17,2020-07-17 6:00,2020,7,17,6:00,5.1,99.5,97,17.9,17.4,15,21
NORMANDIN,2020-07-17,2020-07-17 7:00,2020,7,17,7:00,1.7,99.48,95,17.9,17.1,18,10
NORMANDIN,2020-07-17,2020-07-17 8:00,2020,7,17,8:00,0.3,99.48,97,18.2,17.8,15,17
NORMANDIN,2020-07-17,2020-07-17 9:00,2020,7,17,9:00,0.9,99.43,95,18.6,17.8,13,14
NORMANDIN,2020-07-17,2020-07-17 10:00,2020,7,17,10:00,11.2,99.48,97,17.8,17.4,9,12
NORMANDIN,2020-07-17,2020-07-17 11:00,2020,7,17,11:00,18.1,99.4,98,17.5,17.2,11,18
NORMANDIN,2020-07-17,2020-07-17 12:00,2020,7,17,12:00,0,99.47,95,18.6,17.8,5,8
NORMANDIN,2020-07-17,2020-07-17 13:00,2020,7,17,13:00,0,99.42,91,19.2,17.7,5,9
NORMANDIN,2020-07-17,2020-07-17 14:00,2020,7,17,14:00,0,99.4,80,21.1,17.4,20,5
NORMANDIN,2020-07-17,2020-07-17 15:00,2020,7,17,15:00,0,99.39,77,21.5,17.3,19,6
NORMANDIN,2020-07-17,2020-07-17 16:00,2020,7,17,16:00,0,99.38,82,21.5,18.4,14,7
NORMANDIN,2020-07-17,2020-07-17 17:00,2020,7,17,17:00,0,99.31,82,22,18.8,12,12
NORMANDIN,2020-07-17,2020-07-17 18:00,2020,7,17,18:00,0,99.35,89,20.3,18.4,13,10
NORMANDIN,2020-07-17,2020-07-17 19:00,2020,7,17,19:00,0.3,99.29,91,19.2,17.8,14,16
NORMANDIN,2020-07-17,2020-07-17 20:00,2020,7,17,20:00,0,99.32,96,18,17.3,16,9
NORMANDIN,2020-07-17,2020-07-17 21:00,2020,7,17,21:00,0,99.47,94,18.3,17.4,33,23
NORMANDIN,2020-07-17,2020-07-17 22:00,2020,7,17,22:00,0,99.45,93,18.4,17.4,12,2
NORMANDIN,2020-07-17,2020-07-17 23:00,2020,7,17,23:00,0,99.43,97,17.9,17.4,19,6
NORMANDIN,2020-07-18,2020-07-18 0:00,2020,7,18,0:00,0,99.41,97,17.7,17.3,22,10
NORMANDIN,2020-07-18,2020-07-18 1:00,2020,7,18,1:00,0,99.45,98,16.7,16.5,23,5
NORMANDIN,2020-07-18,2020-07-18 2:00,2020,7,18,2:00,0,99.48,100,17.2,17.2,18,1
NORMANDIN,2020-07-18,2020-07-18 3:00,2020,7,18,3:00,0,99.48,100,17.1,17.1,32,1
NORMANDIN,2020-07-18,2020-07-18 4:00,2020,7,18,4:00,0,99.5,100,16.3,16.3,27,7
NORMANDIN,2020-07-18,2020-07-18 5:00,2020,7,18,5:00,0,99.56,100,16.2,16.1,26,7
NORMANDIN,2020-07-18,2020-07-18 6:00,2020,7,18,6:00,0,99.57,93,18,16.9,26,4
NORMANDIN,2020-07-18,2020-07-18 7:00,2020,7,18,7:00,0,99.59,85,20,17.4,33,3
NORMANDIN,2020-07-18,2020-07-18 8:00,2020,7,18,8:00,0,99.62,79,22.1,18.2,32,9
NORMANDIN,2020-07-18,2020-07-18 9:00,2020,7,18,9:00,0,99.63,70,23.4,17.6,34,7
NORMANDIN,2020-07-18,2020-07-18 10:00,2020,7,18,10:00,0,99.58,55,24.7,15,32,9
NORMANDIN,2020-07-18,2020-07-18 11:00,2020,7,18,11:00,0,99.55,48,25.4,13.6,33,14
NORMANDIN,2020-07-18,2020-07-18 12:00,2020,7,18,12:00,0,99.49,46,26,13.5,34,12
NORMANDIN,2020-07-18,2020-07-18 13:00,2020,7,18,13:00,0,99.47,45,26.5,13.7,31,7
NORMANDIN,2020-07-18,2020-07-18 14:00,2020,7,18,14:00,0,99.45,46,26.3,13.8,1,5
NORMANDIN,2020-07-18,2020-07-18 15:00,2020,7,18,15:00,0,99.46,49,26.9,15.2,15,12
NORMANDIN,2020-07-18,2020-07-18 16:00,2020,7,18,16:00,0,99.43,61,26.1,18.1,15,11
NORMANDIN,2020-07-18,2020-07-18 17:00,2020,7,18,17:00,0,99.38,67,24.5,18.1,15,10
NORMANDIN,2020-07-18,2020-07-18 18:00,2020,7,18,18:00,0,99.34,67,24.4,18,16,9
NORMANDIN,2020-07-18,2020-07-18 19:00,2020,7,18,19:00,0,99.31,79,22.4,18.5,16,8
NORMANDIN,2020-07-18,2020-07-18 20:00,2020,7,18,20:00,0,99.32,79,21.2,17.5,16,2
NORMANDIN,2020-07-18,2020-07-18 21:00,2020,7,18,21:00,0,99.33,88,19.1,17.1,17,0
NORMANDIN,2020-07-18,2020-07-18 22:00,2020,7,18,22:00,0,99.31,92,18,16.7,32,0
NORMANDIN,2020-07-18,2020-07-18 23:00,2020,7,18,23:00,0,99.25,89,18.3,16.4,17,3
NORMANDIN,2020-07-19,2020-07-19 0:00,2020,7,19,0:00,0,99.19,93,17.6,16.4,0,1
NORMANDIN,2020-07-19,2020-07-19 1:00,2020,7,19,1:00,0,99.14,93,16.8,15.7,6,2
NORMANDIN,2020-07-19,2020-07-19 2:00,2020,7,19,2:00,0,99.08,92,17,15.8,8,2
NORMANDIN,2020-07-19,2020-07-19 3:00,2020,7,19,3:00,0,99.05,95,16.5,15.6,0,1
NORMANDIN,2020-07-19,2020-07-19 4:00,2020,7,19,4:00,0,99.05,95,16.8,16,10,4
NORMANDIN,2020-07-19,2020-07-19 5:00,2020,7,19,5:00,0,99.08,94,17.3,16.4,8,0
NORMANDIN,2020-07-19,2020-07-19 6:00,2020,7,19,6:00,0,99.04,95,18.2,17.3,11,1
NORMANDIN,2020-07-19,2020-07-19 7:00,2020,7,19,7:00,0,99.03,91,19.2,17.6,0,0
NORMANDIN,2020-07-19,2020-07-19 8:00,2020,7,19,8:00,0,98.94,90,20,18.3,13,11
NORMANDIN,2020-07-19,2020-07-19 9:00,2020,7,19,9:00,0,98.84,88,19.9,17.9,13,16
NORMANDIN,2020-07-19,2020-07-19 10:00,2020,7,19,10:00,0,98.8,84,20.7,18,13,16
NORMANDIN,2020-07-19,2020-07-19 11:00,2020,7,19,11:00,0,98.73,85,21.3,18.6,14,18
NORMANDIN,2020-07-19,2020-07-19 12:00,2020,7,19,12:00,0,98.67,97,20.1,19.5,15,15
NORMANDIN,2020-07-19,2020-07-19 13:00,2020,7,19,13:00,0,98.64,92,21,19.7,15,15
NORMANDIN,2020-07-19,2020-07-19 14:00,2020,7,19,14:00,0,98.53,86,23.1,20.6,13,16
NORMANDIN,2020-07-19,2020-07-19 15:00,2020,7,19,15:00,0,98.45,86,23.5,21.1,13,16
NORMANDIN,2020-07-19,2020-07-19 16:00,2020,7,19,16:00,0,98.42,85,23.6,20.9,12,13
NORMANDIN,2020-07-19,2020-07-19 17:00,2020,7,19,17:00,0,98.36,85,23.5,20.9,12,13
NORMANDIN,2020-07-19,2020-07-19 18:00,2020,7,19,18:00,9.4,98.37,96,22,21.3,18,18
NORMANDIN,2020-07-19,2020-07-19 19:00,2020,7,19,19:00,4.4,98.2,97,21.8,21.3,10,11
NORMANDIN,2020-07-19,2020-07-19 20:00,2020,7,19,20:00,0,98.15,98,21.5,21.1,13,13
NORMANDIN,2020-07-19,2020-07-19 21:00,2020,7,19,21:00,0,98.13,97,21.1,20.6,13,14
NORMANDIN,2020-07-19,2020-07-19 22:00,2020,7,19,22:00,0,98.07,99,20.4,20.2,13,7
NORMANDIN,2020-07-19,2020-07-19 23:00,2020,7,19,23:00,0,98.07,99,20.5,20.2,19,13
NORMANDIN,2020-07-20,2020-07-20 0:00,2020,7,20,0:00,0,98.03,96,20.6,20,13,8
NORMANDIN,2020-07-20,2020-07-20 1:00,2020,7,20,1:00,0,98.02,98,19.9,19.6,14,4
NORMANDIN,2020-07-20,2020-07-20 2:00,2020,7,20,2:00,0,97.98,97,19.4,19,21,8
NORMANDIN,2020-07-20,2020-07-20 3:00,2020,7,20,3:00,0,98,91,21.1,19.5,25,19
NORMANDIN,2020-07-20,2020-07-20 4:00,2020,7,20,4:00,0,98.08,92,20.2,19,25,16
NORMANDIN,2020-07-20,2020-07-20 5:00,2020,7,20,5:00,0,98.13,87,19.8,17.6,27,14
NORMANDIN,2020-07-20,2020-07-20 6:00,2020,7,20,6:00,0,98.19,84,21,18.1,26,13
NORMANDIN,2020-07-20,2020-07-20 7:00,2020,7,20,7:00,0,98.2,75,22.4,17.7,24,18
NORMANDIN,2020-07-20,2020-07-20 8:00,2020,7,20,8:00,0,98.24,68,22.3,16.2,25,31
NORMANDIN,2020-07-20,2020-07-20 9:00,2020,7,20,9:00,0,98.25,63,23.5,16.2,25,29
NORMANDIN,2020-07-20,2020-07-20 10:00,2020,7,20,10:00,0,98.26,67,22.8,16.3,25,26
NORMANDIN,2020-07-20,2020-07-20 11:00,2020,7,20,11:00,0,98.28,64,22.8,15.7,28,28
NORMANDIN,2020-07-20,2020-07-20 12:00,2020,7,20,12:00,0,98.34,61,22.9,15,26,31
NORMANDIN,2020-07-20,2020-07-20 13:00,2020,7,20,13:00,0,98.38,59,24.1,15.6,27,36
NORMANDIN,2020-07-20,2020-07-20 14:00,2020,7,20,14:00,0,98.52,63,22.4,15.1,31,33
NORMANDIN,2020-07-20,2020-07-20 15:00,2020,7,20,15:00,0,98.71,64,20.6,13.6,30,36
NORMANDIN,2020-07-20,2020-07-20 16:00,2020,7,20,16:00,0,98.81,65,20,13.1,30,32
NORMANDIN,2020-07-20,2020-07-20 17:00,2020,7,20,17:00,0,98.88,66,19.2,12.7,30,30
NORMANDIN,2020-07-20,2020-07-20 18:00,2020,7,20,18:00,0,98.97,65,18.2,11.6,31,24
NORMANDIN,2020-07-20,2020-07-20 19:00,2020,7,20,19:00,0,99.01,66,17.6,11.2,30,24
NORMANDIN,2020-07-20,2020-07-20 20:00,2020,7,20,20:00,0,99.13,69,16.8,11,31,18
NORMANDIN,2020-07-20,2020-07-20 21:00,2020,7,20,21:00,0,99.19,84,14.6,11.9,16,5
NORMANDIN,2020-07-20,2020-07-20 22:00,2020,7,20,22:00,0,99.21,86,13.4,11.2,30,5
NORMANDIN,2020-07-20,2020-07-20 23:00,2020,7,20,23:00,0,99.29,88,12.6,10.7,27,10
NORMANDIN,2020-07-21,2020-07-21 0:00,2020,7,21,0:00,0,99.33,87,13.5,11.3,29,15
NORMANDIN,2020-07-21,2020-07-21 1:00,2020,7,21,1:00,0,99.38,85,13.4,10.9,31,16
NORMANDIN,2020-07-21,2020-07-21 2:00,2020,7,21,2:00,0,99.46,83,13.4,10.6,31,15
NORMANDIN,2020-07-21,2020-07-21 3:00,2020,7,21,3:00,0,99.52,90,11.5,10,28,12
NORMANDIN,2020-07-21,2020-07-21 4:00,2020,7,21,4:00,0,99.59,90,11.3,9.7,28,13
NORMANDIN,2020-07-21,2020-07-21 5:00,2020,7,21,5:00,0,99.67,91,12,10.6,28,12
NORMANDIN,2020-07-21,2020-07-21 6:00,2020,7,21,6:00,0,99.73,83,13.7,10.9,27,14
NORMANDIN,2020-07-21,2020-07-21 7:00,2020,7,21,7:00,0,99.76,74,15.5,10.8,27,16
NORMANDIN,2020-07-21,2020-07-21 8:00,2020,7,21,8:00,0,99.77,71,15.9,10.8,31,17
NORMANDIN,2020-07-21,2020-07-21 9:00,2020,7,21,9:00,0,99.75,69,16.9,11.1,31,14
NORMANDIN,2020-07-21,2020-07-21 10:00,2020,7,21,10:00,0,99.76,68,17.7,11.6,29,14
NORMANDIN,2020-07-21,2020-07-21 11:00,2020,7,21,11:00,0,99.76,64,19.5,12.4,30,15
NORMANDIN,2020-07-21,2020-07-21 12:00,2020,7,21,12:00,0,99.76,66,18.7,12.2,31,18
NORMANDIN,2020-07-21,2020-07-21 13:00,2020,7,21,13:00,0,99.7,60,20.6,12.7,30,16
NORMANDIN,2020-07-21,2020-07-21 14:00,2020,7,21,14:00,0,99.67,52,22,11.5,26,17
NORMANDIN,2020-07-21,2020-07-21 15:00,2020,7,21,15:00,0,99.65,50,23,11.9,27,12
NORMANDIN,2020-07-21,2020-07-21 16:00,2020,7,21,16:00,0,99.66,56,21.6,12.5,28,17
NORMANDIN,2020-07-21,2020-07-21 17:00,2020,7,21,17:00,0,99.65,54,22.1,12.5,28,13
NORMANDIN,2020-07-21,2020-07-21 18:00,2020,7,21,18:00,0,99.66,64,20.7,13.6,29,10
NORMANDIN,2020-07-21,2020-07-21 19:00,2020,7,21,19:00,0,99.66,69,20.2,14.4,26,12
NORMANDIN,2020-07-21,2020-07-21 20:00,2020,7,21,20:00,0,99.69,74,17.6,13,29,7
NORMANDIN,2020-07-21,2020-07-21 21:00,2020,7,21,21:00,0,99.73,88,14,12,26,9
NORMANDIN,2020-07-21,2020-07-21 22:00,2020,7,21,22:00,0,99.74,89,13.6,11.8,31,9
NORMANDIN,2020-07-21,2020-07-21 23:00,2020,7,21,23:00,0,99.76,89,13.4,11.6,34,7
NORMANDIN,2020-07-22,2020-07-22 0:00,2020,7,22,0:00,0,99.77,91,12.5,11.1,33,5
NORMANDIN,2020-07-22,2020-07-22 1:00,2020,7,22,1:00,0,99.77,95,11.6,10.8,32,9
NORMANDIN,2020-07-22,2020-07-22 2:00,2020,7,22,2:00,0,99.81,92,12.3,11,32,5
NORMANDIN,2020-07-22,2020-07-22 3:00,2020,7,22,3:00,0,99.82,93,12,11,33,4
NORMANDIN,2020-07-22,2020-07-22 4:00,2020,7,22,4:00,0,99.87,95,11.2,10.4,31,1
NORMANDIN,2020-07-22,2020-07-22 5:00,2020,7,22,5:00,0,99.9,95,11.8,11,29,5
NORMANDIN,2020-07-22,2020-07-22 6:00,2020,7,22,6:00,0,99.92,93,12.8,11.8,35,2
NORMANDIN,2020-07-22,2020-07-22 7:00,2020,7,22,7:00,0,99.97,86,14.9,12.6,0,0
NORMANDIN,2020-07-22,2020-07-22 8:00,2020,7,22,8:00,0,99.95,82,17.3,14.1,33,4
NORMANDIN,2020-07-22,2020-07-22 9:00,2020,7,22,9:00,0,99.93,72,19.5,14.3,3,4
NORMANDIN,2020-07-22,2020-07-22 10:00,2020,7,22,10:00,0,99.94,61,21.3,13.6,15,3
NORMANDIN,2020-07-22,2020-07-22 11:00,2020,7,22,11:00,0,99.89,63,22,14.6,19,7
NORMANDIN,2020-07-22,2020-07-22 12:00,2020,7,22,12:00,0,99.83,58,22.7,14.1,18,6
NORMANDIN,2020-07-22,2020-07-22 13:00,2020,7,22,13:00,0,99.8,56,24,14.6,13,8
NORMANDIN,2020-07-22,2020-07-22 14:00,2020,7,22,14:00,0,99.76,49,24.6,13.1,11,2
NORMANDIN,2020-07-22,2020-07-22 15:00,2020,7,22,15:00,0,99.77,57,22.4,13.3,16,13
NORMANDIN,2020-07-22,2020-07-22 16:00,2020,7,22,16:00,0,99.73,72,21.9,16.7,17,8
NORMANDIN,2020-07-22,2020-07-22 17:00,2020,7,22,17:00,0,99.72,74,21.8,16.9,19,4
NORMANDIN,2020-07-22,2020-07-22 18:00,2020,7,22,18:00,0,99.71,80,19.1,15.7,22,16
NORMANDIN,2020-07-22,2020-07-22 19:00,2020,7,22,19:00,0,99.73,86,18.2,15.8,33,7
NORMANDIN,2020-07-22,2020-07-22 20:00,2020,7,22,20:00,0,99.84,92,16.9,15.6,31,13
NORMANDIN,2020-07-22,2020-07-22 21:00,2020,7,22,21:00,1,99.86,94,16.4,15.5,33,11
NORMANDIN,2020-07-22,2020-07-22 22:00,2020,7,22,22:00,0.8,99.85,94,16.2,15.2,35,13
NORMANDIN,2020-07-22,2020-07-22 23:00,2020,7,22,23:00,0.6,99.88,95,16,15.2,1,3
NORMANDIN,2020-07-23,2020-07-23 0:00,2020,7,23,0:00,0.5,99.89,98,15.7,15.5,1,4
NORMANDIN,2020-07-23,2020-07-23 1:00,2020,7,23,1:00,0.2,99.86,98,15.6,15.2,5,2
NORMANDIN,2020-07-23,2020-07-23 2:00,2020,7,23,2:00,0,99.88,99,15.6,15.4,20,6
NORMANDIN,2020-07-23,2020-07-23 3:00,2020,7,23,3:00,0,99.87,97,15.4,14.9,26,2
NORMANDIN,2020-07-23,2020-07-23 4:00,2020,7,23,4:00,0,99.87,98,15.2,14.8,30,3
NORMANDIN,2020-07-23,2020-07-23 5:00,2020,7,23,5:00,0,99.91,98,15,14.7,31,7
NORMANDIN,2020-07-23,2020-07-23 6:00,2020,7,23,6:00,0,99.94,96,15.5,14.8,30,3
NORMANDIN,2020-07-23,2020-07-23 7:00,2020,7,23,7:00,0,99.96,92,16.4,15.1,0,0
NORMANDIN,2020-07-23,2020-07-23 8:00,2020,7,23,8:00,0,99.95,87,17.6,15.3,0,1
NORMANDIN,2020-07-23,2020-07-23 9:00,2020,7,23,9:00,0,99.94,78,19,15,36,7
NORMANDIN,2020-07-23,2020-07-23 10:00,2020,7,23,10:00,0,99.94,73,20.1,15.2,31,6
NORMANDIN,2020-07-23,2020-07-23 11:00,2020,7,23,11:00,0,99.93,71,21.1,15.6,33,10
NORMANDIN,2020-07-23,2020-07-23 12:00,2020,7,23,12:00,0,99.9,60,22.1,13.9,32,9
NORMANDIN,2020-07-23,2020-07-23 13:00,2020,7,23,13:00,0,99.86,65,22.3,15.4,31,7
NORMANDIN,2020-07-23,2020-07-23 14:00,2020,7,23,14:00,0,99.83,63,23.1,15.6,34,8
NORMANDIN,2020-07-23,2020-07-23 15:00,2020,7,23,15:00,0,99.8,53,24,13.8,34,7
NORMANDIN,2020-07-23,2020-07-23 16:00,2020,7,23,16:00,0,99.8,46,24.5,12.1,34,5
NORMANDIN,2020-07-23,2020-07-23 17:00,2020,7,23,17:00,0,99.78,52,24.3,13.8,36,4
NORMANDIN,2020-07-23,2020-07-23 18:00,2020,7,23,18:00,0,99.77,57,24.4,15.3,30,5
NORMANDIN,2020-07-23,2020-07-23 19:00,2020,7,23,19:00,0,99.76,74,21.9,17.1,29,7
NORMANDIN,2020-07-23,2020-07-23 20:00,2020,7,23,20:00,0,99.77,86,18.1,15.7,26,8
NORMANDIN,2020-07-23,2020-07-23 21:00,2020,7,23,21:00,0,99.81,90,15.8,14.2,26,12
NORMANDIN,2020-07-23,2020-07-23 22:00,2020,7,23,22:00,0,99.86,90,15.4,13.8,27,9
NORMANDIN,2020-07-23,2020-07-23 23:00,2020,7,23,23:00,0,99.86,86,15.7,13.4,28,11
NORMANDIN,2020-07-24,2020-07-24 0:00,2020,7,24,0:00,0,99.89,86,15.3,12.9,30,13
NORMANDIN,2020-07-24,2020-07-24 1:00,2020,7,24,1:00,0,99.9,85,14.9,12.4,30,13
NORMANDIN,2020-07-24,2020-07-24 2:00,2020,7,24,2:00,0,99.9,84,14.9,12.3,30,15
NORMANDIN,2020-07-24,2020-07-24 3:00,2020,7,24,3:00,0,99.9,85,14.6,12.1,30,14
NORMANDIN,2020-07-24,2020-07-24 4:00,2020,7,24,4:00,0,99.94,86,14.1,11.8,30,12
NORMANDIN,2020-07-24,2020-07-24 5:00,2020,7,24,5:00,0,99.99,86,14.2,11.8,29,2
NORMANDIN,2020-07-24,2020-07-24 6:00,2020,7,24,6:00,0,100,82,17.2,14,0,0
NORMANDIN,2020-07-24,2020-07-24 7:00,2020,7,24,7:00,0,100.02,72,19.4,14.1,0,0
NORMANDIN,2020-07-24,2020-07-24 8:00,2020,7,24,8:00,0,100.01,63,21.6,14.3,29,7
NORMANDIN,2020-07-24,2020-07-24 9:00,2020,7,24,9:00,0,99.99,57,24.2,15.2,16,4
NORMANDIN,2020-07-24,2020-07-24 10:00,2020,7,24,10:00,0,100.01,58,23.5,14.9,28,17
NORMANDIN,2020-07-24,2020-07-24 11:00,2020,7,24,11:00,0,99.96,51,24.5,13.7,28,15
NORMANDIN,2020-07-24,2020-07-24 12:00,2020,7,24,12:00,0,99.91,57,25.1,16.1,29,15
NORMANDIN,2020-07-24,2020-07-24 13:00,2020,7,24,13:00,0,99.86,47,27.1,14.9,27,13
NORMANDIN,2020-07-24,2020-07-24 14:00,2020,7,24,14:00,0,99.8,45,27.6,14.5,29,12
NORMANDIN,2020-07-24,2020-07-24 15:00,2020,7,24,15:00,0,99.76,46,27,14.5,28,22
NORMANDIN,2020-07-24,2020-07-24 16:00,2020,7,24,16:00,0,99.72,43,26.8,13.3,27,16
NORMANDIN,2020-07-24,2020-07-24 17:00,2020,7,24,17:00,0,99.69,47,26.1,14.1,31,12
NORMANDIN,2020-07-24,2020-07-24 18:00,2020,7,24,18:00,0,99.79,65,22.2,15.2,1,4
NORMANDIN,2020-07-24,2020-07-24 19:00,2020,7,24,19:00,0,99.81,71,21.2,15.7,2,8
NORMANDIN,2020-07-24,2020-07-24 20:00,2020,7,24,20:00,0,99.81,87,19.7,17.6,27,5
NORMANDIN,2020-07-24,2020-07-24 21:00,2020,7,24,21:00,0,99.78,82,19.4,16.4,21,14
NORMANDIN,2020-07-24,2020-07-24 22:00,2020,7,24,22:00,0,99.86,84,19,16.2,1,12
NORMANDIN,2020-07-24,2020-07-24 23:00,2020,7,24,23:00,0,99.75,91,18.2,16.7,19,11
NORMANDIN,2020-07-25,2020-07-25 0:00,2020,7,25,0:00,0,99.7,86,18.3,16,21,8
NORMANDIN,2020-07-25,2020-07-25 1:00,2020,7,25,1:00,0,99.64,87,18.4,16.2,20,12
NORMANDIN,2020-07-25,2020-07-25 2:00,2020,7,25,2:00,0,99.72,83,18.7,15.6,31,14
NORMANDIN,2020-07-25,2020-07-25 3:00,2020,7,25,3:00,0.4,99.63,84,18.6,15.9,19,7
NORMANDIN,2020-07-25,2020-07-25 4:00,2020,7,25,4:00,0,99.65,90,16.9,15.4,6,3
NORMANDIN,2020-07-25,2020-07-25 5:00,2020,7,25,5:00,0,99.67,93,15.9,14.9,16,2
NORMANDIN,2020-07-25,2020-07-25 6:00,2020,7,25,6:00,0,99.64,85,18.5,16,0,1
NORMANDIN,2020-07-25,2020-07-25 7:00,2020,7,25,7:00,0,99.63,70,21.8,16,13,3
NORMANDIN,2020-07-25,2020-07-25 8:00,2020,7,25,8:00,0,99.61,66,23.8,17,28,2
NORMANDIN,2020-07-25,2020-07-25 9:00,2020,7,25,9:00,0,99.55,57,25.2,16.1,28,17
NORMANDIN,2020-07-25,2020-07-25 10:00,2020,7,25,10:00,0,99.51,61,25.5,17.5,28,15
NORMANDIN,2020-07-25,2020-07-25 11:00,2020,7,25,11:00,0,99.46,60,25,16.7,29,12
NORMANDIN,2020-07-25,2020-07-25 12:00,2020,7,25,12:00,0,99.44,58,25.4,16.5,29,16
NORMANDIN,2020-07-25,2020-07-25 13:00,2020,7,25,13:00,0,99.43,71,23.3,17.8,27,11
NORMANDIN,2020-07-25,2020-07-25 14:00,2020,7,25,14:00,0,99.38,66,24.9,18.2,24,1
NORMANDIN,2020-07-25,2020-07-25 15:00,2020,7,25,15:00,0,99.29,76,24.6,20,14,7
NORMANDIN,2020-07-25,2020-07-25 16:00,2020,7,25,16:00,0,99.18,69,23.9,17.9,23,12
NORMANDIN,2020-07-25,2020-07-25 17:00,2020,7,25,17:00,0,99.12,70,23.1,17.3,25,12
NORMANDIN,2020-07-25,2020-07-25 18:00,2020,7,25,18:00,0,99.02,65,23.6,16.6,22,16
NORMANDIN,2020-07-25,2020-07-25 19:00,2020,7,25,19:00,3.6,99.15,90,18.9,17.3,27,14
NORMANDIN,2020-07-25,2020-07-25 20:00,2020,7,25,20:00,1.1,99.11,95,18.8,18,12,5
NORMANDIN,2020-07-25,2020-07-25 21:00,2020,7,25,21:00,0.4,99.07,97,18.5,18,13,9
NORMANDIN,2020-07-25,2020-07-25 22:00,2020,7,25,22:00,8.1,98.96,98,18.3,17.9,15,12
NORMANDIN,2020-07-25,2020-07-25 23:00,2020,7,25,23:00,0,98.89,96,18.7,18,18,8
NORMANDIN,2020-07-26,2020-07-26 0:00,2020,7,26,0:00,0,98.87,97,18.6,18.1,18,3
NORMANDIN,2020-07-26,2020-07-26 1:00,2020,7,26,1:00,0,98.86,98,18.4,18.1,6,4
NORMANDIN,2020-07-26,2020-07-26 2:00,2020,7,26,2:00,0.8,98.91,99,18.5,18.3,2,7
NORMANDIN,2020-07-26,2020-07-26 3:00,2020,7,26,3:00,2,98.87,99,18.3,18.1,33,0
NORMANDIN,2020-07-26,2020-07-26 4:00,2020,7,26,4:00,0,98.86,99,18.2,18.1,13,1
NORMANDIN,2020-07-26,2020-07-26 5:00,2020,7,26,5:00,0,98.83,99,18.9,18.8,20,9
NORMANDIN,2020-07-26,2020-07-26 6:00,2020,7,26,6:00,0,98.83,95,20.1,19.2,26,9
NORMANDIN,2020-07-26,2020-07-26 7:00,2020,7,26,7:00,0,98.77,95,20.5,19.6,25,9
NORMANDIN,2020-07-26,2020-07-26 8:00,2020,7,26,8:00,0,98.71,95,21,20.1,22,5
NORMANDIN,2020-07-26,2020-07-26 9:00,2020,7,26,9:00,0,98.7,91,21.3,19.8,23,16
NORMANDIN,2020-07-26,2020-07-26 10:00,2020,7,26,10:00,0.2,98.69,92,21.5,20.2,24,18
NORMANDIN,2020-07-26,2020-07-26 11:00,2020,7,26,11:00,0,98.68,90,22.2,20.5,24,11
NORMANDIN,2020-07-26,2020-07-26 12:00,2020,7,26,12:00,0.2,98.64,84,22.7,20,19,9
NORMANDIN,2020-07-26,2020-07-26 13:00,2020,7,26,13:00,0,98.66,89,23.1,21.2,20,8
NORMANDIN,2020-07-26,2020-07-26 14:00,2020,7,26,14:00,0,98.63,82,24.3,21.2,23,3
NORMANDIN,2020-07-26,2020-07-26 15:00,2020,7,26,15:00,0,98.64,81,24.8,21.3,16,6
NORMANDIN,2020-07-26,2020-07-26 16:00,2020,7,26,16:00,0,98.64,80,24.9,21.2,14,7
NORMANDIN,2020-07-26,2020-07-26 17:00,2020,7,26,17:00,6.2,98.65,95,22.6,21.9,8,4
NORMANDIN,2020-07-26,2020-07-26 18:00,2020,7,26,18:00,0.5,98.66,91,22.8,21.3,23,4
NORMANDIN,2020-07-26,2020-07-26 19:00,2020,7,26,19:00,0,98.66,96,22.5,21.8,0,1
NORMANDIN,2020-07-26,2020-07-26 20:00,2020,7,26,20:00,0,98.71,98,21.9,21.5,30,11
NORMANDIN,2020-07-26,2020-07-26 21:00,2020,7,26,21:00,0.4,98.66,97,21.5,21,23,10
NORMANDIN,2020-07-26,2020-07-26 22:00,2020,7,26,22:00,0,98.64,98,19.8,19.5,25,5
NORMANDIN,2020-07-26,2020-07-26 23:00,2020,7,26,23:00,0,98.66,99,18.9,18.7,25,1
NORMANDIN,2020-07-27,2020-07-27 0:00,2020,7,27,0:00,0,98.63,99,18.2,18,0,1
NORMANDIN,2020-07-27,2020-07-27 1:00,2020,7,27,1:00,0,98.6,99,17.8,17.7,26,4
NORMANDIN,2020-07-27,2020-07-27 2:00,2020,7,27,2:00,0,98.57,99,17.9,17.7,25,1
NORMANDIN,2020-07-27,2020-07-27 3:00,2020,7,27,3:00,0,98.57,100,17.4,17.4,7,0
NORMANDIN,2020-07-27,2020-07-27 4:00,2020,7,27,4:00,0,98.58,100,16.8,16.7,26,0
NORMANDIN,2020-07-27,2020-07-27 5:00,2020,7,27,5:00,0,98.56,100,17.7,17.7,26,2
NORMANDIN,2020-07-27,2020-07-27 6:00,2020,7,27,6:00,0,98.54,100,18.3,18.3,26,0
NORMANDIN,2020-07-27,2020-07-27 7:00,2020,7,27,7:00,0,98.55,99,20,19.8,15,3
NORMANDIN,2020-07-27,2020-07-27 8:00,2020,7,27,8:00,0,98.49,95,21.2,20.5,12,7
NORMANDIN,2020-07-27,2020-07-27 9:00,2020,7,27,9:00,0,98.45,86,24,21.6,9,7
NORMANDIN,2020-07-27,2020-07-27 10:00,2020,7,27,10:00,0,98.39,79,25.6,21.6,14,10
NORMANDIN,2020-07-27,2020-07-27 11:00,2020,7,27,11:00,0,98.33,82,25.5,22.2,10,13
NORMANDIN,2020-07-27,2020-07-27 12:00,2020,7,27,12:00,9.2,98.3,88,22.5,20.4,14,20
NORMANDIN,2020-07-27,2020-07-27 13:00,2020,7,27,13:00,0,98.25,88,22.7,20.7,14,11
NORMANDIN,2020-07-27,2020-07-27 14:00,2020,7,27,14:00,0,98.25,87,23.6,21.4,20,16
NORMANDIN,2020-07-27,2020-07-27 15:00,2020,7,27,15:00,0,98.25,88,23,21,21,3
NORMANDIN,2020-07-27,2020-07-27 16:00,2020,7,27,16:00,0.2,98.25,92,23.8,22.4,25,8
NORMANDIN,2020-07-27,2020-07-27 17:00,2020,7,27,17:00,0,98.3,89,23.4,21.5,10,8
NORMANDIN,2020-07-27,2020-07-27 18:00,2020,7,27,18:00,0,98.24,87,23.2,20.9,15,6
NORMANDIN,2020-07-27,2020-07-27 19:00,2020,7,27,19:00,0,98.3,91,23,21.4,15,0
NORMANDIN,2020-07-27,2020-07-27 20:00,2020,7,27,20:00,0,98.3,95,21.9,21.1,13,1
NORMANDIN,2020-07-27,2020-07-27 21:00,2020,7,27,21:00,0,98.37,98,21.4,21.1,33,6
NORMANDIN,2020-07-27,2020-07-27 22:00,2020,7,27,22:00,1.9,98.19,98,21.6,21.2,10,18
NORMANDIN,2020-07-27,2020-07-27 23:00,2020,7,27,23:00,0.2,98.27,99,21.3,21.1,19,7
NORMANDIN,2020-07-28,2020-07-28 0:00,2020,7,28,0:00,0,98.26,98,20.7,20.5,26,2
NORMANDIN,2020-07-28,2020-07-28 1:00,2020,7,28,1:00,0,98.21,99,20.7,20.4,4,7
NORMANDIN,2020-07-28,2020-07-28 2:00,2020,7,28,2:00,0,98.23,99,20.4,20.3,7,6
NORMANDIN,2020-07-28,2020-07-28 3:00,2020,7,28,3:00,0,98.21,100,20.6,20.6,13,8
NORMANDIN,2020-07-28,2020-07-28 4:00,2020,7,28,4:00,0,98.21,100,20.7,20.7,14,10
NORMANDIN,2020-07-28,2020-07-28 5:00,2020,7,28,5:00,0,98.26,98,20.1,19.8,18,7
NORMANDIN,2020-07-28,2020-07-28 6:00,2020,7,28,6:00,0,98.24,97,20.5,20.1,16,10
NORMANDIN,2020-07-28,2020-07-28 7:00,2020,7,28,7:00,0,98.27,97,21.5,21,17,13
NORMANDIN,2020-07-28,2020-07-28 8:00,2020,7,28,8:00,0,98.28,91,23.1,21.6,15,14
NORMANDIN,2020-07-28,2020-07-28 9:00,2020,7,28,9:00,0,98.3,82,24.5,21.4,16,10
NORMANDIN,2020-07-28,2020-07-28 10:00,2020,7,28,10:00,0,98.34,79,23.7,19.9,26,13
NORMANDIN,2020-07-28,2020-07-28 11:00,2020,7,28,11:00,0,98.33,69,25.9,19.8,25,17
NORMANDIN,2020-07-28,2020-07-28 12:00,2020,7,28,12:00,0,98.35,63,26,18.5,25,12
NORMANDIN,2020-07-28,2020-07-28 13:00,2020,7,28,13:00,0,98.37,61,26.8,18.6,27,15
NORMANDIN,2020-07-28,2020-07-28 14:00,2020,7,28,14:00,0,98.35,59,26.8,18,29,10
NORMANDIN,2020-07-28,2020-07-28 15:00,2020,7,28,15:00,0,98.41,60,25.9,17.6,24,19
NORMANDIN,2020-07-28,2020-07-28 16:00,2020,7,28,16:00,0,98.4,56,27,17.4,26,18
NORMANDIN,2020-07-28,2020-07-28 17:00,2020,7,28,17:00,0,98.48,54,25.9,16,28,18
NORMANDIN,2020-07-28,2020-07-28 18:00,2020,7,28,18:00,0,98.54,67,25.7,19.1,29,4
NORMANDIN,2020-07-28,2020-07-28 19:00,2020,7,28,19:00,0,98.63,63,23.2,15.9,31,9
NORMANDIN,2020-07-28,2020-07-28 20:00,2020,7,28,20:00,0,98.72,81,20.4,17.1,10,7
NORMANDIN,2020-07-28,2020-07-28 21:00,2020,7,28,21:00,0,98.72,85,19.7,17.1,8,6
NORMANDIN,2020-07-28,2020-07-28 22:00,2020,7,28,22:00,0.6,98.84,87,19.1,16.8,24,21
NORMANDIN,2020-07-28,2020-07-28 23:00,2020,7,28,23:00,1.1,98.83,95,17.7,16.8,16,11
NORMANDIN,2020-07-29,2020-07-29 0:00,2020,7,29,0:00,0,98.86,97,16.2,15.7,19,6
NORMANDIN,2020-07-29,2020-07-29 1:00,2020,7,29,1:00,0,98.89,98,15.7,15.4,14,8
NORMANDIN,2020-07-29,2020-07-29 2:00,2020,7,29,2:00,0,98.91,99,15.1,14.9,15,7
NORMANDIN,2020-07-29,2020-07-29 3:00,2020,7,29,3:00,0,98.93,98,14.7,14.4,17,5
NORMANDIN,2020-07-29,2020-07-29 4:00,2020,7,29,4:00,0,98.95,98,14.5,14.1,17,2
NORMANDIN,2020-07-29,2020-07-29 5:00,2020,7,29,5:00,0,99.02,99,14.7,14.6,6,2
NORMANDIN,2020-07-29,2020-07-29 6:00,2020,7,29,6:00,0,99.02,99,16,15.8,8,8
NORMANDIN,2020-07-29,2020-07-29 7:00,2020,7,29,7:00,0,99.08,95,17.2,16.3,8,6
NORMANDIN,2020-07-29,2020-07-29 8:00,2020,7,29,8:00,0,99.1,89,18.7,16.9,16,7
NORMANDIN,2020-07-29,2020-07-29 9:00,2020,7,29,9:00,0,99.09,78,20.8,16.9,20,4
NORMANDIN,2020-07-29,2020-07-29 10:00,2020,7,29,10:00,0,99.07,77,21.4,17.2,17,2
NORMANDIN,2020-07-29,2020-07-29 11:00,2020,7,29,11:00,0,99,78,22.1,18.1,9,7
NORMANDIN,2020-07-29,2020-07-29 12:00,2020,7,29,12:00,5.7,99.01,88,17.8,15.8,16,9
NORMANDIN,2020-07-29,2020-07-29 13:00,2020,7,29,13:00,0,99.02,90,18,16.4,19,13
NORMANDIN,2020-07-29,2020-07-29 14:00,2020,7,29,14:00,0,98.97,83,20.6,17.7,17,13
NORMANDIN,2020-07-29,2020-07-29 15:00,2020,7,29,15:00,0,99.01,80,21.3,17.6,17,14
NORMANDIN,2020-07-29,2020-07-29 16:00,2020,7,29,16:00,0,98.99,79,20.8,17.1,13,16
NORMANDIN,2020-07-29,2020-07-29 17:00,2020,7,29,17:00,0,98.99,78,21,17.1,11,16
NORMANDIN,2020-07-29,2020-07-29 18:00,2020,7,29,18:00,3,99.1,95,15.9,15.1,31,18
NORMANDIN,2020-07-29,2020-07-29 19:00,2020,7,29,19:00,6.5,99.04,91,16.4,14.9,6,7
NORMANDIN,2020-07-29,2020-07-29 20:00,2020,7,29,20:00,0,99.07,96,15.8,15.2,24,8
NORMANDIN,2020-07-29,2020-07-29 21:00,2020,7,29,21:00,0,99.06,97,15.2,14.7,29,3
NORMANDIN,2020-07-29,2020-07-29 22:00,2020,7,29,22:00,0,99.08,99,14.4,14.3,36,5
NORMANDIN,2020-07-29,2020-07-29 23:00,2020,7,29,23:00,0,99.09,98,13.6,13.4,34,8
NORMANDIN,2020-07-30,2020-07-30 0:00,2020,7,30,0:00,0,99.09,98,12.7,12.5,0,0
NORMANDIN,2020-07-30,2020-07-30 1:00,2020,7,30,1:00,0,99.09,100,13.9,13.9,30,6
NORMANDIN,2020-07-30,2020-07-30 2:00,2020,7,30,2:00,0,99.11,99,14.6,14.5,30,7
NORMANDIN,2020-07-30,2020-07-30 3:00,2020,7,30,3:00,0,99.09,100,14.7,14.7,33,6
NORMANDIN,2020-07-30,2020-07-30 4:00,2020,7,30,4:00,0,99.1,100,15,15,30,6
NORMANDIN,2020-07-30,2020-07-30 5:00,2020,7,30,5:00,0,99.11,100,15.1,15.1,31,7
NORMANDIN,2020-07-30,2020-07-30 6:00,2020,7,30,6:00,0,99.17,99,15.7,15.6,32,6
NORMANDIN,2020-07-30,2020-07-30 7:00,2020,7,30,7:00,0,99.16,94,16.8,15.9,33,6
NORMANDIN,2020-07-30,2020-07-30 8:00,2020,7,30,8:00,0,99.17,92,17.5,16.2,5,5
NORMANDIN,2020-07-30,2020-07-30 9:00,2020,7,30,9:00,0,99.18,88,18.2,16.3,2,2
NORMANDIN,2020-07-30,2020-07-30 10:00,2020,7,30,10:00,0,99.16,85,18.8,16.4,28,6
NORMANDIN,2020-07-30,2020-07-30 11:00,2020,7,30,11:00,0,99.13,83,19.9,16.8,33,7
NORMANDIN,2020-07-30,2020-07-30 12:00,2020,7,30,12:00,0,99.09,75,21,16.3,2,9
NORMANDIN,2020-07-30,2020-07-30 13:00,2020,7,30,13:00,0,99.05,72,21.9,16.6,4,6
NORMANDIN,2020-07-30,2020-07-30 14:00,2020,7,30,14:00,0,99.04,68,21.8,15.6,32,6
NORMANDIN,2020-07-30,2020-07-30 15:00,2020,7,30,15:00,0,99.07,74,21.8,16.9,34,9
NORMANDIN,2020-07-30,2020-07-30 16:00,2020,7,30,16:00,0,99.09,72,21.4,16.1,35,17
NORMANDIN,2020-07-30,2020-07-30 17:00,2020,7,30,17:00,0,99.13,75,19.9,15.3,1,7
NORMANDIN,2020-07-30,2020-07-30 18:00,2020,7,30,18:00,0,99.15,84,19.6,16.9,32,5
NORMANDIN,2020-07-30,2020-07-30 19:00,2020,7,30,19:00,0,99.15,90,18.4,16.7,32,4
NORMANDIN,2020-07-30,2020-07-30 20:00,2020,7,30,20:00,0,99.18,91,17,15.6,30,8
NORMANDIN,2020-07-30,2020-07-30 21:00,2020,7,30,21:00,0,99.2,94,16.1,15.1,29,8
NORMANDIN,2020-07-30,2020-07-30 22:00,2020,7,30,22:00,0,99.2,95,15.5,14.8,28,3
NORMANDIN,2020-07-30,2020-07-30 23:00,2020,7,30,23:00,0,99.19,97,14.9,14.4,31,4
NORMANDIN,2020-07-31,2020-07-31 0:00,2020,7,31,0:00,0,99.2,97,14.7,14.3,32,7
NORMANDIN,2020-07-31,2020-07-31 1:00,2020,7,31,1:00,0,99.22,98,15.6,15.2,32,5
NORMANDIN,2020-07-31,2020-07-31 2:00,2020,7,31,2:00,0,99.21,96,15.4,14.9,29,6
NORMANDIN,2020-07-31,2020-07-31 3:00,2020,7,31,3:00,0,99.19,98,14.6,14.3,30,7
NORMANDIN,2020-07-31,2020-07-31 4:00,2020,7,31,4:00,0,99.2,99,14.4,14.1,31,9
NORMANDIN,2020-07-31,2020-07-31 5:00,2020,7,31,5:00,0,99.27,98,14.2,14,30,10
NORMANDIN,2020-07-31,2020-07-31 6:00,2020,7,31,6:00,0,99.3,96,15.8,15.1,31,9
NORMANDIN,2020-07-31,2020-07-31 7:00,2020,7,31,7:00,0,99.32,91,17.3,15.8,31,12
NORMANDIN,2020-07-31,2020-07-31 8:00,2020,7,31,8:00,0,99.34,86,19.2,16.8,33,7
NORMANDIN,2020-07-31,2020-07-31 9:00,2020,7,31,9:00,0,99.34,81,20.6,17.2,32,8
NORMANDIN,2020-07-31,2020-07-31 10:00,2020,7,31,10:00,0,99.33,74,22.2,17.3,32,5
NORMANDIN,2020-07-31,2020-07-31 11:00,2020,7,31,11:00,0,99.33,66,23.5,16.7,28,5
NORMANDIN,2020-07-31,2020-07-31 12:00,2020,7,31,12:00,0,99.29,70,22.8,17.1,6,3
NORMANDIN,2020-07-31,2020-07-31 13:00,2020,7,31,13:00,0,99.29,62,24.3,16.6,31,9
NORMANDIN,2020-07-31,2020-07-31 14:00,2020,7,31,14:00,0,99.28,73,21.9,16.8,33,8
NORMANDIN,2020-07-31,2020-07-31 15:00,2020,7,31,15:00,0,99.25,71,24.5,18.8,31,11
NORMANDIN,2020-07-31,2020-07-31 16:00,2020,7,31,16:00,0,99.26,63,24.7,17.1,33,10
NORMANDIN,2020-07-31,2020-07-31 17:00,2020,7,31,17:00,0,99.25,68,23.6,17.4,1,6
NORMANDIN,2020-07-31,2020-07-31 18:00,2020,7,31,18:00,0,99.27,74,24.1,19.2,0,1
NORMANDIN,2020-07-31,2020-07-31 19:00,2020,7,31,19:00,0,99.29,74,23.7,18.8,0,0
NORMANDIN,2020-07-31,2020-07-31 20:00,2020,7,31,20:00,1.9,99.42,84,17.5,14.7,3,34
NORMANDIN,2020-07-31,2020-07-31 21:00,2020,7,31,21:00,3.8,99.37,85,17.9,15.2,30,9
NORMANDIN,2020-07-31,2020-07-31 22:00,2020,7,31,22:00,0,99.34,94,16.8,15.8,28,13
NORMANDIN,2020-07-31,2020-07-31 23:00,2020,7,31,23:00,0,99.37,95,16.4,15.7,32,6
NORMANDIN,2020-08-01,2020-08-01 0:00,2020,8,1,0:00,0,99.38,94,16.7,15.7,4,4
NORMANDIN,2020-08-01,2020-08-01 1:00,2020,8,1,1:00,0,99.4,98,15.5,15.2,0,0
NORMANDIN,2020-08-01,2020-08-01 2:00,2020,8,1,2:00,0,99.4,98,14.2,13.9,25,4
NORMANDIN,2020-08-01,2020-08-01 3:00,2020,8,1,3:00,0,99.43,98,13.9,13.5,0,0
NORMANDIN,2020-08-01,2020-08-01 4:00,2020,8,1,4:00,0,99.46,98,13.2,13,27,5
NORMANDIN,2020-08-01,2020-08-01 5:00,2020,8,1,5:00,0,99.49,97,13,12.6,30,6
NORMANDIN,2020-08-01,2020-08-01 6:00,2020,8,1,6:00,0,99.52,97,16.1,15.6,28,3
NORMANDIN,2020-08-01,2020-08-01 7:00,2020,8,1,7:00,0,99.54,91,18.5,16.9,35,5
NORMANDIN,2020-08-01,2020-08-01 8:00,2020,8,1,8:00,0,99.58,82,20,16.8,35,6
NORMANDIN,2020-08-01,2020-08-01 9:00,2020,8,1,9:00,0,99.59,76,22.1,17.6,34,3
NORMANDIN,2020-08-01,2020-08-01 10:00,2020,8,1,10:00,0,99.58,70,24,18.2,5,3
NORMANDIN,2020-08-01,2020-08-01 11:00,2020,8,1,11:00,0,99.57,60,25.7,17.4,30,1
NORMANDIN,2020-08-01,2020-08-01 12:00,2020,8,1,12:00,0,99.53,55,27.1,17.1,23,2
NORMANDIN,2020-08-01,2020-08-01 13:00,2020,8,1,13:00,0,99.5,46,27.9,15.3,16,4
NORMANDIN,2020-08-01,2020-08-01 14:00,2020,8,1,14:00,0,99.47,46,28.1,15.5,13,7
NORMANDIN,2020-08-01,2020-08-01 15:00,2020,8,1,15:00,0,99.44,50,28.4,17,12,6
NORMANDIN,2020-08-01,2020-08-01 16:00,2020,8,1,16:00,0,99.42,54,28.2,18,15,10
NORMANDIN,2020-08-01,2020-08-01 17:00,2020,8,1,17:00,0,99.4,61,27.5,19.2,14,11
NORMANDIN,2020-08-01,2020-08-01 18:00,2020,8,1,18:00,0,99.39,65,26.4,19.2,17,8
NORMANDIN,2020-08-01,2020-08-01 19:00,2020,8,1,19:00,0,99.39,79,23.7,19.8,19,9
NORMANDIN,2020-08-01,2020-08-01 20:00,2020,8,1,20:00,0,99.42,83,21.2,18.3,16,0
NORMANDIN,2020-08-01,2020-08-01 21:00,2020,8,1,21:00,0,99.46,86,18.8,16.4,12,2
NORMANDIN,2020-08-01,2020-08-01 22:00,2020,8,1,22:00,0,99.46,91,17.3,15.9,17,3
NORMANDIN,2020-08-01,2020-08-01 23:00,2020,8,1,23:00,0,99.48,93,16.8,15.7,31,4
NORMANDIN,2020-08-02,2020-08-02 0:00,2020,8,2,0:00,0,99.47,94,16.7,15.8,35,5
NORMANDIN,2020-08-02,2020-08-02 1:00,2020,8,2,1:00,0,99.47,95,15.2,14.4,0,0
NORMANDIN,2020-08-02,2020-08-02 2:00,2020,8,2,2:00,0,99.45,95,14.8,14.1,4,2
NORMANDIN,2020-08-02,2020-08-02 3:00,2020,8,2,3:00,0,99.44,98,14.3,13.9,32,5
NORMANDIN,2020-08-02,2020-08-02 4:00,2020,8,2,4:00,0,99.44,98,13.8,13.5,36,4
NORMANDIN,2020-08-02,2020-08-02 5:00,2020,8,2,5:00,0,99.45,98,14,13.6,32,6
NORMANDIN,2020-08-02,2020-08-02 6:00,2020,8,2,6:00,0,99.43,93,16.4,15.3,35,2
NORMANDIN,2020-08-02,2020-08-02 7:00,2020,8,2,7:00,0,99.44,84,19.4,16.7,16,0
NORMANDIN,2020-08-02,2020-08-02 8:00,2020,8,2,8:00,0,99.43,79,21.5,17.7,7,3
NORMANDIN,2020-08-02,2020-08-02 9:00,2020,8,2,9:00,0,99.41,70,23.6,17.8,12,6
NORMANDIN,2020-08-02,2020-08-02 10:00,2020,8,2,10:00,0,99.36,71,25.7,20.1,13,7
NORMANDIN,2020-08-02,2020-08-02 11:00,2020,8,2,11:00,0,99.31,74,24.8,19.9,13,14
NORMANDIN,2020-08-02,2020-08-02 12:00,2020,8,2,12:00,0,99.25,78,24.8,20.6,13,14
NORMANDIN,2020-08-02,2020-08-02 13:00,2020,8,2,13:00,0,99.19,73,26.2,20.9,13,9
NORMANDIN,2020-08-02,2020-08-02 14:00,2020,8,2,14:00,0,99.09,64,27.2,19.7,13,9
NORMANDIN,2020-08-02,2020-08-02 15:00,2020,8,2,15:00,0,99.08,67,24.1,17.5,13,21
NORMANDIN,2020-08-02,2020-08-02 16:00,2020,8,2,16:00,1.2,99.09,79,22.2,18.3,19,18
NORMANDIN,2020-08-02,2020-08-02 17:00,2020,8,2,17:00,0,99.06,84,21.5,18.6,18,10
NORMANDIN,2020-08-02,2020-08-02 18:00,2020,8,2,18:00,0,99.06,91,20.9,19.3,17,9
NORMANDIN,2020-08-02,2020-08-02 19:00,2020,8,2,19:00,0.9,99.09,94,20.3,19.4,13,6
NORMANDIN,2020-08-02,2020-08-02 20:00,2020,8,2,20:00,2.5,99.05,92,19.5,18.2,11,6
NORMANDIN,2020-08-02,2020-08-02 21:00,2020,8,2,21:00,6.4,98.97,98,18.5,18.1,8,10
NORMANDIN,2020-08-02,2020-08-02 22:00,2020,8,2,22:00,6.8,98.82,99,17.9,17.7,5,10
NORMANDIN,2020-08-02,2020-08-02 23:00,2020,8,2,23:00,1.8,98.76,98,17.8,17.5,4,12
NORMANDIN,2020-08-03,2020-08-03 0:00,2020,8,3,0:00,0.6,98.7,98,17.9,17.6,3,12
NORMANDIN,2020-08-03,2020-08-03 1:00,2020,8,3,1:00,1.1,98.67,98,17.4,17.1,36,13
NORMANDIN,2020-08-03,2020-08-03 2:00,2020,8,3,2:00,6.3,98.62,99,17.2,17,36,12
NORMANDIN,2020-08-03,2020-08-03 3:00,2020,8,3,3:00,2,98.58,98,17.3,16.9,1,13
NORMANDIN,2020-08-03,2020-08-03 4:00,2020,8,3,4:00,0.7,98.58,98,17.1,16.7,35,12
NORMANDIN,2020-08-03,2020-08-03 5:00,2020,8,3,5:00,0.9,98.6,98,17.1,16.7,35,15
NORMANDIN,2020-08-03,2020-08-03 6:00,2020,8,3,6:00,3.3,98.65,98,16.8,16.5,33,19
NORMANDIN,2020-08-03,2020-08-03 7:00,2020,8,3,7:00,2.4,98.76,97,17.1,16.6,34,15
NORMANDIN,2020-08-03,2020-08-03 8:00,2020,8,3,8:00,0.3,98.77,95,18.1,17.4,33,16
NORMANDIN,2020-08-03,2020-08-03 9:00,2020,8,3,9:00,0,98.86,93,18.7,17.7,33,17
NORMANDIN,2020-08-03,2020-08-03 10:00,2020,8,3,10:00,0,98.95,87,20.2,18,33,16
NORMANDIN,2020-08-03,2020-08-03 11:00,2020,8,3,11:00,0,98.98,84,20.7,17.9,32,20
NORMANDIN,2020-08-03,2020-08-03 12:00,2020,8,3,12:00,0,99.07,78,21.8,17.9,31,26
NORMANDIN,2020-08-03,2020-08-03 13:00,2020,8,3,13:00,0,99.19,77,21,16.7,31,31
NORMANDIN,2020-08-03,2020-08-03 14:00,2020,8,3,14:00,0,99.31,77,20.4,16.1,30,23
NORMANDIN,2020-08-03,2020-08-03 15:00,2020,8,3,15:00,0,99.36,82,19.8,16.6,31,23
NORMANDIN,2020-08-03,2020-08-03 16:00,2020,8,3,16:00,0,99.42,76,20.7,16.4,31,20
NORMANDIN,2020-08-03,2020-08-03 17:00,2020,8,3,17:00,0,99.45,72,21.1,15.8,33,17
NORMANDIN,2020-08-03,2020-08-03 18:00,2020,8,3,18:00,0,99.54,73,20,15.1,31,17
NORMANDIN,2020-08-03,2020-08-03 19:00,2020,8,3,19:00,0,99.59,78,18.6,14.7,30,11
NORMANDIN,2020-08-03,2020-08-03 20:00,2020,8,3,20:00,0,99.67,90,15.8,14.2,28,15
NORMANDIN,2020-08-03,2020-08-03 21:00,2020,8,3,21:00,0,99.76,92,15.7,14.4,28,13
NORMANDIN,2020-08-03,2020-08-03 22:00,2020,8,3,22:00,0,99.8,92,15.9,14.5,28,11
NORMANDIN,2020-08-03,2020-08-03 23:00,2020,8,3,23:00,0,99.83,92,15.3,14,28,13
NORMANDIN,2020-08-04,2020-08-04 0:00,2020,8,4,0:00,0,99.84,91,14.9,13.5,30,10
NORMANDIN,2020-08-04,2020-08-04 1:00,2020,8,4,1:00,0,99.85,92,14.3,13.1,30,10
NORMANDIN,2020-08-04,2020-08-04 2:00,2020,8,4,2:00,0,99.85,93,13.7,12.6,30,11
NORMANDIN,2020-08-04,2020-08-04 3:00,2020,8,4,3:00,0,99.86,94,13.3,12.4,31,11
NORMANDIN,2020-08-04,2020-08-04 4:00,2020,8,4,4:00,0,99.94,95,13,12.2,30,10
NORMANDIN,2020-08-04,2020-08-04 5:00,2020,8,4,5:00,0,99.96,95,13.3,12.6,31,7
NORMANDIN,2020-08-04,2020-08-04 6:00,2020,8,4,6:00,0,99.98,94,14.4,13.4,33,5
NORMANDIN,2020-08-04,2020-08-04 7:00,2020,8,4,7:00,0,99.98,91,15.4,13.9,33,7
NORMANDIN,2020-08-04,2020-08-04 8:00,2020,8,4,8:00,0,100.02,86,17.1,14.6,35,5
NORMANDIN,2020-08-04,2020-08-04 9:00,2020,8,4,9:00,0,100.02,80,18.9,15.4,0,1
NORMANDIN,2020-08-04,2020-08-04 10:00,2020,8,4,10:00,0,100.01,76,19.7,15.4,0,1
NORMANDIN,2020-08-04,2020-08-04 11:00,2020,8,4,11:00,0,100.02,81,20,16.6,0,1
NORMANDIN,2020-08-04,2020-08-04 12:00,2020,8,4,12:00,0,99.97,74,21.2,16.3,10,4
NORMANDIN,2020-08-04,2020-08-04 13:00,2020,8,4,13:00,0,99.93,78,21.2,17.3,13,5
NORMANDIN,2020-08-04,2020-08-04 14:00,2020,8,4,14:00,0,99.87,78,21.6,17.6,13,3
NORMANDIN,2020-08-04,2020-08-04 15:00,2020,8,4,15:00,0,99.82,81,21.2,17.8,15,6
NORMANDIN,2020-08-04,2020-08-04 16:00,2020,8,4,16:00,0,99.75,77,21.5,17.3,16,3
NORMANDIN,2020-08-04,2020-08-04 17:00,2020,8,4,17:00,0,99.68,87,21,18.8,16,1
NORMANDIN,2020-08-04,2020-08-04 18:00,2020,8,4,18:00,0,99.59,92,19.2,17.8,22,11
NORMANDIN,2020-08-04,2020-08-04 19:00,2020,8,4,19:00,0.2,99.55,95,18.5,17.6,0,0
NORMANDIN,2020-08-04,2020-08-04 20:00,2020,8,4,20:00,1.2,99.52,95,17.9,17,10,18
NORMANDIN,2020-08-04,2020-08-04 21:00,2020,8,4,21:00,1.4,99.38,98,17.6,17.3,9,18
NORMANDIN,2020-08-04,2020-08-04 22:00,2020,8,4,22:00,0.3,99.35,98,17.8,17.4,10,13
NORMANDIN,2020-08-04,2020-08-04 23:00,2020,8,4,23:00,1.2,99.24,98,18,17.7,11,15
NORMANDIN,2020-08-05,2020-08-05 0:00,2020,8,5,0:00,2.3,99.2,98,18,17.6,12,18
NORMANDIN,2020-08-05,2020-08-05 1:00,2020,8,5,1:00,4.6,99.11,98,17.7,17.4,12,14
NORMANDIN,2020-08-05,2020-08-05 2:00,2020,8,5,2:00,4.3,99.02,99,17.5,17.3,11,7
NORMANDIN,2020-08-05,2020-08-05 3:00,2020,8,5,3:00,3.9,98.96,99,17.3,17.2,6,6
NORMANDIN,2020-08-05,2020-08-05 4:00,2020,8,5,4:00,6.7,98.82,99,17,16.9,1,12
NORMANDIN,2020-08-05,2020-08-05 5:00,2020,8,5,5:00,2.7,98.68,98,17,16.7,35,17
NORMANDIN,2020-08-05,2020-08-05 6:00,2020,8,5,6:00,1.4,98.63,99,17,16.8,35,16
NORMANDIN,2020-08-05,2020-08-05 7:00,2020,8,5,7:00,1,98.61,98,17.2,16.9,33,13
NORMANDIN,2020-08-05,2020-08-05 8:00,2020,8,5,8:00,0.6,98.59,97,17.9,17.4,1,13
NORMANDIN,2020-08-05,2020-08-05 9:00,2020,8,5,9:00,0,98.64,90,19,17.3,29,7
NORMANDIN,2020-08-05,2020-08-05 10:00,2020,8,5,10:00,1.4,98.66,92,18.5,17.2,21,8
NORMANDIN,2020-08-05,2020-08-05 11:00,2020,8,5,11:00,0.8,98.66,94,18.4,17.5,20,6
NORMANDIN,2020-08-05,2020-08-05 12:00,2020,8,5,12:00,0,98.67,95,19.3,18.5,17,9
NORMANDIN,2020-08-05,2020-08-05 13:00,2020,8,5,13:00,0,98.71,93,20.9,19.8,22,14
NORMANDIN,2020-08-05,2020-08-05 14:00,2020,8,5,14:00,0,98.71,72,22.2,17,25,27
NORMANDIN,2020-08-05,2020-08-05 15:00,2020,8,5,15:00,0,98.74,67,22.7,16.2,25,26
NORMANDIN,2020-08-05,2020-08-05 16:00,2020,8,5,16:00,0,98.77,65,22,15.2,25,31
NORMANDIN,2020-08-05,2020-08-05 17:00,2020,8,5,17:00,0,98.85,72,20.2,15,25,29
NORMANDIN,2020-08-05,2020-08-05 18:00,2020,8,5,18:00,0,98.89,67,19.8,13.5,28,22
NORMANDIN,2020-08-05,2020-08-05 19:00,2020,8,5,19:00,0,98.95,78,18.3,14.4,24,21
NORMANDIN,2020-08-05,2020-08-05 20:00,2020,8,5,20:00,0,99.02,79,17.5,13.8,22,22
NORMANDIN,2020-08-05,2020-08-05 21:00,2020,8,5,21:00,0,99.04,83,16.1,13.1,23,18
NORMANDIN,2020-08-05,2020-08-05 22:00,2020,8,5,22:00,0,99.02,83,15.6,12.6,22,16
NORMANDIN,2020-08-05,2020-08-05 23:00,2020,8,5,23:00,0,99.02,78,15.6,11.8,24,26
NORMANDIN,2020-08-06,2020-08-06 0:00,2020,8,6,0:00,0,99.02,82,14.8,11.8,23,20
NORMANDIN,2020-08-06,2020-08-06 1:00,2020,8,6,1:00,0,98.97,83,14.4,11.5,22,18
NORMANDIN,2020-08-06,2020-08-06 2:00,2020,8,6,2:00,0,98.94,79,14.6,11,22,23
NORMANDIN,2020-08-06,2020-08-06 3:00,2020,8,6,3:00,0,98.92,78,15.2,11.4,23,21
NORMANDIN,2020-08-06,2020-08-06 4:00,2020,8,6,4:00,0,98.89,78,15.2,11.5,23,24
NORMANDIN,2020-08-06,2020-08-06 5:00,2020,8,6,5:00,0,98.94,80,15.6,12.1,24,31
NORMANDIN,2020-08-06,2020-08-06 6:00,2020,8,6,6:00,0,99.04,80,15.8,12.4,27,27
NORMANDIN,2020-08-06,2020-08-06 7:00,2020,8,6,7:00,0,99.13,77,16.4,12.3,28,35
NORMANDIN,2020-08-06,2020-08-06 8:00,2020,8,6,8:00,0,99.22,74,17,12.2,29,39
NORMANDIN,2020-08-06,2020-08-06 9:00,2020,8,6,9:00,0,99.3,72,17.7,12.5,28,39
NORMANDIN,2020-08-06,2020-08-06 10:00,2020,8,6,10:00,0,99.39,71,18.7,13.3,29,39
NORMANDIN,2020-08-06,2020-08-06 11:00,2020,8,6,11:00,0,99.51,70,19.2,13.6,29,27
NORMANDIN,2020-08-06,2020-08-06 12:00,2020,8,6,12:00,0,99.52,66,19.5,13,30,24
NORMANDIN,2020-08-06,2020-08-06 13:00,2020,8,6,13:00,0,99.55,62,20.2,12.6,29,29
NORMANDIN,2020-08-06,2020-08-06 14:00,2020,8,6,14:00,0,99.55,48,22.3,10.9,29,28
NORMANDIN,2020-08-06,2020-08-06 15:00,2020,8,6,15:00,0,99.57,51,22,11.4,30,24
NORMANDIN,2020-08-06,2020-08-06 16:00,2020,8,6,16:00,0,99.59,57,22.2,13.3,31,20
NORMANDIN,2020-08-06,2020-08-06 17:00,2020,8,6,17:00,0,99.62,61,21.9,14.1,29,12
NORMANDIN,2020-08-06,2020-08-06 18:00,2020,8,6,18:00,0,99.67,66,21.2,14.6,26,12
NORMANDIN,2020-08-06,2020-08-06 19:00,2020,8,6,19:00,0,99.7,79,18,14.4,25,14
NORMANDIN,2020-08-06,2020-08-06 20:00,2020,8,6,20:00,0,99.78,85,17.2,14.6,30,5
NORMANDIN,2020-08-06,2020-08-06 21:00,2020,8,6,21:00,0,99.83,90,14.8,13.2,26,7
NORMANDIN,2020-08-06,2020-08-06 22:00,2020,8,6,22:00,0,99.85,92,13.8,12.5,28,6
NORMANDIN,2020-08-06,2020-08-06 23:00,2020,8,6,23:00,0,99.89,94,13.1,12.2,23,4
NORMANDIN,2020-08-07,2020-08-07 0:00,2020,8,7,0:00,0,99.94,91,13.2,11.7,30,5
NORMANDIN,2020-08-07,2020-08-07 1:00,2020,8,7,1:00,0,99.96,94,12.1,11.1,31,2
NORMANDIN,2020-08-07,2020-08-07 2:00,2020,8,7,2:00,0,99.95,94,12,11,31,0
NORMANDIN,2020-08-07,2020-08-07 3:00,2020,8,7,3:00,0,99.96,97,11.5,11.1,31,0
NORMANDIN,2020-08-07,2020-08-07 4:00,2020,8,7,4:00,0,99.99,98,10.8,10.5,0,0
NORMANDIN,2020-08-07,2020-08-07 5:00,2020,8,7,5:00,0,100.01,98,10.5,10.2,4,2
NORMANDIN,2020-08-07,2020-08-07 6:00,2020,8,7,6:00,0,100.04,96,13.1,12.5,4,5
NORMANDIN,2020-08-07,2020-08-07 7:00,2020,8,7,7:00,0,100.08,87,15.8,13.7,0,1
NORMANDIN,2020-08-07,2020-08-07 8:00,2020,8,7,8:00,0,100.11,79,18.6,14.8,31,0
NORMANDIN,2020-08-07,2020-08-07 9:00,2020,8,7,9:00,0,100.12,73,20.9,16,13,1
NORMANDIN,2020-08-07,2020-08-07 10:00,2020,8,7,10:00,0,100.11,64,23.2,16.1,9,3
NORMANDIN,2020-08-07,2020-08-07 11:00,2020,8,7,11:00,0,100.09,59,24.5,15.9,17,3
NORMANDIN,2020-08-07,2020-08-07 12:00,2020,8,7,12:00,0,100.07,66,25.3,18.4,12,9
NORMANDIN,2020-08-07,2020-08-07 13:00,2020,8,7,13:00,0,100.04,68,24.4,18.1,15,11
NORMANDIN,2020-08-07,2020-08-07 14:00,2020,8,7,14:00,0,99.98,69,24.8,18.8,15,13
NORMANDIN,2020-08-07,2020-08-07 15:00,2020,8,7,15:00,0,99.99,64,24.4,17.1,20,19
NORMANDIN,2020-08-07,2020-08-07 16:00,2020,8,7,16:00,0,99.97,68,22.5,16.3,22,12
NORMANDIN,2020-08-07,2020-08-07 17:00,2020,8,7,17:00,0,99.96,75,21.6,17,16,9
NORMANDIN,2020-08-07,2020-08-07 18:00,2020,8,7,18:00,0,99.98,83,20.8,17.9,21,11
NORMANDIN,2020-08-07,2020-08-07 19:00,2020,8,7,19:00,0,100.07,84,20.1,17.2,33,10
NORMANDIN,2020-08-07,2020-08-07 20:00,2020,8,7,20:00,0,100.09,84,19.1,16.3,22,3
NORMANDIN,2020-08-07,2020-08-07 21:00,2020,8,7,21:00,0,100.1,93,17.4,16.1,22,2
NORMANDIN,2020-08-07,2020-08-07 22:00,2020,8,7,22:00,0,100.08,92,17,15.8,0,0
NORMANDIN,2020-08-07,2020-08-07 23:00,2020,8,7,23:00,0,100.07,96,16.5,15.8,0,0
NORMANDIN,2020-08-08,2020-08-08 0:00,2020,8,8,0:00,0,100.05,96,15.8,15.1,10,0
NORMANDIN,2020-08-08,2020-08-08 1:00,2020,8,8,1:00,0,100.08,95,15.5,14.7,3,5
NORMANDIN,2020-08-08,2020-08-08 2:00,2020,8,8,2:00,0,100.07,97,14.5,14.1,2,2
NORMANDIN,2020-08-08,2020-08-08 3:00,2020,8,8,3:00,0,100.07,97,13.3,12.9,27,3
NORMANDIN,2020-08-08,2020-08-08 4:00,2020,8,8,4:00,0,100.07,99,12.8,12.6,30,5
NORMANDIN,2020-08-08,2020-08-08 5:00,2020,8,8,5:00,0,100.1,97,12.4,11.9,31,4
NORMANDIN,2020-08-08,2020-08-08 6:00,2020,8,8,6:00,0,100.11,99,13.9,13.8,31,1
NORMANDIN,2020-08-08,2020-08-08 7:00,2020,8,8,7:00,0,100.1,97,16.5,16,32,1
NORMANDIN,2020-08-08,2020-08-08 8:00,2020,8,8,8:00,0,100.08,82,20.4,17.2,10,1
NORMANDIN,2020-08-08,2020-08-08 9:00,2020,8,8,9:00,0,100.07,68,22.5,16.2,13,3
NORMANDIN,2020-08-08,2020-08-08 10:00,2020,8,8,10:00,0,100.05,70,24.5,18.6,14,8
NORMANDIN,2020-08-08,2020-08-08 11:00,2020,8,8,11:00,0,100,70,25.2,19.3,13,11
NORMANDIN,2020-08-08,2020-08-08 12:00,2020,8,8,12:00,0,99.91,76,24.3,19.8,14,15
NORMANDIN,2020-08-08,2020-08-08 13:00,2020,8,8,13:00,0,99.83,68,25.9,19.7,15,17
NORMANDIN,2020-08-08,2020-08-08 14:00,2020,8,8,14:00,0,99.78,68,26.1,19.7,13,17
NORMANDIN,2020-08-08,2020-08-08 15:00,2020,8,8,15:00,0,99.73,54,27.3,17.1,28,15
NORMANDIN,2020-08-08,2020-08-08 16:00,2020,8,8,16:00,0,99.66,57,26.5,17.3,27,13
NORMANDIN,2020-08-08,2020-08-08 17:00,2020,8,8,17:00,0,99.63,61,26.3,18.2,21,17
NORMANDIN,2020-08-08,2020-08-08 18:00,2020,8,8,18:00,0,99.61,64,23.4,16.3,24,11
NORMANDIN,2020-08-08,2020-08-08 19:00,2020,8,8,19:00,0,99.62,71,21.6,16.1,21,13
NORMANDIN,2020-08-08,2020-08-08 20:00,2020,8,8,20:00,0,99.65,83,19.2,16.3,21,14
NORMANDIN,2020-08-08,2020-08-08 21:00,2020,8,8,21:00,0,99.68,87,18.5,16.3,21,13
NORMANDIN,2020-08-08,2020-08-08 22:00,2020,8,8,22:00,0,99.66,83,18.5,15.6,22,13
NORMANDIN,2020-08-08,2020-08-08 23:00,2020,8,8,23:00,0,99.65,81,18.1,14.8,23,13
NORMANDIN,2020-08-09,2020-08-09 0:00,2020,8,9,0:00,0,99.64,79,17.9,14.3,24,16
NORMANDIN,2020-08-09,2020-08-09 1:00,2020,8,9,1:00,0,99.64,86,16.3,14,25,14
NORMANDIN,2020-08-09,2020-08-09 2:00,2020,8,9,2:00,0,99.62,89,15.4,13.6,25,15
NORMANDIN,2020-08-09,2020-08-09 3:00,2020,8,9,3:00,0,99.62,87,15.9,13.7,24,13
NORMANDIN,2020-08-09,2020-08-09 4:00,2020,8,9,4:00,0,99.61,88,15.6,13.6,23,9
NORMANDIN,2020-08-09,2020-08-09 5:00,2020,8,9,5:00,0,99.62,91,14.7,13.2,23,2
NORMANDIN,2020-08-09,2020-08-09 6:00,2020,8,9,6:00,0,99.6,88,17,15.1,24,9
NORMANDIN,2020-08-09,2020-08-09 7:00,2020,8,9,7:00,0,99.61,80,21,17.4,27,4
NORMANDIN,2020-08-09,2020-08-09 8:00,2020,8,9,8:00,0,99.6,71,22.7,17.2,28,16
NORMANDIN,2020-08-09,2020-08-09 9:00,2020,8,9,9:00,0,99.57,65,24.2,17.1,28,15
NORMANDIN,2020-08-09,2020-08-09 10:00,2020,8,9,10:00,0,99.54,67,24.8,18.2,28,11
NORMANDIN,2020-08-09,2020-08-09 11:00,2020,8,9,11:00,0,99.5,63,25.8,18.2,28,11
NORMANDIN,2020-08-09,2020-08-09 12:00,2020,8,9,12:00,0,99.47,62,26.5,18.6,27,14
NORMANDIN,2020-08-09,2020-08-09 13:00,2020,8,9,13:00,0,99.45,58,26.7,17.7,28,12
NORMANDIN,2020-08-09,2020-08-09 14:00,2020,8,9,14:00,0,99.45,65,26.3,19.2,28,10
NORMANDIN,2020-08-09,2020-08-09 15:00,2020,8,9,15:00,0,99.45,60,26.4,18.1,30,9
NORMANDIN,2020-08-09,2020-08-09 16:00,2020,8,9,16:00,0,99.46,66,25.8,18.8,28,12
NORMANDIN,2020-08-09,2020-08-09 17:00,2020,8,9,17:00,0,99.44,65,25.9,18.9,27,10
NORMANDIN,2020-08-09,2020-08-09 18:00,2020,8,9,18:00,0,99.42,65,26.2,19.1,28,5
NORMANDIN,2020-08-09,2020-08-09 19:00,2020,8,9,19:00,0,99.47,78,22.4,18.3,27,9
NORMANDIN,2020-08-09,2020-08-09 20:00,2020,8,9,20:00,0,99.5,84,19.4,16.6,24,10
NORMANDIN,2020-08-09,2020-08-09 21:00,2020,8,9,21:00,0,99.51,89,18,16.2,23,11
NORMANDIN,2020-08-09,2020-08-09 22:00,2020,8,9,22:00,0,99.54,89,17.4,15.6,22,7
NORMANDIN,2020-08-09,2020-08-09 23:00,2020,8,9,23:00,0,99.56,85,17.5,15.1,29,6
NORMANDIN,2020-08-10,2020-08-10 0:00,2020,8,10,0:00,0,99.57,83,17.6,14.7,31,6
NORMANDIN,2020-08-10,2020-08-10 1:00,2020,8,10,1:00,0,99.57,91,15.5,14,19,3
NORMANDIN,2020-08-10,2020-08-10 2:00,2020,8,10,2:00,0,99.58,94,15.2,14.2,22,5
NORMANDIN,2020-08-10,2020-08-10 3:00,2020,8,10,3:00,0,99.63,95,14.6,13.9,0,1
NORMANDIN,2020-08-10,2020-08-10 4:00,2020,8,10,4:00,0,99.62,97,13.7,13.2,18,1
NORMANDIN,2020-08-10,2020-08-10 5:00,2020,8,10,5:00,0,99.66,97,13.3,12.9,33,6
NORMANDIN,2020-08-10,2020-08-10 6:00,2020,8,10,6:00,0,99.66,94,15.9,14.9,0,0
NORMANDIN,2020-08-10,2020-08-10 7:00,2020,8,10,7:00,0,99.66,84,19.5,16.6,12,0
NORMANDIN,2020-08-10,2020-08-10 8:00,2020,8,10,8:00,0,99.67,75,21.7,17.1,15,3
NORMANDIN,2020-08-10,2020-08-10 9:00,2020,8,10,9:00,0,99.63,65,23.1,16.1,13,6
NORMANDIN,2020-08-10,2020-08-10 10:00,2020,8,10,10:00,0,99.55,66,24.2,17.3,12,11
NORMANDIN,2020-08-10,2020-08-10 11:00,2020,8,10,11:00,0,99.47,66,25.3,18.5,13,13
NORMANDIN,2020-08-10,2020-08-10 12:00,2020,8,10,12:00,0,99.4,66,25.6,18.8,13,17
NORMANDIN,2020-08-10,2020-08-10 13:00,2020,8,10,13:00,0,99.35,65,25.7,18.6,14,18
NORMANDIN,2020-08-10,2020-08-10 14:00,2020,8,10,14:00,0,99.27,65,26.5,19.4,13,20
NORMANDIN,2020-08-10,2020-08-10 15:00,2020,8,10,15:00,0,99.21,58,27.1,18.3,19,22
NORMANDIN,2020-08-10,2020-08-10 16:00,2020,8,10,16:00,0,99.16,57,26.4,17.2,19,20
NORMANDIN,2020-08-10,2020-08-10 17:00,2020,8,10,17:00,0,99.18,64,25,17.7,18,18
NORMANDIN,2020-08-10,2020-08-10 18:00,2020,8,10,18:00,0,99.14,68,24.2,17.9,17,13
NORMANDIN,2020-08-10,2020-08-10 19:00,2020,8,10,19:00,0,99.11,79,22.2,18.4,18,14
NORMANDIN,2020-08-10,2020-08-10 20:00,2020,8,10,20:00,0,99.12,86,21,18.5,15,12
NORMANDIN,2020-08-10,2020-08-10 21:00,2020,8,10,21:00,0,99.07,89,20.2,18.2,14,11
NORMANDIN,2020-08-10,2020-08-10 22:00,2020,8,10,22:00,0,99.06,89,19.9,18.1,15,9
NORMANDIN,2020-08-10,2020-08-10 23:00,2020,8,10,23:00,0,99.05,91,19.5,18,15,13
NORMANDIN,2020-08-11,2020-08-11 0:00,2020,8,11,0:00,0,99,91,19.4,17.9,14,6
NORMANDIN,2020-08-11,2020-08-11 1:00,2020,8,11,1:00,0,98.98,94,18.8,17.8,14,8
NORMANDIN,2020-08-11,2020-08-11 2:00,2020,8,11,2:00,0,98.93,93,19.4,18.2,12,6
NORMANDIN,2020-08-11,2020-08-11 3:00,2020,8,11,3:00,0,98.92,91,20.6,19.1,18,8
NORMANDIN,2020-08-11,2020-08-11 4:00,2020,8,11,4:00,0,98.89,92,20.6,19.3,13,7
NORMANDIN,2020-08-11,2020-08-11 5:00,2020,8,11,5:00,0,98.91,93,20.5,19.3,17,5
NORMANDIN,2020-08-11,2020-08-11 6:00,2020,8,11,6:00,0,98.96,89,22,20.1,19,12
NORMANDIN,2020-08-11,2020-08-11 7:00,2020,8,11,7:00,0,98.96,87,23.2,20.9,21,18
NORMANDIN,2020-08-11,2020-08-11 8:00,2020,8,11,8:00,0,98.93,81,24.7,21.2,21,15
NORMANDIN,2020-08-11,2020-08-11 9:00,2020,8,11,9:00,0,98.94,71,26.6,20.9,21,19
NORMANDIN,2020-08-11,2020-08-11 10:00,2020,8,11,10:00,0,98.94,71,26.2,20.4,20,16
NORMANDIN,2020-08-11,2020-08-11 11:00,2020,8,11,11:00,0,98.94,80,25.5,21.8,20,13
NORMANDIN,2020-08-11,2020-08-11 12:00,2020,8,11,12:00,0,98.87,66,25.6,18.8,22,24
NORMANDIN,2020-08-11,2020-08-11 13:00,2020,8,11,13:00,0.4,98.83,80,22.6,19,20,12
NORMANDIN,2020-08-11,2020-08-11 14:00,2020,8,11,14:00,0,98.88,76,22.8,18.4,20,11
NORMANDIN,2020-08-11,2020-08-11 15:00,2020,8,11,15:00,0,98.89,84,23,20.1,17,7
NORMANDIN,2020-08-11,2020-08-11 16:00,2020,8,11,16:00,0,98.91,91,22,20.5,19,9
NORMANDIN,2020-08-11,2020-08-11 17:00,2020,8,11,17:00,0,98.91,91,22,20.5,18,11
NORMANDIN,2020-08-11,2020-08-11 18:00,2020,8,11,18:00,0.5,98.88,95,20.7,19.9,16,15
NORMANDIN,2020-08-11,2020-08-11 19:00,2020,8,11,19:00,0,98.9,96,20.2,19.6,15,11
NORMANDIN,2020-08-11,2020-08-11 20:00,2020,8,11,20:00,0,98.9,97,19.5,19,14,7
NORMANDIN,2020-08-11,2020-08-11 21:00,2020,8,11,21:00,0,98.95,98,18.8,18.5,14,6
NORMANDIN,2020-08-11,2020-08-11 22:00,2020,8,11,22:00,0,99.01,94,19.5,18.5,29,15
NORMANDIN,2020-08-11,2020-08-11 23:00,2020,8,11,23:00,0,99.03,92,17.9,16.5,27,10
NORMANDIN,2020-08-12,2020-08-12 0:00,2020,8,12,0:00,0,99.06,91,17.9,16.4,26,6
NORMANDIN,2020-08-12,2020-08-12 1:00,2020,8,12,1:00,0,99.09,93,16.1,15,26,10
NORMANDIN,2020-08-12,2020-08-12 2:00,2020,8,12,2:00,0,99.14,93,15.2,14,31,2
NORMANDIN,2020-08-12,2020-08-12 3:00,2020,8,12,3:00,0,99.18,99,14,13.9,36,0
NORMANDIN,2020-08-12,2020-08-12 4:00,2020,8,12,4:00,0,99.25,98,12.6,12.3,33,0
NORMANDIN,2020-08-12,2020-08-12 5:00,2020,8,12,5:00,0,99.32,99,12.5,12.5,33,4
NORMANDIN,2020-08-12,2020-08-12 6:00,2020,8,12,6:00,0,99.36,98,14.5,14.2,33,1
NORMANDIN,2020-08-12,2020-08-12 7:00,2020,8,12,7:00,0,99.42,96,17.3,16.6,34,1
NORMANDIN,2020-08-12,2020-08-12 8:00,2020,8,12,8:00,0,99.44,79,20.9,17.1,15,0
NORMANDIN,2020-08-12,2020-08-12 9:00,2020,8,12,9:00,0,99.43,79,22.8,19,7,6
NORMANDIN,2020-08-12,2020-08-12 10:00,2020,8,12,10:00,0,99.44,66,25.1,18.3,8,4
NORMANDIN,2020-08-12,2020-08-12 11:00,2020,8,12,11:00,0,99.43,58,26.7,17.9,9,4
NORMANDIN,2020-08-12,2020-08-12 12:00,2020,8,12,12:00,0,99.45,59,25.6,17,28,5
NORMANDIN,2020-08-12,2020-08-12 13:00,2020,8,12,13:00,0,99.44,50,26.9,15.7,25,17
NORMANDIN,2020-08-12,2020-08-12 14:00,2020,8,12,14:00,0,99.44,49,25.1,13.6,28,18
NORMANDIN,2020-08-12,2020-08-12 15:00,2020,8,12,15:00,0,99.45,54,25.3,15.4,32,12
NORMANDIN,2020-08-12,2020-08-12 16:00,2020,8,12,16:00,0,99.49,53,25.3,15,30,18
NORMANDIN,2020-08-12,2020-08-12 17:00,2020,8,12,17:00,0,99.53,53,24.3,14.1,29,15
NORMANDIN,2020-08-12,2020-08-12 18:00,2020,8,12,18:00,0,99.6,67,22.7,16.3,29,11
NORMANDIN,2020-08-12,2020-08-12 19:00,2020,8,12,19:00,0,99.66,73,20.6,15.6,29,12
NORMANDIN,2020-08-12,2020-08-12 20:00,2020,8,12,20:00,0,99.76,77,19.4,15.1,29,10
NORMANDIN,2020-08-12,2020-08-12 21:00,2020,8,12,21:00,0,99.83,80,18.2,14.7,31,11
NORMANDIN,2020-08-12,2020-08-12 22:00,2020,8,12,22:00,0,99.88,85,16.5,14,28,13
NORMANDIN,2020-08-12,2020-08-12 23:00,2020,8,12,23:00,0,99.96,84,16.6,13.8,31,12
NORMANDIN,2020-08-13,2020-08-13 0:00,2020,8,13,0:00,0,100.04,85,16.1,13.6,30,10
NORMANDIN,2020-08-13,2020-08-13 1:00,2020,8,13,1:00,0,100.08,86,15.5,13.2,29,13
NORMANDIN,2020-08-13,2020-08-13 2:00,2020,8,13,2:00,0,100.11,88,14.9,13,29,15
NORMANDIN,2020-08-13,2020-08-13 3:00,2020,8,13,3:00,0,100.15,91,14.3,12.8,29,14
NORMANDIN,2020-08-13,2020-08-13 4:00,2020,8,13,4:00,0,100.19,93,13.4,12.4,31,11
NORMANDIN,2020-08-13,2020-08-13 5:00,2020,8,13,5:00,0,100.25,93,12.7,11.6,30,8
NORMANDIN,2020-08-13,2020-08-13 6:00,2020,8,13,6:00,0,100.31,92,14.7,13.4,32,8
NORMANDIN,2020-08-13,2020-08-13 7:00,2020,8,13,7:00,0,100.36,86,16.8,14.5,34,6
NORMANDIN,2020-08-13,2020-08-13 8:00,2020,8,13,8:00,0,100.39,77,17.9,13.7,35,11
NORMANDIN,2020-08-13,2020-08-13 9:00,2020,8,13,9:00,0,100.38,71,18.8,13.5,31,15
NORMANDIN,2020-08-13,2020-08-13 10:00,2020,8,13,10:00,0,100.38,63,20.1,12.7,31,15
NORMANDIN,2020-08-13,2020-08-13 11:00,2020,8,13,11:00,0,100.35,60,19.9,12,31,19
NORMANDIN,2020-08-13,2020-08-13 12:00,2020,8,13,12:00,0,100.35,58,20.9,12.2,32,19
NORMANDIN,2020-08-13,2020-08-13 13:00,2020,8,13,13:00,0,100.35,55,21,11.7,34,16
NORMANDIN,2020-08-13,2020-08-13 14:00,2020,8,13,14:00,0,100.34,49,21.6,10.3,32,17
NORMANDIN,2020-08-13,2020-08-13 15:00,2020,8,13,15:00,0,100.32,58,21.8,13.3,1,15
NORMANDIN,2020-08-13,2020-08-13 16:00,2020,8,13,16:00,0,100.31,54,22.1,12.4,31,13
NORMANDIN,2020-08-13,2020-08-13 17:00,2020,8,13,17:00,0,100.31,59,21.5,13.2,35,12
NORMANDIN,2020-08-13,2020-08-13 18:00,2020,8,13,18:00,0,100.33,65,20.3,13.4,35,8
NORMANDIN,2020-08-13,2020-08-13 19:00,2020,8,13,19:00,0,100.36,76,17.7,13.4,33,9
NORMANDIN,2020-08-13,2020-08-13 20:00,2020,8,13,20:00,0,100.4,84,15.2,12.6,32,9
NORMANDIN,2020-08-13,2020-08-13 21:00,2020,8,13,21:00,0,100.42,87,14.3,12.2,31,10
NORMANDIN,2020-08-13,2020-08-13 22:00,2020,8,13,22:00,0,100.42,88,13.8,11.8,30,11
NORMANDIN,2020-08-13,2020-08-13 23:00,2020,8,13,23:00,0,100.39,90,13.1,11.4,30,11
NORMANDIN,2020-08-14,2020-08-14 0:00,2020,8,14,0:00,0,100.42,89,13.1,11.3,29,15
NORMANDIN,2020-08-14,2020-08-14 1:00,2020,8,14,1:00,0,100.42,91,12.7,11.2,29,13
NORMANDIN,2020-08-14,2020-08-14 2:00,2020,8,14,2:00,0,100.4,92,12.5,11.2,30,12
NORMANDIN,2020-08-14,2020-08-14 3:00,2020,8,14,3:00,0,100.41,92,12.2,11,30,11
NORMANDIN,2020-08-14,2020-08-14 4:00,2020,8,14,4:00,0,100.43,93,12,10.9,30,11
NORMANDIN,2020-08-14,2020-08-14 5:00,2020,8,14,5:00,0,100.46,94,11.6,10.7,30,14
NORMANDIN,2020-08-14,2020-08-14 6:00,2020,8,14,6:00,0,100.51,92,13.1,11.9,30,14
NORMANDIN,2020-08-14,2020-08-14 7:00,2020,8,14,7:00,0,100.54,85,15.7,13.2,33,8
NORMANDIN,2020-08-14,2020-08-14 8:00,2020,8,14,8:00,0,100.51,80,17.9,14.4,3,7
NORMANDIN,2020-08-14,2020-08-14 9:00,2020,8,14,9:00,0,100.52,75,19.7,15.2,4,6
NORMANDIN,2020-08-14,2020-08-14 10:00,2020,8,14,10:00,0,100.5,71,21.2,15.7,35,6
NORMANDIN,2020-08-14,2020-08-14 11:00,2020,8,14,11:00,0,100.47,64,22.4,15.2,3,8
NORMANDIN,2020-08-14,2020-08-14 12:00,2020,8,14,12:00,0,100.46,63,23.5,16,6,6
NORMANDIN,2020-08-14,2020-08-14 13:00,2020,8,14,13:00,0,100.44,56,24.7,15.3,5,3
NORMANDIN,2020-08-14,2020-08-14 14:00,2020,8,14,14:00,0,100.38,58,24.9,16.1,1,2
NORMANDIN,2020-08-14,2020-08-14 15:00,2020,8,14,15:00,0,100.36,54,25.5,15.3,7,4
NORMANDIN,2020-08-14,2020-08-14 16:00,2020,8,14,16:00,0,100.32,52,25.6,14.9,5,3
NORMANDIN,2020-08-14,2020-08-14 17:00,2020,8,14,17:00,0,100.3,47,25.2,13.2,8,3
NORMANDIN,2020-08-14,2020-08-14 18:00,2020,8,14,18:00,0,100.3,44,25.6,12.5,4,0
NORMANDIN,2020-08-14,2020-08-14 19:00,2020,8,14,19:00,0,100.31,74,20.7,16,22,5
NORMANDIN,2020-08-14,2020-08-14 20:00,2020,8,14,20:00,0,100.31,83,17.4,14.6,26,7
NORMANDIN,2020-08-14,2020-08-14 21:00,2020,8,14,21:00,0,100.33,88,15.9,14,30,7
NORMANDIN,2020-08-14,2020-08-14 22:00,2020,8,14,22:00,0,100.37,91,15.1,13.6,14,3
NORMANDIN,2020-08-14,2020-08-14 23:00,2020,8,14,23:00,0,100.4,92,14.4,13.2,6,4
NORMANDIN,2020-08-15,2020-08-15 0:00,2020,8,15,0:00,0,100.38,95,13.3,12.5,30,0
NORMANDIN,2020-08-15,2020-08-15 1:00,2020,8,15,1:00,0,100.37,96,13.9,13.3,8,6
NORMANDIN,2020-08-15,2020-08-15 2:00,2020,8,15,2:00,0,100.43,97,12,11.6,36,6
NORMANDIN,2020-08-15,2020-08-15 3:00,2020,8,15,3:00,0,100.42,96,12.3,11.6,8,3
NORMANDIN,2020-08-15,2020-08-15 4:00,2020,8,15,4:00,0,100.42,95,11,10.2,10,4
NORMANDIN,2020-08-15,2020-08-15 5:00,2020,8,15,5:00,0,100.42,96,10.3,9.7,0,0
NORMANDIN,2020-08-15,2020-08-15 6:00,2020,8,15,6:00,0,100.47,95,12.9,12.1,35,4
NORMANDIN,2020-08-15,2020-08-15 7:00,2020,8,15,7:00,0,100.5,86,16.1,13.8,3,5
NORMANDIN,2020-08-15,2020-08-15 8:00,2020,8,15,8:00,0,100.48,77,18.1,14.1,6,5
NORMANDIN,2020-08-15,2020-08-15 9:00,2020,8,15,9:00,0,100.44,70,20.2,14.5,13,12
NORMANDIN,2020-08-15,2020-08-15 10:00,2020,8,15,10:00,0,100.43,67,21.2,14.7,13,12
NORMANDIN,2020-08-15,2020-08-15 11:00,2020,8,15,11:00,0,100.35,62,22.2,14.7,12,14
NORMANDIN,2020-08-15,2020-08-15 12:00,2020,8,15,12:00,0,100.28,60,23.2,15.1,15,17
NORMANDIN,2020-08-15,2020-08-15 13:00,2020,8,15,13:00,0,100.24,50,23.9,12.8,15,14
NORMANDIN,2020-08-15,2020-08-15 14:00,2020,8,15,14:00,0,100.17,52,24.1,13.6,14,13
NORMANDIN,2020-08-15,2020-08-15 15:00,2020,8,15,15:00,0,100.11,44,24.3,11.2,15,17
NORMANDIN,2020-08-15,2020-08-15 16:00,2020,8,15,16:00,0,100.09,44,24.3,11.4,14,13
NORMANDIN,2020-08-15,2020-08-15 17:00,2020,8,15,17:00,0,100,51,23.9,13.2,13,10
NORMANDIN,2020-08-15,2020-08-15 18:00,2020,8,15,18:00,0,99.98,61,22.8,14.9,14,8
NORMANDIN,2020-08-15,2020-08-15 19:00,2020,8,15,19:00,0,99.99,72,20.7,15.4,0,0
NORMANDIN,2020-08-15,2020-08-15 20:00,2020,8,15,20:00,0,100.04,88,16.7,14.7,0,0
NORMANDIN,2020-08-15,2020-08-15 21:00,2020,8,15,21:00,0,100.04,87,15.6,13.5,13,2
NORMANDIN,2020-08-15,2020-08-15 22:00,2020,8,15,22:00,0.2,100.03,88,15.5,13.5,11,5
NORMANDIN,2020-08-15,2020-08-15 23:00,2020,8,15,23:00,0,100.03,95,13.3,12.5,2,4
NORMANDIN,2020-08-16,2020-08-16 0:00,2020,8,16,0:00,0,100.04,96,13.1,12.4,36,5
NORMANDIN,2020-08-16,2020-08-16 1:00,2020,8,16,1:00,0,100.02,93,13,11.9,5,2
NORMANDIN,2020-08-16,2020-08-16 2:00,2020,8,16,2:00,0,100.04,94,11.8,11,0,1
NORMANDIN,2020-08-16,2020-08-16 3:00,2020,8,16,3:00,0,100.04,98,11.3,10.9,6,4
NORMANDIN,2020-08-16,2020-08-16 4:00,2020,8,16,4:00,0,100.02,98,10.8,10.5,35,5
NORMANDIN,2020-08-16,2020-08-16 5:00,2020,8,16,5:00,0,100.06,98,10.5,10.2,1,5
NORMANDIN,2020-08-16,2020-08-16 6:00,2020,8,16,6:00,0,100.06,92,13.2,11.9,4,4
NORMANDIN,2020-08-16,2020-08-16 7:00,2020,8,16,7:00,0,100.07,86,16.5,14.2,8,3
NORMANDIN,2020-08-16,2020-08-16 8:00,2020,8,16,8:00,0,100.03,83,19.3,16.4,13,8
NORMANDIN,2020-08-16,2020-08-16 9:00,2020,8,16,9:00,0,99.98,71,21.5,16.1,14,11
NORMANDIN,2020-08-16,2020-08-16 10:00,2020,8,16,10:00,0,99.94,69,22.3,16.4,13,12
NORMANDIN,2020-08-16,2020-08-16 11:00,2020,8,16,11:00,0,99.86,65,23.2,16.3,12,12
NORMANDIN,2020-08-16,2020-08-16 12:00,2020,8,16,12:00,0,99.79,66,24.8,18.1,13,15
NORMANDIN,2020-08-16,2020-08-16 13:00,2020,8,16,13:00,0,99.72,58,25.6,16.7,12,19
NORMANDIN,2020-08-16,2020-08-16 14:00,2020,8,16,14:00,0,99.65,52,26,15.4,14,21
NORMANDIN,2020-08-16,2020-08-16 15:00,2020,8,16,15:00,0,99.56,47,26.4,14.3,13,20
NORMANDIN,2020-08-16,2020-08-16 16:00,2020,8,16,16:00,0,99.51,46,26.3,13.9,14,19
NORMANDIN,2020-08-16,2020-08-16 17:00,2020,8,16,17:00,0,99.46,49,25.5,14,13,19
NORMANDIN,2020-08-16,2020-08-16 18:00,2020,8,16,18:00,0,99.43,59,24.1,15.7,13,16
NORMANDIN,2020-08-16,2020-08-16 19:00,2020,8,16,19:00,0,99.46,79,20.1,16.3,15,11
NORMANDIN,2020-08-16,2020-08-16 20:00,2020,8,16,20:00,0,99.47,82,18.2,15,21,5
NORMANDIN,2020-08-16,2020-08-16 21:00,2020,8,16,21:00,0,99.45,82,17.3,14.2,12,5
NORMANDIN,2020-08-16,2020-08-16 22:00,2020,8,16,22:00,0,99.42,87,16,13.9,14,9
NORMANDIN,2020-08-16,2020-08-16 23:00,2020,8,16,23:00,0,99.39,92,14.9,13.6,13,5
NORMANDIN,2020-08-17,2020-08-17 0:00,2020,8,17,0:00,0,99.35,93,13.6,12.5,11,2
NORMANDIN,2020-08-17,2020-08-17 1:00,2020,8,17,1:00,0,99.34,93,13.8,12.7,9,6
NORMANDIN,2020-08-17,2020-08-17 2:00,2020,8,17,2:00,0,99.29,94,13.7,12.9,8,5
NORMANDIN,2020-08-17,2020-08-17 3:00,2020,8,17,3:00,0,99.25,95,13.9,13.2,9,4
NORMANDIN,2020-08-17,2020-08-17 4:00,2020,8,17,4:00,0,99.19,95,13.4,12.7,7,4
NORMANDIN,2020-08-17,2020-08-17 5:00,2020,8,17,5:00,0,99.16,95,13,12.3,8,8
NORMANDIN,2020-08-17,2020-08-17 6:00,2020,8,17,6:00,0,99.15,92,15,13.7,12,9
NORMANDIN,2020-08-17,2020-08-17 7:00,2020,8,17,7:00,0,99.13,87,16.9,14.7,13,12
NORMANDIN,2020-08-17,2020-08-17 8:00,2020,8,17,8:00,0.3,99.13,93,17.1,16,14,10
NORMANDIN,2020-08-17,2020-08-17 9:00,2020,8,17,9:00,2,99.08,96,16.9,16.3,12,10
NORMANDIN,2020-08-17,2020-08-17 10:00,2020,8,17,10:00,0,99.03,90,19,17.3,15,17
NORMANDIN,2020-08-17,2020-08-17 11:00,2020,8,17,11:00,0,99,82,19.8,16.7,24,14
NORMANDIN,2020-08-17,2020-08-17 12:00,2020,8,17,12:00,0,99.01,74,20.8,15.9,28,22
NORMANDIN,2020-08-17,2020-08-17 13:00,2020,8,17,13:00,0,98.97,64,21.1,14.2,29,18
NORMANDIN,2020-08-17,2020-08-17 14:00,2020,8,17,14:00,0,98.95,64,21.4,14.4,28,18
NORMANDIN,2020-08-17,2020-08-17 15:00,2020,8,17,15:00,0,98.92,60,22.9,14.7,29,11
NORMANDIN,2020-08-17,2020-08-17 16:00,2020,8,17,16:00,0,98.91,64,21.9,14.8,28,8
NORMANDIN,2020-08-17,2020-08-17 17:00,2020,8,17,17:00,0,98.89,55,22.5,13.1,25,4
NORMANDIN,2020-08-17,2020-08-17 18:00,2020,8,17,18:00,0,98.99,81,16.5,13.3,30,26
NORMANDIN,2020-08-17,2020-08-17 19:00,2020,8,17,19:00,0.6,99.04,93,15.4,14.3,17,7
NORMANDIN,2020-08-17,2020-08-17 20:00,2020,8,17,20:00,0,99.01,95,14.9,14.1,6,2
NORMANDIN,2020-08-17,2020-08-17 21:00,2020,8,17,21:00,0,99,98,13.2,12.9,3,3
NORMANDIN,2020-08-17,2020-08-17 22:00,2020,8,17,22:00,0,99.03,97,11.9,11.5,3,0
NORMANDIN,2020-08-17,2020-08-17 23:00,2020,8,17,23:00,0,99.02,98,11.5,11.2,33,0
NORMANDIN,2020-08-18,2020-08-18 0:00,2020,8,18,0:00,0,99.01,98,11.1,10.9,35,1
NORMANDIN,2020-08-18,2020-08-18 1:00,2020,8,18,1:00,0,98.95,99,10.9,10.8,32,10
NORMANDIN,2020-08-18,2020-08-18 2:00,2020,8,18,2:00,0,98.94,100,10.9,10.9,31,7
NORMANDIN,2020-08-18,2020-08-18 3:00,2020,8,18,3:00,0,98.92,98,11.2,10.8,29,8
NORMANDIN,2020-08-18,2020-08-18 4:00,2020,8,18,4:00,0,98.91,97,10.6,10.2,31,4
NORMANDIN,2020-08-18,2020-08-18 5:00,2020,8,18,5:00,0,98.93,99,10.4,10.2,32,4
NORMANDIN,2020-08-18,2020-08-18 6:00,2020,8,18,6:00,0,98.94,98,11.4,11.1,0,1
NORMANDIN,2020-08-18,2020-08-18 7:00,2020,8,18,7:00,0,99,97,12.5,12.1,33,4
NORMANDIN,2020-08-18,2020-08-18 8:00,2020,8,18,8:00,0,99.01,96,13.5,12.9,34,6
NORMANDIN,2020-08-18,2020-08-18 9:00,2020,8,18,9:00,0,99.02,95,14.4,13.7,34,7
NORMANDIN,2020-08-18,2020-08-18 10:00,2020,8,18,10:00,0,99.02,93,15.3,14.2,32,6
NORMANDIN,2020-08-18,2020-08-18 11:00,2020,8,18,11:00,0,98.97,88,16.3,14.4,31,6
NORMANDIN,2020-08-18,2020-08-18 12:00,2020,8,18,12:00,0,98.92,80,17.7,14.1,29,9
NORMANDIN,2020-08-18,2020-08-18 13:00,2020,8,18,13:00,0,98.9,76,17.9,13.6,30,13
NORMANDIN,2020-08-18,2020-08-18 14:00,2020,8,18,14:00,0,98.9,91,15.6,14.1,31,9
NORMANDIN,2020-08-18,2020-08-18 15:00,2020,8,18,15:00,0.6,98.89,90,16.2,14.5,6,4
NORMANDIN,2020-08-18,2020-08-18 16:00,2020,8,18,16:00,10.4,98.9,93,15.6,14.5,18,10
NORMANDIN,2020-08-18,2020-08-18 17:00,2020,8,18,17:00,1.2,98.88,93,16.3,15.1,31,7
NORMANDIN,2020-08-18,2020-08-18 18:00,2020,8,18,18:00,0.3,98.91,94,15.4,14.5,36,8
NORMANDIN,2020-08-18,2020-08-18 19:00,2020,8,18,19:00,1.3,98.95,95,14.3,13.4,30,12
NORMANDIN,2020-08-18,2020-08-18 20:00,2020,8,18,20:00,0,98.99,96,13.9,13.2,29,9
NORMANDIN,2020-08-18,2020-08-18 21:00,2020,8,18,21:00,0,99,94,14,13,29,12
NORMANDIN,2020-08-18,2020-08-18 22:00,2020,8,18,22:00,0,98.99,95,13.6,12.8,30,8
NORMANDIN,2020-08-18,2020-08-18 23:00,2020,8,18,23:00,0,98.98,93,13.4,12.2,29,12
NORMANDIN,2020-08-19,2020-08-19 0:00,2020,8,19,0:00,0,99.01,94,12.5,11.5,28,14
NORMANDIN,2020-08-19,2020-08-19 1:00,2020,8,19,1:00,0,99.05,94,12.8,11.9,29,13
NORMANDIN,2020-08-19,2020-08-19 2:00,2020,8,19,2:00,0,99.07,93,13.1,12,28,17
NORMANDIN,2020-08-19,2020-08-19 3:00,2020,8,19,3:00,0,99.06,92,13.2,11.9,28,16
NORMANDIN,2020-08-19,2020-08-19 4:00,2020,8,19,4:00,0,99.08,92,13,11.8,28,15
NORMANDIN,2020-08-19,2020-08-19 5:00,2020,8,19,5:00,0,99.12,94,12.6,11.7,27,8
NORMANDIN,2020-08-19,2020-08-19 6:00,2020,8,19,6:00,0,99.14,89,13.2,11.4,29,18
NORMANDIN,2020-08-19,2020-08-19 7:00,2020,8,19,7:00,0,99.16,88,13.4,11.5,29,18
NORMANDIN,2020-08-19,2020-08-19 8:00,2020,8,19,8:00,0,99.16,81,15,11.7,30,22
NORMANDIN,2020-08-19,2020-08-19 9:00,2020,8,19,9:00,0,99.21,82,14.5,11.5,29,21
NORMANDIN,2020-08-19,2020-08-19 10:00,2020,8,19,10:00,0,99.22,81,14.7,11.5,28,24
NORMANDIN,2020-08-19,2020-08-19 11:00,2020,8,19,11:00,0,99.23,80,14.6,11.3,30,25
NORMANDIN,2020-08-19,2020-08-19 12:00,2020,8,19,12:00,0,99.26,79,15.1,11.5,29,20
NORMANDIN,2020-08-19,2020-08-19 13:00,2020,8,19,13:00,0,99.28,77,15.4,11.3,30,27
NORMANDIN,2020-08-19,2020-08-19 14:00,2020,8,19,14:00,0,99.28,76,15.4,11.2,30,26
NORMANDIN,2020-08-19,2020-08-19 15:00,2020,8,19,15:00,0,99.29,76,15.8,11.7,30,26
NORMANDIN,2020-08-19,2020-08-19 16:00,2020,8,19,16:00,0,99.3,75,15.4,10.9,29,26
NORMANDIN,2020-08-19,2020-08-19 17:00,2020,8,19,17:00,0,99.31,77,15.1,11,29,23
NORMANDIN,2020-08-19,2020-08-19 18:00,2020,8,19,18:00,0,99.35,74,15.4,10.8,29,18
NORMANDIN,2020-08-19,2020-08-19 19:00,2020,8,19,19:00,0,99.43,88,13.6,11.6,28,12
NORMANDIN,2020-08-19,2020-08-19 20:00,2020,8,19,20:00,0,99.51,82,13.3,10.4,30,15
NORMANDIN,2020-08-19,2020-08-19 21:00,2020,8,19,21:00,0,99.54,87,11.1,9.1,28,12
NORMANDIN,2020-08-19,2020-08-19 22:00,2020,8,19,22:00,0,99.5,83,11.3,8.5,29,17
NORMANDIN,2020-08-19,2020-08-19 23:00,2020,8,19,23:00,0,99.49,83,11.1,8.4,28,21
NORMANDIN,2020-08-20,2020-08-20 0:00,2020,8,20,0:00,0,99.49,88,10.1,8.2,28,15
NORMANDIN,2020-08-20,2020-08-20 1:00,2020,8,20,1:00,0,99.51,86,10.3,8.1,29,15
NORMANDIN,2020-08-20,2020-08-20 2:00,2020,8,20,2:00,0,99.55,89,10,8.2,29,13
NORMANDIN,2020-08-20,2020-08-20 3:00,2020,8,20,3:00,0,99.57,90,9.7,8.1,29,16
NORMANDIN,2020-08-20,2020-08-20 4:00,2020,8,20,4:00,0,99.59,91,9.6,8.2,29,16
NORMANDIN,2020-08-20,2020-08-20 5:00,2020,8,20,5:00,0,99.64,93,8.9,7.9,28,15
NORMANDIN,2020-08-20,2020-08-20 6:00,2020,8,20,6:00,0,99.67,89,10.6,8.9,28,14
NORMANDIN,2020-08-20,2020-08-20 7:00,2020,8,20,7:00,0,99.69,83,13,10.1,28,17
NORMANDIN,2020-08-20,2020-08-20 8:00,2020,8,20,8:00,0,99.67,75,14.9,10.4,29,13
NORMANDIN,2020-08-20,2020-08-20 9:00,2020,8,20,9:00,0,99.66,66,16.2,9.8,29,17
NORMANDIN,2020-08-20,2020-08-20 10:00,2020,8,20,10:00,0,99.64,64,17.3,10.5,30,14
NORMANDIN,2020-08-20,2020-08-20 11:00,2020,8,20,11:00,0,99.6,61,18.8,11,29,15
NORMANDIN,2020-08-20,2020-08-20 12:00,2020,8,20,12:00,0,99.52,58,18.3,10,31,12
NORMANDIN,2020-08-20,2020-08-20 13:00,2020,8,20,13:00,0,99.46,59,18.8,10.6,29,11
NORMANDIN,2020-08-20,2020-08-20 14:00,2020,8,20,14:00,0,99.37,60,18.8,10.9,27,5
NORMANDIN,2020-08-20,2020-08-20 15:00,2020,8,20,15:00,0,99.27,48,19.6,8.4,0,0
NORMANDIN,2020-08-20,2020-08-20 16:00,2020,8,20,16:00,0,99.19,51,20.1,9.6,13,8
NORMANDIN,2020-08-20,2020-08-20 17:00,2020,8,20,17:00,0,99.15,60,18.6,10.6,23,9
NORMANDIN,2020-08-20,2020-08-20 18:00,2020,8,20,18:00,0,99.18,62,18,10.6,26,16
NORMANDIN,2020-08-20,2020-08-20 19:00,2020,8,20,19:00,0,99.21,74,16,11.5,28,23
NORMANDIN,2020-08-20,2020-08-20 20:00,2020,8,20,20:00,0,99.23,86,14.7,12.3,27,7
NORMANDIN,2020-08-20,2020-08-20 21:00,2020,8,20,21:00,0,99.22,87,14.7,12.5,25,3
NORMANDIN,2020-08-20,2020-08-20 22:00,2020,8,20,22:00,0,99.21,89,14.6,12.8,1,3
NORMANDIN,2020-08-20,2020-08-20 23:00,2020,8,20,23:00,0,99.19,94,14.2,13.2,23,1
NORMANDIN,2020-08-21,2020-08-21 0:00,2020,8,21,0:00,0,99.16,94,14,13.1,23,0
NORMANDIN,2020-08-21,2020-08-21 1:00,2020,8,21,1:00,0,99.15,96,13.9,13.3,30,1
NORMANDIN,2020-08-21,2020-08-21 2:00,2020,8,21,2:00,0,99.13,92,14,12.7,23,4
NORMANDIN,2020-08-21,2020-08-21 3:00,2020,8,21,3:00,0,99.09,94,13.4,12.4,23,7
NORMANDIN,2020-08-21,2020-08-21 4:00,2020,8,21,4:00,0,99.16,96,12.7,12,36,5
NORMANDIN,2020-08-21,2020-08-21 5:00,2020,8,21,5:00,0,99.19,96,12.5,11.9,32,5
NORMANDIN,2020-08-21,2020-08-21 6:00,2020,8,21,6:00,0,99.23,95,12.9,12.2,30,5
NORMANDIN,2020-08-21,2020-08-21 7:00,2020,8,21,7:00,0,99.29,88,14,12,35,12
NORMANDIN,2020-08-21,2020-08-21 8:00,2020,8,21,8:00,0,99.33,84,15,12.4,35,9
NORMANDIN,2020-08-21,2020-08-21 9:00,2020,8,21,9:00,0,99.34,79,14.9,11.3,3,10
NORMANDIN,2020-08-21,2020-08-21 10:00,2020,8,21,10:00,0,99.34,80,16.5,13,33,9
NORMANDIN,2020-08-21,2020-08-21 11:00,2020,8,21,11:00,0,99.34,65,17.6,10.9,1,7
NORMANDIN,2020-08-21,2020-08-21 12:00,2020,8,21,12:00,0,99.29,58,18.4,10.1,32,12
NORMANDIN,2020-08-21,2020-08-21 13:00,2020,8,21,13:00,0,99.29,60,18.8,10.8,34,16
NORMANDIN,2020-08-21,2020-08-21 14:00,2020,8,21,14:00,0,99.26,50,20,9.4,33,11
NORMANDIN,2020-08-21,2020-08-21 15:00,2020,8,21,15:00,0,99.25,42,20.2,6.7,31,12
NORMANDIN,2020-08-21,2020-08-21 16:00,2020,8,21,16:00,0,99.24,52,20.2,9.9,1,8
NORMANDIN,2020-08-21,2020-08-21 17:00,2020,8,21,17:00,0,99.23,50,20,9.2,30,7
NORMANDIN,2020-08-21,2020-08-21 18:00,2020,8,21,18:00,0,99.25,59,19.1,11,31,5
NORMANDIN,2020-08-21,2020-08-21 19:00,2020,8,21,19:00,0,99.28,66,16.9,10.5,35,6
NORMANDIN,2020-08-21,2020-08-21 20:00,2020,8,21,20:00,0,99.35,86,12.8,10.5,31,10
NORMANDIN,2020-08-21,2020-08-21 21:00,2020,8,21,21:00,0,99.37,80,11.8,8.5,30,11
NORMANDIN,2020-08-21,2020-08-21 22:00,2020,8,21,22:00,0,99.37,82,12,9,30,11
NORMANDIN,2020-08-21,2020-08-21 23:00,2020,8,21,23:00,0,99.38,87,10.7,8.6,29,11
NORMANDIN,2020-08-22,2020-08-22 0:00,2020,8,22,0:00,0,99.4,88,9.7,7.8,30,9
NORMANDIN,2020-08-22,2020-08-22 1:00,2020,8,22,1:00,0,99.39,93,8.3,7.3,33,9
NORMANDIN,2020-08-22,2020-08-22 2:00,2020,8,22,2:00,0,99.4,95,8,7.3,32,10
NORMANDIN,2020-08-22,2020-08-22 3:00,2020,8,22,3:00,0,99.42,95,7.4,6.7,32,9
NORMANDIN,2020-08-22,2020-08-22 4:00,2020,8,22,4:00,0,99.44,97,6.7,6.3,32,8
NORMANDIN,2020-08-22,2020-08-22 5:00,2020,8,22,5:00,0,99.47,97,6.5,6.1,30,4
NORMANDIN,2020-08-22,2020-08-22 6:00,2020,8,22,6:00,0,99.49,97,7.7,7.4,31,6
NORMANDIN,2020-08-22,2020-08-22 7:00,2020,8,22,7:00,0,99.52,94,9,8,32,6
NORMANDIN,2020-08-22,2020-08-22 8:00,2020,8,22,8:00,0,99.53,79,12.4,8.9,3,2
NORMANDIN,2020-08-22,2020-08-22 9:00,2020,8,22,9:00,0,99.55,72,14.9,9.8,4,2
NORMANDIN,2020-08-22,2020-08-22 10:00,2020,8,22,10:00,0,99.54,64,16.4,9.5,10,2
NORMANDIN,2020-08-22,2020-08-22 11:00,2020,8,22,11:00,0,99.52,60,18,10.2,10,4
NORMANDIN,2020-08-22,2020-08-22 12:00,2020,8,22,12:00,0,99.48,53,19.5,9.6,1,3
NORMANDIN,2020-08-22,2020-08-22 13:00,2020,8,22,13:00,0,99.45,46,21,9,30,1
NORMANDIN,2020-08-22,2020-08-22 14:00,2020,8,22,14:00,0,99.44,46,21.4,9.3,12,5
NORMANDIN,2020-08-22,2020-08-22 15:00,2020,8,22,15:00,0,99.44,45,22.2,9.8,10,1
NORMANDIN,2020-08-22,2020-08-22 16:00,2020,8,22,16:00,0,99.43,50,21.9,11,9,2
NORMANDIN,2020-08-22,2020-08-22 17:00,2020,8,22,17:00,0,99.43,59,20.8,12.4,13,11
NORMANDIN,2020-08-22,2020-08-22 18:00,2020,8,22,18:00,0,99.43,66,19.3,12.7,15,9
NORMANDIN,2020-08-22,2020-08-22 19:00,2020,8,22,19:00,0,99.42,73,16.6,11.7,16,6
NORMANDIN,2020-08-22,2020-08-22 20:00,2020,8,22,20:00,0,99.48,86,13.8,11.6,27,4
NORMANDIN,2020-08-22,2020-08-22 21:00,2020,8,22,21:00,0,99.48,90,13,11.4,10,0
NORMANDIN,2020-08-22,2020-08-22 22:00,2020,8,22,22:00,0,99.49,96,13.9,13.2,30,3
NORMANDIN,2020-08-22,2020-08-22 23:00,2020,8,22,23:00,0,99.47,94,13.9,12.9,31,5
NORMANDIN,2020-08-23,2020-08-23 0:00,2020,8,23,0:00,0,99.43,93,13.6,12.5,35,4
NORMANDIN,2020-08-23,2020-08-23 1:00,2020,8,23,1:00,0,99.43,94,12.2,11.3,31,6
NORMANDIN,2020-08-23,2020-08-23 2:00,2020,8,23,2:00,0,99.43,96,11.9,11.3,32,8
NORMANDIN,2020-08-23,2020-08-23 3:00,2020,8,23,3:00,0,99.44,96,11.9,11.2,31,9
NORMANDIN,2020-08-23,2020-08-23 4:00,2020,8,23,4:00,0,99.46,95,12.5,11.8,31,6
NORMANDIN,2020-08-23,2020-08-23 5:00,2020,8,23,5:00,0,99.5,96,11.4,10.8,29,10
NORMANDIN,2020-08-23,2020-08-23 6:00,2020,8,23,6:00,0,99.56,94,12.9,12,31,8
NORMANDIN,2020-08-23,2020-08-23 7:00,2020,8,23,7:00,0,99.62,84,15.7,13.1,31,15
NORMANDIN,2020-08-23,2020-08-23 8:00,2020,8,23,8:00,0,99.64,81,16.5,13.3,32,12
NORMANDIN,2020-08-23,2020-08-23 9:00,2020,8,23,9:00,0,99.67,74,18.3,13.5,31,9
NORMANDIN,2020-08-23,2020-08-23 10:00,2020,8,23,10:00,0,99.68,63,20.1,12.8,32,8
NORMANDIN,2020-08-23,2020-08-23 11:00,2020,8,23,11:00,0,99.66,63,21.3,13.9,30,9
NORMANDIN,2020-08-23,2020-08-23 12:00,2020,8,23,12:00,0,99.62,57,22.5,13.6,29,13
NORMANDIN,2020-08-23,2020-08-23 13:00,2020,8,23,13:00,0,99.59,51,21.8,11.4,31,15
NORMANDIN,2020-08-23,2020-08-23 14:00,2020,8,23,14:00,0,99.57,52,23.2,12.9,32,13
NORMANDIN,2020-08-23,2020-08-23 15:00,2020,8,23,15:00,0,99.56,54,23.4,13.7,31,14
NORMANDIN,2020-08-23,2020-08-23 16:00,2020,8,23,16:00,0,99.54,51,23.5,12.8,29,15
NORMANDIN,2020-08-23,2020-08-23 17:00,2020,8,23,17:00,0,99.54,53,23,13,33,11
NORMANDIN,2020-08-23,2020-08-23 18:00,2020,8,23,18:00,0,99.57,66,20.5,13.9,34,9
NORMANDIN,2020-08-23,2020-08-23 19:00,2020,8,23,19:00,0,99.62,71,18.1,12.8,34,10
NORMANDIN,2020-08-23,2020-08-23 20:00,2020,8,23,20:00,0,99.69,77,16.4,12.5,32,9
NORMANDIN,2020-08-23,2020-08-23 21:00,2020,8,23,21:00,0,99.7,80,15.1,11.7,32,10
NORMANDIN,2020-08-23,2020-08-23 22:00,2020,8,23,22:00,0,99.72,86,13.1,10.8,30,9
NORMANDIN,2020-08-23,2020-08-23 23:00,2020,8,23,23:00,0,99.78,83,13.3,10.4,30,12
NORMANDIN,2020-08-24,2020-08-24 0:00,2020,8,24,0:00,0,99.82,90,11.6,9.9,31,10
NORMANDIN,2020-08-24,2020-08-24 1:00,2020,8,24,1:00,0,99.81,92,10.5,9.3,31,11
NORMANDIN,2020-08-24,2020-08-24 2:00,2020,8,24,2:00,0,99.81,94,9.9,8.9,31,11
NORMANDIN,2020-08-24,2020-08-24 3:00,2020,8,24,3:00,0,99.8,95,9.6,8.8,30,11
NORMANDIN,2020-08-24,2020-08-24 4:00,2020,8,24,4:00,0,99.81,96,8.8,8.2,31,8
NORMANDIN,2020-08-24,2020-08-24 5:00,2020,8,24,5:00,0,99.84,96,8.5,8,31,9
NORMANDIN,2020-08-24,2020-08-24 6:00,2020,8,24,6:00,0,99.84,95,9.7,9,33,7
NORMANDIN,2020-08-24,2020-08-24 7:00,2020,8,24,7:00,0,99.85,88,12.1,10.2,36,9
NORMANDIN,2020-08-24,2020-08-24 8:00,2020,8,24,8:00,0,99.81,78,15,11.3,2,6
NORMANDIN,2020-08-24,2020-08-24 9:00,2020,8,24,9:00,0,99.75,72,17.8,12.7,5,4
NORMANDIN,2020-08-24,2020-08-24 10:00,2020,8,24,10:00,0,99.72,60,19.9,11.8,13,6
NORMANDIN,2020-08-24,2020-08-24 11:00,2020,8,24,11:00,0,99.66,56,20.5,11.3,15,10
NORMANDIN,2020-08-24,2020-08-24 12:00,2020,8,24,12:00,0,99.58,45,21.5,9.2,15,13
NORMANDIN,2020-08-24,2020-08-24 13:00,2020,8,24,13:00,0,99.52,48,21.8,10.1,13,15
NORMANDIN,2020-08-24,2020-08-24 14:00,2020,8,24,14:00,0,99.41,47,22.7,10.9,13,12
NORMANDIN,2020-08-24,2020-08-24 15:00,2020,8,24,15:00,0,99.29,47,22.9,11,15,12
NORMANDIN,2020-08-24,2020-08-24 16:00,2020,8,24,16:00,0,99.2,50,23,12.1,11,11
NORMANDIN,2020-08-24,2020-08-24 17:00,2020,8,24,17:00,0,99.13,61,21.8,13.9,15,13
NORMANDIN,2020-08-24,2020-08-24 18:00,2020,8,24,18:00,0,99.11,67,19.9,13.6,17,9
NORMANDIN,2020-08-24,2020-08-24 19:00,2020,8,24,19:00,0,99.02,77,19.1,14.8,17,3
NORMANDIN,2020-08-24,2020-08-24 20:00,2020,8,24,20:00,0,99,84,16.9,14.1,20,8
NORMANDIN,2020-08-24,2020-08-24 21:00,2020,8,24,21:00,0,98.87,82,17,13.9,11,0
NORMANDIN,2020-08-24,2020-08-24 22:00,2020,8,24,22:00,0,98.79,85,16.4,14,14,4
NORMANDIN,2020-08-24,2020-08-24 23:00,2020,8,24,23:00,0,98.69,90,15.6,14,15,3
NORMANDIN,2020-08-25,2020-08-25 0:00,2020,8,25,0:00,0,98.57,93,15.1,14,15,7
NORMANDIN,2020-08-25,2020-08-25 1:00,2020,8,25,1:00,0.3,98.49,96,16.9,16.2,15,7
NORMANDIN,2020-08-25,2020-08-25 2:00,2020,8,25,2:00,1.9,98.4,97,17.3,16.8,20,2
NORMANDIN,2020-08-25,2020-08-25 3:00,2020,8,25,3:00,9.4,98.42,97,16.4,16,31,8
NORMANDIN,2020-08-25,2020-08-25 4:00,2020,8,25,4:00,9.4,98.35,97,16,15.6,26,6
NORMANDIN,2020-08-25,2020-08-25 5:00,2020,8,25,5:00,2.5,98.29,97,15.9,15.3,26,14
NORMANDIN,2020-08-25,2020-08-25 6:00,2020,8,25,6:00,0.2,98.35,96,16.2,15.5,28,13
NORMANDIN,2020-08-25,2020-08-25 7:00,2020,8,25,7:00,0,98.37,91,17.9,16.4,29,17
NORMANDIN,2020-08-25,2020-08-25 8:00,2020,8,25,8:00,0,98.4,90,17.3,15.7,30,13
NORMANDIN,2020-08-25,2020-08-25 9:00,2020,8,25,9:00,0,98.45,84,17.5,14.8,31,23
NORMANDIN,2020-08-25,2020-08-25 10:00,2020,8,25,10:00,0,98.51,85,16.7,14.1,30,22
NORMANDIN,2020-08-25,2020-08-25 11:00,2020,8,25,11:00,0,98.52,79,17.1,13.4,29,31
NORMANDIN,2020-08-25,2020-08-25 12:00,2020,8,25,12:00,0.2,98.52,80,16,12.6,32,32
NORMANDIN,2020-08-25,2020-08-25 13:00,2020,8,25,13:00,0,98.54,66,17.6,11.3,32,27
NORMANDIN,2020-08-25,2020-08-25 14:00,2020,8,25,14:00,0,98.6,67,17.3,11,33,27
NORMANDIN,2020-08-25,2020-08-25 15:00,2020,8,25,15:00,0,98.66,63,16.8,9.7,32,32
NORMANDIN,2020-08-25,2020-08-25 16:00,2020,8,25,16:00,0,98.7,69,15.9,10.4,30,25
NORMANDIN,2020-08-25,2020-08-25 17:00,2020,8,25,17:00,0,98.79,73,14.4,9.5,32,21
NORMANDIN,2020-08-25,2020-08-25 18:00,2020,8,25,18:00,0,98.82,72,15.1,10.1,32,17
NORMANDIN,2020-08-25,2020-08-25 19:00,2020,8,25,19:00,0,98.91,67,13.7,7.7,32,22
NORMANDIN,2020-08-25,2020-08-25 20:00,2020,8,25,20:00,0,99.04,77,12.1,8.2,30,20
NORMANDIN,2020-08-25,2020-08-25 21:00,2020,8,25,21:00,0,99.06,82,10.9,7.9,30,15
NORMANDIN,2020-08-25,2020-08-25 22:00,2020,8,25,22:00,0,99.09,72,11.2,6.4,31,22
NORMANDIN,2020-08-25,2020-08-25 23:00,2020,8,25,23:00,0,99.1,82,9.7,6.7,29,15
NORMANDIN,2020-08-26,2020-08-26 0:00,2020,8,26,0:00,0,99.12,84,9.1,6.7,29,16
NORMANDIN,2020-08-26,2020-08-26 1:00,2020,8,26,1:00,0,99.16,88,8.7,6.9,30,16
NORMANDIN,2020-08-26,2020-08-26 2:00,2020,8,26,2:00,0,99.17,85,8.9,6.6,30,18
NORMANDIN,2020-08-26,2020-08-26 3:00,2020,8,26,3:00,0,99.16,84,8.6,6.1,29,17
NORMANDIN,2020-08-26,2020-08-26 4:00,2020,8,26,4:00,0,99.19,85,8.4,6,30,14
NORMANDIN,2020-08-26,2020-08-26 5:00,2020,8,26,5:00,0,99.2,84,8.2,5.6,30,17
NORMANDIN,2020-08-26,2020-08-26 6:00,2020,8,26,6:00,0,99.23,78,8.4,4.9,30,17
NORMANDIN,2020-08-26,2020-08-26 7:00,2020,8,26,7:00,0,99.26,73,9,4.4,31,23
NORMANDIN,2020-08-26,2020-08-26 8:00,2020,8,26,8:00,0,99.19,68,9.9,4.3,32,25
NORMANDIN,2020-08-26,2020-08-26 9:00,2020,8,26,9:00,0,99.17,73,9.5,4.9,30,28
NORMANDIN,2020-08-26,2020-08-26 10:00,2020,8,26,10:00,0,99.14,58,10.9,3,32,29
NORMANDIN,2020-08-26,2020-08-26 11:00,2020,8,26,11:00,0,99.12,59,11.1,3.3,31,31
NORMANDIN,2020-08-26,2020-08-26 12:00,2020,8,26,12:00,0,99.08,53,11.9,2.6,31,32
NORMANDIN,2020-08-26,2020-08-26 13:00,2020,8,26,13:00,0,99,46,13.7,2.4,31,30
NORMANDIN,2020-08-26,2020-08-26 14:00,2020,8,26,14:00,0,98.96,45,13.8,2.1,30,34
NORMANDIN,2020-08-26,2020-08-26 15:00,2020,8,26,15:00,0,98.99,52,13.1,3.5,31,29
NORMANDIN,2020-08-26,2020-08-26 16:00,2020,8,26,16:00,0,98.97,50,13.7,3.6,31,32
NORMANDIN,2020-08-26,2020-08-26 17:00,2020,8,26,17:00,0,98.97,48,13.4,2.6,31,31
NORMANDIN,2020-08-26,2020-08-26 18:00,2020,8,26,18:00,0,98.99,48,12.6,1.9,30,29
NORMANDIN,2020-08-26,2020-08-26 19:00,2020,8,26,19:00,0,98.97,60,10.5,3,30,19
NORMANDIN,2020-08-26,2020-08-26 20:00,2020,8,26,20:00,0,99.01,65,9.5,3.2,29,16
NORMANDIN,2020-08-26,2020-08-26 21:00,2020,8,26,21:00,0,98.97,68,8.9,3.3,29,19
NORMANDIN,2020-08-26,2020-08-26 22:00,2020,8,26,22:00,0,98.92,71,8.6,3.5,30,13
NORMANDIN,2020-08-26,2020-08-26 23:00,2020,8,26,23:00,0,98.85,72,8.4,3.6,29,17
NORMANDIN,2020-08-27,2020-08-27 0:00,2020,8,27,0:00,0,98.84,72,8.3,3.6,31,16
NORMANDIN,2020-08-27,2020-08-27 1:00,2020,8,27,1:00,0,98.79,74,8.2,3.7,30,18
NORMANDIN,2020-08-27,2020-08-27 2:00,2020,8,27,2:00,0,98.74,75,7.8,3.7,29,21
NORMANDIN,2020-08-27,2020-08-27 3:00,2020,8,27,3:00,0,98.72,75,8.4,4.1,29,26
NORMANDIN,2020-08-27,2020-08-27 4:00,2020,8,27,4:00,0,98.71,78,7.9,4.4,29,22
NORMANDIN,2020-08-27,2020-08-27 5:00,2020,8,27,5:00,0,98.74,79,8.1,4.7,29,18
NORMANDIN,2020-08-27,2020-08-27 6:00,2020,8,27,6:00,0,98.75,75,9.4,5.2,29,22
NORMANDIN,2020-08-27,2020-08-27 7:00,2020,8,27,7:00,0,98.82,72,10.7,5.8,31,18
NORMANDIN,2020-08-27,2020-08-27 8:00,2020,8,27,8:00,0,98.82,70,11.3,6,31,22
NORMANDIN,2020-08-27,2020-08-27 9:00,2020,8,27,9:00,0,98.83,67,12.6,6.6,31,26
NORMANDIN,2020-08-27,2020-08-27 10:00,2020,8,27,10:00,0,98.76,64,13.6,6.9,32,20
NORMANDIN,2020-08-27,2020-08-27 11:00,2020,8,27,11:00,0,98.69,61,14.8,7.4,31,22
NORMANDIN,2020-08-27,2020-08-27 12:00,2020,8,27,12:00,0,98.66,56,15.7,6.9,31,23
NORMANDIN,2020-08-27,2020-08-27 13:00,2020,8,27,13:00,0,98.63,56,16.3,7.6,31,22
NORMANDIN,2020-08-27,2020-08-27 14:00,2020,8,27,14:00,0,98.61,56,17.5,8.6,32,20
NORMANDIN,2020-08-27,2020-08-27 15:00,2020,8,27,15:00,0,98.61,55,16.2,7.1,32,22
NORMANDIN,2020-08-27,2020-08-27 16:00,2020,8,27,16:00,0,98.63,56,16.2,7.5,33,19
NORMANDIN,2020-08-27,2020-08-27 17:00,2020,8,27,17:00,0,98.66,59,15.7,7.7,32,14
NORMANDIN,2020-08-27,2020-08-27 18:00,2020,8,27,18:00,0,98.69,63,15.1,8.2,32,10
NORMANDIN,2020-08-27,2020-08-27 19:00,2020,8,27,19:00,0,98.73,71,13.5,8.4,31,11
NORMANDIN,2020-08-27,2020-08-27 20:00,2020,8,27,20:00,0,98.8,80,12.5,9.3,31,7
NORMANDIN,2020-08-27,2020-08-27 21:00,2020,8,27,21:00,0,98.86,68,12.8,7,32,12
NORMANDIN,2020-08-27,2020-08-27 22:00,2020,8,27,22:00,0,98.86,72,12.1,7.2,31,11
NORMANDIN,2020-08-27,2020-08-27 23:00,2020,8,27,23:00,0,98.84,85,9.4,7,28,12
NORMANDIN,2020-08-28,2020-08-28 0:00,2020,8,28,0:00,0,98.81,90,8.6,7,28,14
NORMANDIN,2020-08-28,2020-08-28 1:00,2020,8,28,1:00,0,98.82,88,8.9,7.1,28,12
NORMANDIN,2020-08-28,2020-08-28 2:00,2020,8,28,2:00,0,98.86,87,8.6,6.6,29,11
NORMANDIN,2020-08-28,2020-08-28 3:00,2020,8,28,3:00,0,98.84,85,9.2,6.8,29,12
NORMANDIN,2020-08-28,2020-08-28 4:00,2020,8,28,4:00,0,98.85,87,8.8,6.8,29,12
NORMANDIN,2020-08-28,2020-08-28 5:00,2020,8,28,5:00,0,98.9,85,9.8,7.3,28,14
NORMANDIN,2020-08-28,2020-08-28 6:00,2020,8,28,6:00,0,98.94,84,10.4,7.8,30,11
NORMANDIN,2020-08-28,2020-08-28 7:00,2020,8,28,7:00,0,98.97,82,11.8,8.9,29,12
NORMANDIN,2020-08-28,2020-08-28 8:00,2020,8,28,8:00,0,99,76,12.4,8.3,31,14
NORMANDIN,2020-08-28,2020-08-28 9:00,2020,8,28,9:00,0,99.02,70,13.3,7.9,31,18
NORMANDIN,2020-08-28,2020-08-28 10:00,2020,8,28,10:00,0,99.08,62,14.5,7.3,31,22
NORMANDIN,2020-08-28,2020-08-28 11:00,2020,8,28,11:00,0,99.04,54,16,6.8,32,25
NORMANDIN,2020-08-28,2020-08-28 12:00,2020,8,28,12:00,0,99.01,53,16,6.5,34,21
NORMANDIN,2020-08-28,2020-08-28 13:00,2020,8,28,13:00,0,98.99,47,17.1,5.7,31,22
NORMANDIN,2020-08-28,2020-08-28 14:00,2020,8,28,14:00,0,98.93,46,18,6,31,20
NORMANDIN,2020-08-28,2020-08-28 15:00,2020,8,28,15:00,0,98.94,46,17.7,6,30,21
NORMANDIN,2020-08-28,2020-08-28 16:00,2020,8,28,16:00,0,99.01,49,18.1,7.2,29,21
NORMANDIN,2020-08-28,2020-08-28 17:00,2020,8,28,17:00,0,99,49,17.5,6.8,32,15
NORMANDIN,2020-08-28,2020-08-28 18:00,2020,8,28,18:00,0,99,55,16.2,7.2,31,9
NORMANDIN,2020-08-28,2020-08-28 19:00,2020,8,28,19:00,0,98.98,75,11.7,7.4,30,8
NORMANDIN,2020-08-28,2020-08-28 20:00,2020,8,28,20:00,0,99,87,8.9,6.9,28,6
NORMANDIN,2020-08-28,2020-08-28 21:00,2020,8,28,21:00,0,99,86,9.3,7,28,8
NORMANDIN,2020-08-28,2020-08-28 22:00,2020,8,28,22:00,0,99.03,87,9,6.9,28,13
NORMANDIN,2020-08-28,2020-08-28 23:00,2020,8,28,23:00,0,99.09,89,8.1,6.4,34,10
NORMANDIN,2020-08-29,2020-08-29 0:00,2020,8,29,0:00,0,99.07,91,7.5,6.1,34,7
NORMANDIN,2020-08-29,2020-08-29 1:00,2020,8,29,1:00,0,99.06,92,7,5.8,30,10
NORMANDIN,2020-08-29,2020-08-29 2:00,2020,8,29,2:00,0,99.01,95,6,5.2,33,5
NORMANDIN,2020-08-29,2020-08-29 3:00,2020,8,29,3:00,0,98.96,96,5,4.5,32,7
NORMANDIN,2020-08-29,2020-08-29 4:00,2020,8,29,4:00,0,98.96,99,4.8,4.6,33,8
NORMANDIN,2020-08-29,2020-08-29 5:00,2020,8,29,5:00,0,98.97,97,5,4.6,33,8
NORMANDIN,2020-08-29,2020-08-29 6:00,2020,8,29,6:00,0,98.98,97,5.5,5,32,7
NORMANDIN,2020-08-29,2020-08-29 7:00,2020,8,29,7:00,0,98.93,93,7.3,6.2,2,6
NORMANDIN,2020-08-29,2020-08-29 8:00,2020,8,29,8:00,0,98.89,87,9.5,7.5,12,3
NORMANDIN,2020-08-29,2020-08-29 9:00,2020,8,29,9:00,0,98.85,87,10.4,8.4,12,6
NORMANDIN,2020-08-29,2020-08-29 10:00,2020,8,29,10:00,0,98.78,83,12,9.2,8,6
NORMANDIN,2020-08-29,2020-08-29 11:00,2020,8,29,11:00,0,98.71,79,13.4,9.9,15,4
NORMANDIN,2020-08-29,2020-08-29 12:00,2020,8,29,12:00,0,98.61,65,15.3,8.9,11,9
NORMANDIN,2020-08-29,2020-08-29 13:00,2020,8,29,13:00,0,98.52,59,16.2,8.3,9,11
NORMANDIN,2020-08-29,2020-08-29 14:00,2020,8,29,14:00,0,98.4,58,16.5,8.1,8,14
NORMANDIN,2020-08-29,2020-08-29 15:00,2020,8,29,15:00,0,98.35,58,16.1,7.9,8,13
NORMANDIN,2020-08-29,2020-08-29 16:00,2020,8,29,16:00,0,98.3,60,16.2,8.4,6,11
NORMANDIN,2020-08-29,2020-08-29 17:00,2020,8,29,17:00,0,98.25,66,15.3,8.9,11,12
NORMANDIN,2020-08-29,2020-08-29 18:00,2020,8,29,18:00,0,98.2,76,13.5,9.3,10,15
NORMANDIN,2020-08-29,2020-08-29 19:00,2020,8,29,19:00,0,98.23,83,12.5,9.8,11,7
NORMANDIN,2020-08-29,2020-08-29 20:00,2020,8,29,20:00,0,98.2,90,11.7,10.2,10,6
NORMANDIN,2020-08-29,2020-08-29 21:00,2020,8,29,21:00,0,98.12,93,11.2,10.2,2,5
NORMANDIN,2020-08-29,2020-08-29 22:00,2020,8,29,22:00,0,98.11,89,11.6,9.9,2,8
NORMANDIN,2020-08-29,2020-08-29 23:00,2020,8,29,23:00,2.6,98.13,96,10.9,10.2,2,9
NORMANDIN,2020-08-30,2020-08-30 0:00,2020,8,30,0:00,2.8,98.08,96,10.5,9.9,36,11
NORMANDIN,2020-08-30,2020-08-30 1:00,2020,8,30,1:00,0.8,98.07,92,10.4,9.1,1,16
NORMANDIN,2020-08-30,2020-08-30 2:00,2020,8,30,2:00,0.4,98.04,95,10.2,9.4,36,14
NORMANDIN,2020-08-30,2020-08-30 3:00,2020,8,30,3:00,1.6,98.09,96,10,9.4,36,16
NORMANDIN,2020-08-30,2020-08-30 4:00,2020,8,30,4:00,2.2,98.13,95,9.8,9.1,36,18
NORMANDIN,2020-08-30,2020-08-30 5:00,2020,8,30,5:00,1.9,98.18,92,9.4,8.2,36,18
NORMANDIN,2020-08-30,2020-08-30 6:00,2020,8,30,6:00,0.9,98.25,93,9.1,8,36,17
NORMANDIN,2020-08-30,2020-08-30 7:00,2020,8,30,7:00,1.1,98.35,95,9,8.2,34,15
NORMANDIN,2020-08-30,2020-08-30 8:00,2020,8,30,8:00,1.1,98.44,92,9.4,8.3,35,17
NORMANDIN,2020-08-30,2020-08-30 9:00,2020,8,30,9:00,0.5,98.52,93,9.9,8.8,33,16
NORMANDIN,2020-08-30,2020-08-30 10:00,2020,8,30,10:00,0.2,98.6,91,10.7,9.2,33,19
NORMANDIN,2020-08-30,2020-08-30 11:00,2020,8,30,11:00,0.2,98.66,92,11.4,10.1,33,17
NORMANDIN,2020-08-30,2020-08-30 12:00,2020,8,30,12:00,0,98.74,85,12,9.5,34,18
NORMANDIN,2020-08-30,2020-08-30 13:00,2020,8,30,13:00,0,98.8,82,12.8,9.8,34,18
NORMANDIN,2020-08-30,2020-08-30 14:00,2020,8,30,14:00,0,98.85,70,13.8,8.5,36,20
NORMANDIN,2020-08-30,2020-08-30 15:00,2020,8,30,15:00,0,98.89,79,13.3,9.8,2,11
NORMANDIN,2020-08-30,2020-08-30 16:00,2020,8,30,16:00,0,98.93,72,14.1,9.2,33,13
NORMANDIN,2020-08-30,2020-08-30 17:00,2020,8,30,17:00,0.2,99.02,75,13.7,9.3,29,10
NORMANDIN,2020-08-30,2020-08-30 18:00,2020,8,30,18:00,0,99.08,83,13.1,10.3,31,7
NORMANDIN,2020-08-30,2020-08-30 19:00,2020,8,30,19:00,0,99.18,84,12.6,9.9,35,7
NORMANDIN,2020-08-30,2020-08-30 20:00,2020,8,30,20:00,0,99.27,85,12.2,9.8,30,7
NORMANDIN,2020-08-30,2020-08-30 21:00,2020,8,30,21:00,0,99.3,90,11.5,9.9,31,7
NORMANDIN,2020-08-30,2020-08-30 22:00,2020,8,30,22:00,0,99.32,88,11.4,9.4,2,2
NORMANDIN,2020-08-30,2020-08-30 23:00,2020,8,30,23:00,0,99.38,92,10.6,9.4,28,9
NORMANDIN,2020-08-31,2020-08-31 0:00,2020,8,31,0:00,0,99.43,93,10.3,9.2,28,10
NORMANDIN,2020-08-31,2020-08-31 1:00,2020,8,31,1:00,0,99.49,90,10.6,9.1,30,9
NORMANDIN,2020-08-31,2020-08-31 2:00,2020,8,31,2:00,0,99.55,91,9.8,8.4,29,10
NORMANDIN,2020-08-31,2020-08-31 3:00,2020,8,31,3:00,0,99.62,91,9.1,7.7,29,11
NORMANDIN,2020-08-31,2020-08-31 4:00,2020,8,31,4:00,0,99.7,93,8.5,7.4,29,11
NORMANDIN,2020-08-31,2020-08-31 5:00,2020,8,31,5:00,0,99.79,92,8.9,7.8,28,13
NORMANDIN,2020-08-31,2020-08-31 6:00,2020,8,31,6:00,0,99.9,92,9.4,8.3,29,8
NORMANDIN,2020-08-31,2020-08-31 7:00,2020,8,31,7:00,0.2,99.93,82,11.8,8.9,30,11
NORMANDIN,2020-08-31,2020-08-31 8:00,2020,8,31,8:00,0,99.96,69,13.8,8.1,30,13
NORMANDIN,2020-08-31,2020-08-31 9:00,2020,8,31,9:00,0,99.98,59,15.3,7.3,34,11
NORMANDIN,2020-08-31,2020-08-31 10:00,2020,8,31,10:00,0,99.96,48,16.3,5.4,4,6
NORMANDIN,2020-08-31,2020-08-31 11:00,2020,8,31,11:00,0,99.95,48,16.2,5.2,1,5
NORMANDIN,2020-08-31,2020-08-31 12:00,2020,8,31,12:00,0,99.92,52,16.5,6.5,31,6
NORMANDIN,2020-08-31,2020-08-31 13:00,2020,8,31,13:00,0,99.91,50,16.7,6.3,30,6
NORMANDIN,2020-08-31,2020-08-31 14:00,2020,8,31,14:00,0,99.93,48,16.9,5.8,21,7
NORMANDIN,2020-08-31,2020-08-31 15:00,2020,8,31,15:00,0,99.94,48,17.3,6.2,21,10
NORMANDIN,2020-08-31,2020-08-31 16:00,2020,8,31,16:00,0,99.96,48,17.2,6.2,22,5
NORMANDIN,2020-08-31,2020-08-31 17:00,2020,8,31,17:00,0,99.97,52,17,7.1,15,8
NORMANDIN,2020-08-31,2020-08-31 18:00,2020,8,31,18:00,0,99.97,69,15.3,9.7,14,10
NORMANDIN,2020-08-31,2020-08-31 19:00,2020,8,31,19:00,0,99.96,81,11.8,8.7,15,11
NORMANDIN,2020-08-31,2020-08-31 20:00,2020,8,31,20:00,0,100.05,84,10.5,8,17,4
NORMANDIN,2020-08-31,2020-08-31 21:00,2020,8,31,21:00,0,100.1,87,9.5,7.5,19,3
NORMANDIN,2020-08-31,2020-08-31 22:00,2020,8,31,22:00,0,100.06,92,8.4,7.1,8,1
NORMANDIN,2020-08-31,2020-08-31 23:00,2020,8,31,23:00,0,100.05,94,6.9,5.9,0,0
NORMANDIN,2020-09-01,2020-09-01 0:00,2020,9,1,0:00,0,100.03,96,6.4,5.8,8,2
NORMANDIN,2020-09-01,2020-09-01 1:00,2020,9,1,1:00,0,100.05,96,5.7,5.1,8,0
NORMANDIN,2020-09-01,2020-09-01 2:00,2020,9,1,2:00,0,100.1,99,6.1,6,36,1
NORMANDIN,2020-09-01,2020-09-01 3:00,2020,9,1,3:00,0,100.06,98,7.5,7.2,7,3
NORMANDIN,2020-09-01,2020-09-01 4:00,2020,9,1,4:00,0,100.02,95,8.4,7.6,10,5
NORMANDIN,2020-09-01,2020-09-01 5:00,2020,9,1,5:00,0,100.02,95,8.6,7.9,12,3
NORMANDIN,2020-09-01,2020-09-01 6:00,2020,9,1,6:00,0,100.03,97,9.5,9,10,6
NORMANDIN,2020-09-01,2020-09-01 7:00,2020,9,1,7:00,0,100.03,95,10.3,9.6,10,10
NORMANDIN,2020-09-01,2020-09-01 8:00,2020,9,1,8:00,0,98.95,73,11.4,8.3,36,37
NORMANDIN,2020-09-01,2020-09-01 9:00,2020,9,1,9:00,0,98.03,80,15.5,12.6,14,6
NORMANDIN,2020-09-01,2020-09-01 10:00,2020,9,1,10:00,0,98.67,55,22.4,13.2,14,16
NORMANDIN,2020-09-01,2020-09-01 11:00,2020,9,1,11:00,0,100.1,96,8.6,8.6,36,5
NORMANDIN,2020-09-01,2020-09-01 12:00,2020,9,1,12:00,0,98.62,86,18.2,15.2,17,15
NORMANDIN,2020-09-01,2020-09-01 13:00,2020,9,1,13:00,0,98.98,98,8.4,7.7,32,10
NORMANDIN,2020-09-01,2020-09-01 14:00,2020,9,1,14:00,0,99.43,72,17.3,15,27,6
NORMANDIN,2020-09-01,2020-09-01 15:00,2020,9,1,15:00,0,98.3,63,13.1,8.4,24,18
NORMANDIN,2020-09-01,2020-09-01 16:00,2020,9,1,16:00,0,99.6,75,20.3,15.8,13,13
NORMANDIN,2020-09-01,2020-09-01 17:00,2020,9,1,17:00,0,99.6,76,19.5,15.2,16,25
NORMANDIN,2020-09-01,2020-09-01 18:00,2020,9,1,18:00,0,99.57,82,18.1,15.1,16,17
NORMANDIN,2020-09-01,2020-09-01 19:00,2020,9,1,19:00,0,99.6,85,17.5,14.9,15,15
NORMANDIN,2020-09-01,2020-09-01 20:00,2020,9,1,20:00,0,99.62,87,17.3,15.1,15,9
NORMANDIN,2020-09-01,2020-09-01 21:00,2020,9,1,21:00,0,99.59,85,17.7,15.2,17,15
NORMANDIN,2020-09-01,2020-09-01 22:00,2020,9,1,22:00,0,99.52,86,17.8,15.5,16,10
NORMANDIN,2020-09-01,2020-09-01 23:00,2020,9,1,23:00,0,99.44,89,17.6,15.8,15,12
NORMANDIN,2020-09-02,2020-09-02 0:00,2020,9,2,0:00,0,99.4,87,18.4,16.2,16,11
NORMANDIN,2020-09-02,2020-09-02 1:00,2020,9,2,1:00,0,99.32,88,18,16,13,11
NORMANDIN,2020-09-02,2020-09-02 2:00,2020,9,2,2:00,0,99.22,92,17.2,15.9,15,9
NORMANDIN,2020-09-02,2020-09-02 3:00,2020,9,2,3:00,0,99.16,90,17.8,16.2,13,8
NORMANDIN,2020-09-02,2020-09-02 4:00,2020,9,2,4:00,0,99.06,91,17.7,16.2,16,9
NORMANDIN,2020-09-02,2020-09-02 5:00,2020,9,2,5:00,0,98.96,91,17.7,16.2,15,15
NORMANDIN,2020-09-02,2020-09-02 6:00,2020,9,2,6:00,0,98.9,91,17.6,16.1,15,18
NORMANDIN,2020-09-02,2020-09-02 7:00,2020,9,2,7:00,0,98.81,88,18.2,16.1,16,15
NORMANDIN,2020-09-02,2020-09-02 8:00,2020,9,2,8:00,0,98.68,88,18.1,16.1,16,17
NORMANDIN,2020-09-02,2020-09-02 9:00,2020,9,2,9:00,0,98.53,89,17.5,15.7,15,26
NORMANDIN,2020-09-02,2020-09-02 10:00,2020,9,2,10:00,0,98.46,88,18,15.9,17,27
NORMANDIN,2020-09-02,2020-09-02 11:00,2020,9,2,11:00,0,98.29,85,18.9,16.2,17,34
NORMANDIN,2020-09-02,2020-09-02 12:00,2020,9,2,12:00,0,98.15,83,19.3,16.3,18,35
NORMANDIN,2020-09-02,2020-09-02 13:00,2020,9,2,13:00,0,97.98,81,19.8,16.4,18,38
NORMANDIN,2020-09-02,2020-09-02 14:00,2020,9,2,14:00,0,97.88,85,18.9,16.4,17,29
NORMANDIN,2020-09-02,2020-09-02 15:00,2020,9,2,15:00,8.4,98.06,96,16.8,16.1,24,12
NORMANDIN,2020-09-02,2020-09-02 16:00,2020,9,2,16:00,4.6,98.01,98,16.5,16.2,16,13
NORMANDIN,2020-09-02,2020-09-02 17:00,2020,9,2,17:00,2.7,97.95,98,16.6,16.2,10,5
NORMANDIN,2020-09-02,2020-09-02 18:00,2020,9,2,18:00,0,97.95,98,16.4,16,14,8
NORMANDIN,2020-09-02,2020-09-02 19:00,2020,9,2,19:00,0,98.07,99,15.3,15.2,20,6
NORMANDIN,2020-09-02,2020-09-02 20:00,2020,9,2,20:00,0,98.14,96,13.8,13.1,24,10
NORMANDIN,2020-09-02,2020-09-02 21:00,2020,9,2,21:00,0,98.24,99,14,13.7,25,6
NORMANDIN,2020-09-02,2020-09-02 22:00,2020,9,2,22:00,0,98.31,94,13.4,12.5,23,16
NORMANDIN,2020-09-02,2020-09-02 23:00,2020,9,2,23:00,0,98.33,92,14.7,13.4,22,20
NORMANDIN,2020-09-03,2020-09-03 0:00,2020,9,3,0:00,0,98.44,93,14.9,13.8,26,13
NORMANDIN,2020-09-03,2020-09-03 1:00,2020,9,3,1:00,0,98.5,92,14.8,13.5,24,13
NORMANDIN,2020-09-03,2020-09-03 2:00,2020,9,3,2:00,0,98.59,92,14.4,13.1,25,12
NORMANDIN,2020-09-03,2020-09-03 3:00,2020,9,3,3:00,0,98.63,93,13.4,12.3,23,14
NORMANDIN,2020-09-03,2020-09-03 4:00,2020,9,3,4:00,0,98.66,95,11.7,10.9,24,10
NORMANDIN,2020-09-03,2020-09-03 5:00,2020,9,3,5:00,0,98.76,96,11.9,11.2,22,15
NORMANDIN,2020-09-03,2020-09-03 6:00,2020,9,3,6:00,0,98.81,96,12.3,11.6,25,8
NORMANDIN,2020-09-03,2020-09-03 7:00,2020,9,3,7:00,0,98.88,87,14.7,12.5,22,10
NORMANDIN,2020-09-03,2020-09-03 8:00,2020,9,3,8:00,0,98.96,78,16.1,12.3,28,18
NORMANDIN,2020-09-03,2020-09-03 9:00,2020,9,3,9:00,0,98.93,78,16.5,12.7,31,4
NORMANDIN,2020-09-03,2020-09-03 10:00,2020,9,3,10:00,0,98.9,72,17.6,12.5,9,3
NORMANDIN,2020-09-03,2020-09-03 11:00,2020,9,3,11:00,0,98.87,68,19.2,13.2,22,10
NORMANDIN,2020-09-03,2020-09-03 12:00,2020,9,3,12:00,0,98.81,60,19.6,11.8,28,10
NORMANDIN,2020-09-03,2020-09-03 13:00,2020,9,3,13:00,0,98.74,57,20.6,11.7,21,8
NORMANDIN,2020-09-03,2020-09-03 14:00,2020,9,3,14:00,0,98.67,70,19.3,13.7,14,16
NORMANDIN,2020-09-03,2020-09-03 15:00,2020,9,3,15:00,0,98.56,63,20.5,13.2,14,17
NORMANDIN,2020-09-03,2020-09-03 16:00,2020,9,3,16:00,0,98.5,68,20.1,13.9,14,11
NORMANDIN,2020-09-03,2020-09-03 17:00,2020,9,3,17:00,0,98.4,68,20.4,14.3,14,11
NORMANDIN,2020-09-03,2020-09-03 18:00,2020,9,3,18:00,0,98.35,79,17.3,13.7,14,10
NORMANDIN,2020-09-03,2020-09-03 19:00,2020,9,3,19:00,0,98.28,89,15.5,13.7,14,12
NORMANDIN,2020-09-03,2020-09-03 20:00,2020,9,3,20:00,0,98.23,86,15.6,13.3,15,12
NORMANDIN,2020-09-03,2020-09-03 21:00,2020,9,3,21:00,0,98.13,90,15.1,13.5,13,11
NORMANDIN,2020-09-03,2020-09-03 22:00,2020,9,3,22:00,0,98.03,88,15.7,13.8,17,17
NORMANDIN,2020-09-03,2020-09-03 23:00,2020,9,3,23:00,0,97.9,86,16.1,13.7,14,17
NORMANDIN,2020-09-04,2020-09-04 0:00,2020,9,4,0:00,0,97.78,90,15.5,13.8,14,15
NORMANDIN,2020-09-04,2020-09-04 1:00,2020,9,4,1:00,0,97.7,81,17.1,13.7,18,24
NORMANDIN,2020-09-04,2020-09-04 2:00,2020,9,4,2:00,0,97.68,83,16.7,13.7,19,19
NORMANDIN,2020-09-04,2020-09-04 3:00,2020,9,4,3:00,0,97.87,78,13,9.3,28,25
NORMANDIN,2020-09-04,2020-09-04 4:00,2020,9,4,4:00,0,97.99,73,13,8.3,26,27
NORMANDIN,2020-09-04,2020-09-04 5:00,2020,9,4,5:00,0,98.11,73,12.5,7.8,25,18
NORMANDIN,2020-09-04,2020-09-04 6:00,2020,9,4,6:00,0,98.21,75,12.9,8.5,23,11
NORMANDIN,2020-09-04,2020-09-04 7:00,2020,9,4,7:00,0,98.32,64,14.2,7.5,26,25
NORMANDIN,2020-09-04,2020-09-04 8:00,2020,9,4,8:00,0,98.39,64,14.4,7.7,24,27
NORMANDIN,2020-09-04,2020-09-04 9:00,2020,9,4,9:00,0,98.45,61,15.2,7.8,23,24
NORMANDIN,2020-09-04,2020-09-04 10:00,2020,9,4,10:00,0,98.5,57,16.2,7.8,24,33
NORMANDIN,2020-09-04,2020-09-04 11:00,2020,9,4,11:00,0,98.54,52,16.9,7,24,32
NORMANDIN,2020-09-04,2020-09-04 12:00,2020,9,4,12:00,0,98.59,57,16.3,7.8,25,31
NORMANDIN,2020-09-04,2020-09-04 13:00,2020,9,4,13:00,0,98.62,49,17.8,7,26,29
NORMANDIN,2020-09-04,2020-09-04 14:00,2020,9,4,14:00,0,98.68,51,17.8,7.6,27,24
NORMANDIN,2020-09-04,2020-09-04 15:00,2020,9,4,15:00,0,98.72,47,17.6,6.1,24,37
NORMANDIN,2020-09-04,2020-09-04 16:00,2020,9,4,16:00,0,98.78,50,17.4,7,26,28
NORMANDIN,2020-09-04,2020-09-04 17:00,2020,9,4,17:00,0,98.83,49,17.1,6.2,26,25
NORMANDIN,2020-09-04,2020-09-04 18:00,2020,9,4,18:00,0,98.87,57,15.3,6.8,25,20
NORMANDIN,2020-09-04,2020-09-04 19:00,2020,9,4,19:00,0,98.97,63,14,7,27,18
NORMANDIN,2020-09-04,2020-09-04 20:00,2020,9,4,20:00,0,99.03,75,11.4,7.2,23,13
NORMANDIN,2020-09-04,2020-09-04 21:00,2020,9,4,21:00,0,99.1,85,10.3,7.8,22,10
NORMANDIN,2020-09-04,2020-09-04 22:00,2020,9,4,22:00,0,99.13,90,8.8,7.2,21,16
NORMANDIN,2020-09-04,2020-09-04 23:00,2020,9,4,23:00,0,99.17,88,8.7,6.8,22,15
NORMANDIN,2020-09-05,2020-09-05 0:00,2020,9,5,0:00,0,99.2,90,7.7,6.2,23,12
NORMANDIN,2020-09-05,2020-09-05 1:00,2020,9,5,1:00,0,99.21,90,7.9,6.3,23,13
NORMANDIN,2020-09-05,2020-09-05 2:00,2020,9,5,2:00,0,99.25,89,8.3,6.6,23,14
NORMANDIN,2020-09-05,2020-09-05 3:00,2020,9,5,3:00,0,99.3,91,7.7,6.3,23,14
NORMANDIN,2020-09-05,2020-09-05 4:00,2020,9,5,4:00,0,99.32,91,7.3,5.8,22,12
NORMANDIN,2020-09-05,2020-09-05 5:00,2020,9,5,5:00,0,99.38,93,5.9,4.9,21,9
NORMANDIN,2020-09-05,2020-09-05 6:00,2020,9,5,6:00,0,99.44,89,8.9,7.1,23,12
NORMANDIN,2020-09-05,2020-09-05 7:00,2020,9,5,7:00,0,99.48,82,11.5,8.6,23,8
NORMANDIN,2020-09-05,2020-09-05 8:00,2020,9,5,8:00,0,99.49,73,13.8,9.1,25,15
NORMANDIN,2020-09-05,2020-09-05 9:00,2020,9,5,9:00,0,99.5,66,14.8,8.4,26,17
NORMANDIN,2020-09-05,2020-09-05 10:00,2020,9,5,10:00,0,99.51,69,14.5,9,27,16
NORMANDIN,2020-09-05,2020-09-05 11:00,2020,9,5,11:00,0,99.49,72,14.8,9.7,24,9
NORMANDIN,2020-09-05,2020-09-05 12:00,2020,9,5,12:00,0.6,99.5,83,12.1,9.3,32,14
NORMANDIN,2020-09-05,2020-09-05 13:00,2020,9,5,13:00,0,99.46,69,15.3,9.6,29,16
NORMANDIN,2020-09-05,2020-09-05 14:00,2020,9,5,14:00,0,99.45,55,16.8,7.7,27,27
NORMANDIN,2020-09-05,2020-09-05 15:00,2020,9,5,15:00,0,99.51,69,15.3,9.8,32,17
NORMANDIN,2020-09-05,2020-09-05 16:00,2020,9,5,16:00,0,99.52,63,15.4,8.4,30,13
NORMANDIN,2020-09-05,2020-09-05 17:00,2020,9,5,17:00,0,99.6,70,13.4,8,29,24
NORMANDIN,2020-09-05,2020-09-05 18:00,2020,9,5,18:00,0,99.63,74,12.5,8.1,25,12
NORMANDIN,2020-09-05,2020-09-05 19:00,2020,9,5,19:00,0,99.68,92,9.2,8,23,10
NORMANDIN,2020-09-05,2020-09-05 20:00,2020,9,5,20:00,0,99.74,94,8.4,7.5,23,9
NORMANDIN,2020-09-05,2020-09-05 21:00,2020,9,5,21:00,0,99.76,93,8.9,7.9,24,13
NORMANDIN,2020-09-05,2020-09-05 22:00,2020,9,5,22:00,0,99.8,93,8.2,7.1,24,11
NORMANDIN,2020-09-05,2020-09-05 23:00,2020,9,5,23:00,0,99.82,94,7.5,6.6,26,7
NORMANDIN,2020-09-06,2020-09-06 0:00,2020,9,6,0:00,0,99.85,95,6.1,5.5,25,10
NORMANDIN,2020-09-06,2020-09-06 1:00,2020,9,6,1:00,0,99.86,92,7.5,6.4,26,15
NORMANDIN,2020-09-06,2020-09-06 2:00,2020,9,6,2:00,0,99.88,94,6.5,5.6,30,5
NORMANDIN,2020-09-06,2020-09-06 3:00,2020,9,6,3:00,0,99.91,94,5.3,4.4,29,6
NORMANDIN,2020-09-06,2020-09-06 4:00,2020,9,6,4:00,0,99.95,97,4.4,4,27,6
NORMANDIN,2020-09-06,2020-09-06 5:00,2020,9,6,5:00,0,100,97,3.9,3.5,0,1
NORMANDIN,2020-09-06,2020-09-06 6:00,2020,9,6,6:00,0,100.04,99,5.6,5.5,0,0
NORMANDIN,2020-09-06,2020-09-06 7:00,2020,9,6,7:00,0,100.08,93,7.9,6.8,15,3
NORMANDIN,2020-09-06,2020-09-06 8:00,2020,9,6,8:00,0,100.09,92,8.6,7.4,8,3
NORMANDIN,2020-09-06,2020-09-06 9:00,2020,9,6,9:00,0,100.1,80,11.3,8,7,4
NORMANDIN,2020-09-06,2020-09-06 10:00,2020,9,6,10:00,0,100.19,80,12.4,9,7,2
NORMANDIN,2020-09-06,2020-09-06 11:00,2020,9,6,11:00,0,100.17,79,14.6,11,4,4
NORMANDIN,2020-09-06,2020-09-06 12:00,2020,9,6,12:00,5.7,100.16,70,13.6,8.2,11,6
NORMANDIN,2020-09-06,2020-09-06 13:00,2020,9,6,13:00,1.9,100.22,87,11.3,9.2,25,9
NORMANDIN,2020-09-06,2020-09-06 14:00,2020,9,6,14:00,0.7,100.18,67,14.6,8.6,22,6
NORMANDIN,2020-09-06,2020-09-06 15:00,2020,9,6,15:00,0,100.12,66,15.4,9,22,8
NORMANDIN,2020-09-06,2020-09-06 16:00,2020,9,6,16:00,0,100.12,64,15.9,9.1,18,11
NORMANDIN,2020-09-06,2020-09-06 17:00,2020,9,6,17:00,0,100.12,73,14.3,9.5,16,12
NORMANDIN,2020-09-06,2020-09-06 18:00,2020,9,6,18:00,0.3,100.1,85,13.2,10.8,14,8
NORMANDIN,2020-09-06,2020-09-06 19:00,2020,9,6,19:00,0,100.06,88,11.6,9.6,12,9
NORMANDIN,2020-09-06,2020-09-06 20:00,2020,9,6,20:00,0,100.06,94,9.5,8.6,16,5
NORMANDIN,2020-09-06,2020-09-06 21:00,2020,9,6,21:00,0,100.02,96,9.1,8.5,15,7
NORMANDIN,2020-09-06,2020-09-06 22:00,2020,9,6,22:00,0,100,99,8.6,8.4,13,3
NORMANDIN,2020-09-06,2020-09-06 23:00,2020,9,6,23:00,0,99.95,99,7.1,7,13,4
NORMANDIN,2020-09-07,2020-09-07 0:00,2020,9,7,0:00,0,99.89,99,5.7,5.5,0,1
NORMANDIN,2020-09-07,2020-09-07 1:00,2020,9,7,1:00,0,99.8,99,5.1,4.9,33,0
NORMANDIN,2020-09-07,2020-09-07 2:00,2020,9,7,2:00,0,99.75,98,4.2,3.9,11,5
NORMANDIN,2020-09-07,2020-09-07 3:00,2020,9,7,3:00,0,99.62,97,8.6,8.2,13,16
NORMANDIN,2020-09-07,2020-09-07 4:00,2020,9,7,4:00,0,99.53,98,6.4,6.1,15,2
NORMANDIN,2020-09-07,2020-09-07 5:00,2020,9,7,5:00,0,99.47,96,9.1,8.6,15,8
NORMANDIN,2020-09-07,2020-09-07 6:00,2020,9,7,6:00,0,99.33,90,10.9,9.4,14,18
NORMANDIN,2020-09-07,2020-09-07 7:00,2020,9,7,7:00,0,99.1,86,12.1,9.9,13,23
NORMANDIN,2020-09-07,2020-09-07 8:00,2020,9,7,8:00,0,98.97,84,12.7,10,14,22
NORMANDIN,2020-09-07,2020-09-07 9:00,2020,9,7,9:00,0.2,98.82,88,12.9,10.9,13,20
NORMANDIN,2020-09-07,2020-09-07 10:00,2020,9,7,10:00,0.8,98.75,89,13.6,11.9,14,14
NORMANDIN,2020-09-07,2020-09-07 11:00,2020,9,7,11:00,1,98.67,91,14.7,13.3,17,20
NORMANDIN,2020-09-07,2020-09-07 12:00,2020,9,7,12:00,0.3,98.56,88,15.5,13.5,17,28
NORMANDIN,2020-09-07,2020-09-07 13:00,2020,9,7,13:00,0.5,98.5,90,16.3,14.6,18,28
NORMANDIN,2020-09-07,2020-09-07 14:00,2020,9,7,14:00,0,98.43,82,18.1,15.1,19,31
NORMANDIN,2020-09-07,2020-09-07 15:00,2020,9,7,15:00,0,98.39,82,18.3,15.3,17,29
NORMANDIN,2020-09-07,2020-09-07 16:00,2020,9,7,16:00,0,98.41,83,18.6,15.7,18,25
NORMANDIN,2020-09-07,2020-09-07 17:00,2020,9,7,17:00,0,98.4,82,19.2,16.1,18,29
NORMANDIN,2020-09-07,2020-09-07 18:00,2020,9,7,18:00,0,98.53,86,18.1,15.8,19,14
NORMANDIN,2020-09-07,2020-09-07 19:00,2020,9,7,19:00,0,98.69,84,16.1,13.4,22,13
NORMANDIN,2020-09-07,2020-09-07 20:00,2020,9,7,20:00,0,98.87,69,17.6,12,25,24
NORMANDIN,2020-09-07,2020-09-07 21:00,2020,9,7,21:00,0,99.04,70,16.2,10.7,25,19
NORMANDIN,2020-09-07,2020-09-07 22:00,2020,9,7,22:00,0,99.26,62,15.4,8,28,28
NORMANDIN,2020-09-07,2020-09-07 23:00,2020,9,7,23:00,0,99.37,76,12.4,8.3,27,14
NORMANDIN,2020-09-08,2020-09-08 0:00,2020,9,8,0:00,0,99.43,67,13.1,7.2,27,22
NORMANDIN,2020-09-08,2020-09-08 1:00,2020,9,8,1:00,0,99.49,76,11.1,6.9,28,16
NORMANDIN,2020-09-08,2020-09-08 2:00,2020,9,8,2:00,0,99.56,74,10.5,6,29,10
NORMANDIN,2020-09-08,2020-09-08 3:00,2020,9,8,3:00,0,99.65,80,8.8,5.4,27,6
NORMANDIN,2020-09-08,2020-09-08 4:00,2020,9,8,4:00,0,99.73,81,8,5,26,12
NORMANDIN,2020-09-08,2020-09-08 5:00,2020,9,8,5:00,0,99.8,84,7.4,4.9,25,13
NORMANDIN,2020-09-08,2020-09-08 6:00,2020,9,8,6:00,0,99.96,78,8.5,4.8,26,19
NORMANDIN,2020-09-08,2020-09-08 7:00,2020,9,8,7:00,0,100.01,72,10.4,5.5,25,15
NORMANDIN,2020-09-08,2020-09-08 8:00,2020,9,8,8:00,0,100.04,63,12.2,5.3,25,22
NORMANDIN,2020-09-08,2020-09-08 9:00,2020,9,8,9:00,0,100.07,57,13.2,5,27,20
NORMANDIN,2020-09-08,2020-09-08 10:00,2020,9,8,10:00,0,100.17,50,14.4,4,27,18
NORMANDIN,2020-09-08,2020-09-08 11:00,2020,9,8,11:00,0,100.21,51,14.5,4.4,27,22
NORMANDIN,2020-09-08,2020-09-08 12:00,2020,9,8,12:00,0,100.25,53,15,5.5,24,24
NORMANDIN,2020-09-08,2020-09-08 13:00,2020,9,8,13:00,0,100.26,53,15.7,6.2,25,21
NORMANDIN,2020-09-08,2020-09-08 14:00,2020,9,8,14:00,0,100.26,51,15.7,5.5,23,22
NORMANDIN,2020-09-08,2020-09-08 15:00,2020,9,8,15:00,0,100.33,47,16,4.8,25,16
NORMANDIN,2020-09-08,2020-09-08 16:00,2020,9,8,16:00,0,100.35,62,14.4,7.2,23,11
NORMANDIN,2020-09-08,2020-09-08 17:00,2020,9,8,17:00,0,100.38,66,13.7,7.4,25,8
NORMANDIN,2020-09-08,2020-09-08 18:00,2020,9,8,18:00,0,100.45,71,12.8,7.7,29,8
NORMANDIN,2020-09-08,2020-09-08 19:00,2020,9,8,19:00,0,100.53,81,10.9,7.8,27,9
NORMANDIN,2020-09-08,2020-09-08 20:00,2020,9,8,20:00,0,100.63,81,8.9,5.9,28,8
NORMANDIN,2020-09-08,2020-09-08 21:00,2020,9,8,21:00,0,100.61,88,7.1,5.3,27,7
NORMANDIN,2020-09-08,2020-09-08 22:00,2020,9,8,22:00,0,100.65,90,6.8,5.3,32,6
NORMANDIN,2020-09-08,2020-09-08 23:00,2020,9,8,23:00,0,100.64,91,6.4,5.1,30,7
NORMANDIN,2020-09-09,2020-09-09 0:00,2020,9,9,0:00,0,100.67,91,7.5,6.1,29,2
NORMANDIN,2020-09-09,2020-09-09 1:00,2020,9,9,1:00,0,100.69,86,8.3,6.2,31,7
NORMANDIN,2020-09-09,2020-09-09 2:00,2020,9,9,2:00,0,100.69,86,8.7,6.5,33,7
NORMANDIN,2020-09-09,2020-09-09 3:00,2020,9,9,3:00,0,100.76,89,8.6,6.8,31,6
NORMANDIN,2020-09-09,2020-09-09 4:00,2020,9,9,4:00,0,100.85,89,8.6,6.9,30,6
NORMANDIN,2020-09-09,2020-09-09 5:00,2020,9,9,5:00,0,100.81,90,8.5,6.9,32,0
NORMANDIN,2020-09-09,2020-09-09 6:00,2020,9,9,6:00,0,100.93,93,8.4,7.2,32,6
NORMANDIN,2020-09-09,2020-09-09 7:00,2020,9,9,7:00,0,101.03,91,8.6,7.3,32,8
NORMANDIN,2020-09-09,2020-09-09 8:00,2020,9,9,8:00,0,101.06,91,8.9,7.4,32,7
NORMANDIN,2020-09-09,2020-09-09 9:00,2020,9,9,9:00,0,101.1,90,9.3,7.8,32,5
NORMANDIN,2020-09-09,2020-09-09 10:00,2020,9,9,10:00,0,101.11,86,10,7.8,33,5
NORMANDIN,2020-09-09,2020-09-09 11:00,2020,9,9,11:00,0,101.14,86,10.1,7.8,33,7
NORMANDIN,2020-09-09,2020-09-09 12:00,2020,9,9,12:00,0,101.13,83,10.4,7.7,35,7
NORMANDIN,2020-09-09,2020-09-09 13:00,2020,9,9,13:00,0,101.15,81,11.3,8.2,36,4
NORMANDIN,2020-09-09,2020-09-09 14:00,2020,9,9,14:00,0,101.13,72,11.6,6.6,36,4
NORMANDIN,2020-09-09,2020-09-09 15:00,2020,9,9,15:00,0,101.17,73,11.6,7,25,0
NORMANDIN,2020-09-09,2020-09-09 16:00,2020,9,9,16:00,0,101.21,74,11.7,7.2,19,0
NORMANDIN,2020-09-09,2020-09-09 17:00,2020,9,9,17:00,0,101.17,83,11.3,8.5,15,3
NORMANDIN,2020-09-09,2020-09-09 18:00,2020,9,9,18:00,0,101.19,93,10.5,9.4,21,5
NORMANDIN,2020-09-09,2020-09-09 19:00,2020,9,9,19:00,0,101.21,94,10.1,9.2,23,2
NORMANDIN,2020-09-09,2020-09-09 20:00,2020,9,9,20:00,0,101.24,94,9.9,9,32,6
NORMANDIN,2020-09-09,2020-09-09 21:00,2020,9,9,21:00,0,101.24,95,9.6,8.8,33,6
NORMANDIN,2020-09-09,2020-09-09 22:00,2020,9,9,22:00,0,101.23,96,9.5,8.8,33,8
NORMANDIN,2020-09-09,2020-09-09 23:00,2020,9,9,23:00,0,101.16,96,9.3,8.6,36,5
NORMANDIN,2020-09-10,2020-09-10 0:00,2020,9,10,0:00,0,101.07,94,9.1,8.2,2,7
NORMANDIN,2020-09-10,2020-09-10 1:00,2020,9,10,1:00,0,101.06,93,9,7.9,36,5
NORMANDIN,2020-09-10,2020-09-10 2:00,2020,9,10,2:00,0,100.98,90,8.7,7.1,36,13
NORMANDIN,2020-09-10,2020-09-10 3:00,2020,9,10,3:00,0,100.99,93,8.2,7.1,2,9
NORMANDIN,2020-09-10,2020-09-10 4:00,2020,9,10,4:00,1.8,100.97,96,7.8,7.2,2,10
NORMANDIN,2020-09-10,2020-09-10 5:00,2020,9,10,5:00,2.2,100.92,97,7.7,7.2,3,13
NORMANDIN,2020-09-10,2020-09-10 6:00,2020,9,10,6:00,1.2,100.95,96,7.6,7,3,14
NORMANDIN,2020-09-10,2020-09-10 7:00,2020,9,10,7:00,2.9,100.92,97,7.3,6.8,3,13
NORMANDIN,2020-09-10,2020-09-10 8:00,2020,9,10,8:00,2.5,100.86,96,7.2,6.6,2,14
NORMANDIN,2020-09-10,2020-09-10 9:00,2020,9,10,9:00,1.7,100.83,96,7.2,6.6,1,13
NORMANDIN,2020-09-10,2020-09-10 10:00,2020,9,10,10:00,1,100.81,95,7.3,6.5,1,13
NORMANDIN,2020-09-10,2020-09-10 11:00,2020,9,10,11:00,0.4,100.79,88,8.2,6.4,1,18
NORMANDIN,2020-09-10,2020-09-10 12:00,2020,9,10,12:00,0,100.78,83,9.1,6.4,1,14
NORMANDIN,2020-09-10,2020-09-10 13:00,2020,9,10,13:00,0,100.75,79,9.6,6.2,36,11
NORMANDIN,2020-09-10,2020-09-10 14:00,2020,9,10,14:00,0,100.73,77,10.3,6.5,1,8
NORMANDIN,2020-09-10,2020-09-10 15:00,2020,9,10,15:00,0,100.69,82,10.5,7.4,34,12
NORMANDIN,2020-09-10,2020-09-10 16:00,2020,9,10,16:00,0,100.71,77,10.4,6.6,36,10
NORMANDIN,2020-09-10,2020-09-10 17:00,2020,9,10,17:00,0,100.74,81,10.3,7.3,33,9
NORMANDIN,2020-09-10,2020-09-10 18:00,2020,9,10,18:00,0,100.73,86,10,7.7,32,4
NORMANDIN,2020-09-10,2020-09-10 19:00,2020,9,10,19:00,0,100.78,91,9.5,8.1,28,5
NORMANDIN,2020-09-10,2020-09-10 20:00,2020,9,10,20:00,0,100.79,92,8,6.7,27,11
NORMANDIN,2020-09-10,2020-09-10 21:00,2020,9,10,21:00,0,100.74,96,6.2,5.6,31,7
NORMANDIN,2020-09-10,2020-09-10 22:00,2020,9,10,22:00,0,100.76,100,6.2,6.2,3,2
NORMANDIN,2020-09-10,2020-09-10 23:00,2020,9,10,23:00,0,100.72,99,4.2,4.1,31,5
NORMANDIN,2020-09-11,2020-09-11 0:00,2020,9,11,0:00,0,100.69,99,3.5,3.3,31,5
NORMANDIN,2020-09-11,2020-09-11 1:00,2020,9,11,1:00,0,100.69,99,2.5,2.4,28,4
NORMANDIN,2020-09-11,2020-09-11 2:00,2020,9,11,2:00,0,100.72,100,2.2,2.2,27,6
NORMANDIN,2020-09-11,2020-09-11 3:00,2020,9,11,3:00,0,100.7,99,1.7,1.6,27,1
NORMANDIN,2020-09-11,2020-09-11 4:00,2020,9,11,4:00,0,100.73,100,1.1,1.1,27,4
NORMANDIN,2020-09-11,2020-09-11 5:00,2020,9,11,5:00,0,100.74,100,1.7,1.7,27,0
NORMANDIN,2020-09-11,2020-09-11 6:00,2020,9,11,6:00,0,100.78,100,3.6,3.6,33,0
NORMANDIN,2020-09-11,2020-09-11 7:00,2020,9,11,7:00,0,100.8,98,5.6,5.3,15,0
NORMANDIN,2020-09-11,2020-09-11 8:00,2020,9,11,8:00,0,100.79,89,8.6,6.8,20,1
NORMANDIN,2020-09-11,2020-09-11 9:00,2020,9,11,9:00,0,100.76,81,11.1,8,20,3
NORMANDIN,2020-09-11,2020-09-11 10:00,2020,9,11,10:00,0,100.73,68,13.5,7.7,30,6
NORMANDIN,2020-09-11,2020-09-11 11:00,2020,9,11,11:00,0,100.67,60,14.7,7,28,13
NORMANDIN,2020-09-11,2020-09-11 12:00,2020,9,11,12:00,0,100.61,56,15,6.4,25,17
NORMANDIN,2020-09-11,2020-09-11 13:00,2020,9,11,13:00,0,100.61,54,14.8,5.4,30,15
NORMANDIN,2020-09-11,2020-09-11 14:00,2020,9,11,14:00,0,100.57,55,15.3,6.3,24,19
NORMANDIN,2020-09-11,2020-09-11 15:00,2020,9,11,15:00,0,100.54,62,15.6,8.4,27,9
NORMANDIN,2020-09-11,2020-09-11 16:00,2020,9,11,16:00,0,100.53,57,15.3,7,27,15
NORMANDIN,2020-09-11,2020-09-11 17:00,2020,9,11,17:00,0,100.52,70,14,8.7,27,11
NORMANDIN,2020-09-11,2020-09-11 18:00,2020,9,11,18:00,0,100.51,78,11.7,8.1,22,13
NORMANDIN,2020-09-11,2020-09-11 19:00,2020,9,11,19:00,0,100.55,84,10.4,7.9,23,13
NORMANDIN,2020-09-11,2020-09-11 20:00,2020,9,11,20:00,0,100.58,90,8.1,6.5,25,13
NORMANDIN,2020-09-11,2020-09-11 21:00,2020,9,11,21:00,0,100.57,91,7.8,6.5,25,12
NORMANDIN,2020-09-11,2020-09-11 22:00,2020,9,11,22:00,0,100.6,91,7.5,6.1,32,5
NORMANDIN,2020-09-11,2020-09-11 23:00,2020,9,11,23:00,0,100.6,94,6.8,5.9,30,6
NORMANDIN,2020-09-12,2020-09-12 0:00,2020,9,12,0:00,0,100.62,95,7,6.3,27,10
NORMANDIN,2020-09-12,2020-09-12 1:00,2020,9,12,1:00,0,100.63,92,7.5,6.3,29,12
NORMANDIN,2020-09-12,2020-09-12 2:00,2020,9,12,2:00,0,100.65,95,6.6,5.8,32,8
NORMANDIN,2020-09-12,2020-09-12 3:00,2020,9,12,3:00,0,100.67,95,6.7,5.9,30,8
NORMANDIN,2020-09-12,2020-09-12 4:00,2020,9,12,4:00,0,100.7,99,5.1,4.9,20,0
NORMANDIN,2020-09-12,2020-09-12 5:00,2020,9,12,5:00,0,100.73,99,4.3,4.2,36,3
NORMANDIN,2020-09-12,2020-09-12 6:00,2020,9,12,6:00,0,100.79,98,3.6,3.4,0,1
NORMANDIN,2020-09-12,2020-09-12 7:00,2020,9,12,7:00,0,100.81,94,8.2,7.2,0,0
NORMANDIN,2020-09-12,2020-09-12 8:00,2020,9,12,8:00,0,100.78,84,10.6,8.1,13,4
NORMANDIN,2020-09-12,2020-09-12 9:00,2020,9,12,9:00,0,100.78,82,12.4,9.3,13,6
NORMANDIN,2020-09-12,2020-09-12 10:00,2020,9,12,10:00,0,100.71,72,14.2,9.2,14,10
NORMANDIN,2020-09-12,2020-09-12 11:00,2020,9,12,11:00,0,100.62,70,15.9,10.4,12,10
NORMANDIN,2020-09-12,2020-09-12 12:00,2020,9,12,12:00,0,100.54,65,16.8,10.3,12,12
NORMANDIN,2020-09-12,2020-09-12 13:00,2020,9,12,13:00,0,100.45,66,18.2,11.8,13,16
NORMANDIN,2020-09-12,2020-09-12 14:00,2020,9,12,14:00,0,100.36,59,18.8,10.7,14,19
NORMANDIN,2020-09-12,2020-09-12 15:00,2020,9,12,15:00,0,100.29,58,18.7,10.3,14,20
NORMANDIN,2020-09-12,2020-09-12 16:00,2020,9,12,16:00,0,100.26,66,17.9,11.5,13,12
NORMANDIN,2020-09-12,2020-09-12 17:00,2020,9,12,17:00,0,100.26,62,17.3,9.9,19,16
NORMANDIN,2020-09-12,2020-09-12 18:00,2020,9,12,18:00,0,100.23,76,14.4,10.2,16,11
NORMANDIN,2020-09-12,2020-09-12 19:00,2020,9,12,19:00,0,100.19,83,13.4,10.5,15,12
NORMANDIN,2020-09-12,2020-09-12 20:00,2020,9,12,20:00,0,100.22,81,12.7,9.6,18,14
NORMANDIN,2020-09-12,2020-09-12 21:00,2020,9,12,21:00,0,100.16,82,12.1,9.2,17,13
NORMANDIN,2020-09-12,2020-09-12 22:00,2020,9,12,22:00,0,100.06,85,11.9,9.5,15,13
NORMANDIN,2020-09-12,2020-09-12 23:00,2020,9,12,23:00,0,99.99,92,11.2,10,15,8
NORMANDIN,2020-09-13,2020-09-13 0:00,2020,9,13,0:00,0,99.93,86,11.9,9.6,10,3
NORMANDIN,2020-09-13,2020-09-13 1:00,2020,9,13,1:00,0,99.86,92,11.6,10.3,14,10
NORMANDIN,2020-09-13,2020-09-13 2:00,2020,9,13,2:00,0,99.8,88,12.1,10.2,14,8
NORMANDIN,2020-09-13,2020-09-13 3:00,2020,9,13,3:00,0,99.75,87,12.3,10.1,11,6
NORMANDIN,2020-09-13,2020-09-13 4:00,2020,9,13,4:00,0,99.65,87,12.2,10.1,13,10
NORMANDIN,2020-09-13,2020-09-13 5:00,2020,9,13,5:00,0,99.54,87,12.5,10.5,15,13
NORMANDIN,2020-09-13,2020-09-13 6:00,2020,9,13,6:00,0,99.47,89,12.8,11,15,12
NORMANDIN,2020-09-13,2020-09-13 7:00,2020,9,13,7:00,0,99.37,90,12.9,11.3,14,10
NORMANDIN,2020-09-13,2020-09-13 8:00,2020,9,13,8:00,0.2,99.27,94,13.1,12.1,13,9
NORMANDIN,2020-09-13,2020-09-13 9:00,2020,9,13,9:00,0.2,99.15,93,13.8,12.7,14,11
NORMANDIN,2020-09-13,2020-09-13 10:00,2020,9,13,10:00,0.5,99.08,91,14.1,12.5,18,15
NORMANDIN,2020-09-13,2020-09-13 11:00,2020,9,13,11:00,3.4,98.94,95,13.9,13.1,16,17
NORMANDIN,2020-09-13,2020-09-13 12:00,2020,9,13,12:00,1.7,98.83,93,14.4,13.2,17,20
NORMANDIN,2020-09-13,2020-09-13 13:00,2020,9,13,13:00,0.9,98.71,91,14.8,13.3,18,20
NORMANDIN,2020-09-13,2020-09-13 14:00,2020,9,13,14:00,0.3,98.62,91,14.7,13.2,16,17
NORMANDIN,2020-09-13,2020-09-13 15:00,2020,9,13,15:00,2.9,98.47,94,14.1,13.1,16,16
NORMANDIN,2020-09-13,2020-09-13 16:00,2020,9,13,16:00,0,98.38,89,14.7,13,16,16
NORMANDIN,2020-09-13,2020-09-13 17:00,2020,9,13,17:00,0,98.34,87,15.5,13.4,18,23
NORMANDIN,2020-09-13,2020-09-13 18:00,2020,9,13,18:00,0,98.3,88,15.1,13.1,19,25
NORMANDIN,2020-09-13,2020-09-13 19:00,2020,9,13,19:00,0,98.27,90,15.3,13.7,19,22
NORMANDIN,2020-09-13,2020-09-13 20:00,2020,9,13,20:00,1.7,98.43,90,16.2,14.6,28,24
NORMANDIN,2020-09-13,2020-09-13 21:00,2020,9,13,21:00,0,98.62,83,14.3,11.5,29,30
NORMANDIN,2020-09-13,2020-09-13 22:00,2020,9,13,22:00,0,98.75,88,13,11.1,29,19
NORMANDIN,2020-09-13,2020-09-13 23:00,2020,9,13,23:00,0,98.93,74,11.8,7.3,28,37
NORMANDIN,2020-09-14,2020-09-14 0:00,2020,9,14,0:00,0,99.09,72,10,5.1,30,31
NORMANDIN,2020-09-14,2020-09-14 1:00,2020,9,14,1:00,0,99.21,76,9.4,5.4,31,20
NORMANDIN,2020-09-14,2020-09-14 2:00,2020,9,14,2:00,0,99.27,79,8.1,4.7,29,16
NORMANDIN,2020-09-14,2020-09-14 3:00,2020,9,14,3:00,0,99.37,79,8.6,5.2,28,21
NORMANDIN,2020-09-14,2020-09-14 4:00,2020,9,14,4:00,0,99.44,80,8.3,5.2,28,24
NORMANDIN,2020-09-14,2020-09-14 5:00,2020,9,14,5:00,0,99.52,79,8.2,4.8,28,24
NORMANDIN,2020-09-14,2020-09-14 6:00,2020,9,14,6:00,0,99.59,80,7.6,4.4,28,23
NORMANDIN,2020-09-14,2020-09-14 7:00,2020,9,14,7:00,0,99.7,74,8.5,4.2,29,33
NORMANDIN,2020-09-14,2020-09-14 8:00,2020,9,14,8:00,0,99.75,70,9.5,4.3,29,28
NORMANDIN,2020-09-14,2020-09-14 9:00,2020,9,14,9:00,0,99.86,75,8.8,4.6,29,38
NORMANDIN,2020-09-14,2020-09-14 10:00,2020,9,14,10:00,0,99.94,62,10.4,3.5,30,33
NORMANDIN,2020-09-14,2020-09-14 11:00,2020,9,14,11:00,0,100.02,63,10.6,3.8,30,31
NORMANDIN,2020-09-14,2020-09-14 12:00,2020,9,14,12:00,0,100.08,58,11.2,3.2,30,32
NORMANDIN,2020-09-14,2020-09-14 13:00,2020,9,14,13:00,0,100.12,52,12.1,2.6,30,27
NORMANDIN,2020-09-14,2020-09-14 14:00,2020,9,14,14:00,0,100.15,49,11.8,1.5,31,31
NORMANDIN,2020-09-14,2020-09-14 15:00,2020,9,14,15:00,0,100.22,51,12.5,2.7,30,25
NORMANDIN,2020-09-14,2020-09-14 16:00,2020,9,14,16:00,0,100.27,50,12.2,2.1,30,30
NORMANDIN,2020-09-14,2020-09-14 17:00,2020,9,14,17:00,0,100.32,53,11.4,2.2,30,21
NORMANDIN,2020-09-14,2020-09-14 18:00,2020,9,14,18:00,0,100.4,63,9.5,2.8,29,14
NORMANDIN,2020-09-14,2020-09-14 19:00,2020,9,14,19:00,0,100.48,76,7.9,3.9,28,15
NORMANDIN,2020-09-14,2020-09-14 20:00,2020,9,14,20:00,0,100.51,81,7.1,4.1,28,18
NORMANDIN,2020-09-14,2020-09-14 21:00,2020,9,14,21:00,0,100.55,81,7,4,28,19
NORMANDIN,2020-09-14,2020-09-14 22:00,2020,9,14,22:00,0,100.58,89,5.3,3.6,27,14
NORMANDIN,2020-09-14,2020-09-14 23:00,2020,9,14,23:00,0,100.62,91,4.5,3.1,27,7
NORMANDIN,2020-09-15,2020-09-15 0:00,2020,9,15,0:00,0,100.64,93,3.7,2.6,28,14
NORMANDIN,2020-09-15,2020-09-15 1:00,2020,9,15,1:00,0,100.64,89,4.2,2.6,29,15
NORMANDIN,2020-09-15,2020-09-15 2:00,2020,9,15,2:00,0,100.67,92,3.6,2.4,28,14
NORMANDIN,2020-09-15,2020-09-15 3:00,2020,9,15,3:00,0,100.7,90,3.2,1.7,30,11
NORMANDIN,2020-09-15,2020-09-15 4:00,2020,9,15,4:00,0,100.74,91,2.4,1.1,31,3
NORMANDIN,2020-09-15,2020-09-15 5:00,2020,9,15,5:00,0,100.75,93,3.3,2.4,27,9
NORMANDIN,2020-09-15,2020-09-15 6:00,2020,9,15,6:00,0,100.77,93,3.2,2.3,27,7
NORMANDIN,2020-09-15,2020-09-15 7:00,2020,9,15,7:00,0,100.76,92,4.2,3.1,15,0
NORMANDIN,2020-09-15,2020-09-15 8:00,2020,9,15,8:00,0,100.74,88,5.7,3.9,15,7
NORMANDIN,2020-09-15,2020-09-15 9:00,2020,9,15,9:00,0,100.74,74,8.1,3.7,17,4
NORMANDIN,2020-09-15,2020-09-15 10:00,2020,9,15,10:00,0,100.67,65,9.7,3.4,23,4
NORMANDIN,2020-09-15,2020-09-15 11:00,2020,9,15,11:00,0,100.62,60,10.2,2.8,20,5
NORMANDIN,2020-09-15,2020-09-15 12:00,2020,9,15,12:00,0,100.57,55,10.9,2.3,19,8
NORMANDIN,2020-09-15,2020-09-15 13:00,2020,9,15,13:00,0,100.49,52,11.8,2.3,26,11
NORMANDIN,2020-09-15,2020-09-15 14:00,2020,9,15,14:00,0,100.43,60,11.8,4.2,13,10
NORMANDIN,2020-09-15,2020-09-15 15:00,2020,9,15,15:00,0,100.4,67,11.1,5.2,14,14
NORMANDIN,2020-09-15,2020-09-15 16:00,2020,9,15,16:00,0,100.35,66,10.6,4.5,13,13
NORMANDIN,2020-09-15,2020-09-15 17:00,2020,9,15,17:00,0,100.28,76,9.6,5.6,13,11
NORMANDIN,2020-09-15,2020-09-15 18:00,2020,9,15,18:00,0,100.27,85,8.7,6.4,14,6
NORMANDIN,2020-09-15,2020-09-15 19:00,2020,9,15,19:00,0,100.27,91,8.6,7.2,0,1
NORMANDIN,2020-09-15,2020-09-15 20:00,2020,9,15,20:00,0,100.19,85,8.8,6.4,23,4
NORMANDIN,2020-09-15,2020-09-15 21:00,2020,9,15,21:00,0,100.09,84,8.3,5.8,17,8
NORMANDIN,2020-09-15,2020-09-15 22:00,2020,9,15,22:00,0,100.05,88,8.1,6.2,14,9
NORMANDIN,2020-09-15,2020-09-15 23:00,2020,9,15,23:00,0,99.98,81,8.4,5.2,17,13
NORMANDIN,2020-09-16,2020-09-16 0:00,2020,9,16,0:00,0,99.88,86,7.7,5.5,16,11
NORMANDIN,2020-09-16,2020-09-16 1:00,2020,9,16,1:00,1.8,99.7,94,7.1,6.1,13,18
NORMANDIN,2020-09-16,2020-09-16 2:00,2020,9,16,2:00,2,99.52,94,7.3,6.4,14,20
NORMANDIN,2020-09-16,2020-09-16 3:00,2020,9,16,3:00,3.6,99.37,98,7.2,6.9,13,18
NORMANDIN,2020-09-16,2020-09-16 4:00,2020,9,16,4:00,3.5,99.25,98,7.3,7.1,13,21
NORMANDIN,2020-09-16,2020-09-16 5:00,2020,9,16,5:00,1.4,99.07,99,7.8,7.6,13,19
NORMANDIN,2020-09-16,2020-09-16 6:00,2020,9,16,6:00,0.2,98.95,97,8.1,7.7,13,18
NORMANDIN,2020-09-16,2020-09-16 7:00,2020,9,16,7:00,0,98.82,97,8.6,8.1,13,16
NORMANDIN,2020-09-16,2020-09-16 8:00,2020,9,16,8:00,0,98.74,95,10.3,9.5,17,14
NORMANDIN,2020-09-16,2020-09-16 9:00,2020,9,16,9:00,0,98.66,90,12.4,10.8,20,18
NORMANDIN,2020-09-16,2020-09-16 10:00,2020,9,16,10:00,0,98.63,90,13.5,11.8,20,18
NORMANDIN,2020-09-16,2020-09-16 11:00,2020,9,16,11:00,0,98.6,82,16.6,13.6,23,24
NORMANDIN,2020-09-16,2020-09-16 12:00,2020,9,16,12:00,0,98.61,74,18.3,13.6,25,28
NORMANDIN,2020-09-16,2020-09-16 13:00,2020,9,16,13:00,0,98.63,72,18.1,13,26,27
NORMANDIN,2020-09-16,2020-09-16 14:00,2020,9,16,14:00,0,98.65,73,17.2,12.3,28,26
NORMANDIN,2020-09-16,2020-09-16 15:00,2020,9,16,15:00,0,98.55,74,16.6,12,26,14
NORMANDIN,2020-09-16,2020-09-16 16:00,2020,9,16,16:00,1.3,98.48,91,14.7,13.2,1,5
NORMANDIN,2020-09-16,2020-09-16 17:00,2020,9,16,17:00,5.9,98.55,95,13,12.2,35,13
NORMANDIN,2020-09-16,2020-09-16 18:00,2020,9,16,18:00,4.3,98.52,98,12.2,11.8,1,2
NORMANDIN,2020-09-16,2020-09-16 19:00,2020,9,16,19:00,0.5,98.59,95,11.7,10.9,28,7
NORMANDIN,2020-09-16,2020-09-16 20:00,2020,9,16,20:00,0,98.79,95,11.4,10.7,28,15
NORMANDIN,2020-09-16,2020-09-16 21:00,2020,9,16,21:00,0.2,98.92,89,10.8,9,28,24
NORMANDIN,2020-09-16,2020-09-16 22:00,2020,9,16,22:00,0,99,92,8.4,7.2,28,12
NORMANDIN,2020-09-16,2020-09-16 23:00,2020,9,16,23:00,0,99.13,85,9.8,7.4,30,22
NORMANDIN,2020-09-17,2020-09-17 0:00,2020,9,17,0:00,0,99.25,83,8.4,5.7,29,20
NORMANDIN,2020-09-17,2020-09-17 1:00,2020,9,17,1:00,0,99.42,80,6.5,3.3,31,26
NORMANDIN,2020-09-17,2020-09-17 2:00,2020,9,17,2:00,0,99.51,84,4.7,2.2,30,20
NORMANDIN,2020-09-17,2020-09-17 3:00,2020,9,17,3:00,0,99.61,84,3.5,1.1,30,19
NORMANDIN,2020-09-17,2020-09-17 4:00,2020,9,17,4:00,0,99.76,84,2.9,0.5,28,15
NORMANDIN,2020-09-17,2020-09-17 5:00,2020,9,17,5:00,0,99.83,88,1.2,-0.6,29,14
NORMANDIN,2020-09-17,2020-09-17 6:00,2020,9,17,6:00,0,99.89,89,0.3,-1.2,28,14
NORMANDIN,2020-09-17,2020-09-17 7:00,2020,9,17,7:00,0,99.98,80,2.7,-0.5,28,14
NORMANDIN,2020-09-17,2020-09-17 8:00,2020,9,17,8:00,0,100.04,69,4,-1.2,28,19
NORMANDIN,2020-09-17,2020-09-17 9:00,2020,9,17,9:00,0,100.07,58,5.3,-2.4,28,23
NORMANDIN,2020-09-17,2020-09-17 10:00,2020,9,17,10:00,0,100.07,53,6.3,-2.6,27,28
NORMANDIN,2020-09-17,2020-09-17 11:00,2020,9,17,11:00,0,100.07,46,7.2,-3.6,29,22
NORMANDIN,2020-09-17,2020-09-17 12:00,2020,9,17,12:00,0,100.07,46,8,-3,31,18
NORMANDIN,2020-09-17,2020-09-17 13:00,2020,9,17,13:00,0,100.02,41,8.6,-3.9,30,17
NORMANDIN,2020-09-17,2020-09-17 14:00,2020,9,17,14:00,0,100,41,9.3,-3.3,29,19
NORMANDIN,2020-09-17,2020-09-17 15:00,2020,9,17,15:00,0,99.97,42,9.9,-2.5,29,17
NORMANDIN,2020-09-17,2020-09-17 16:00,2020,9,17,16:00,0,99.96,39,9.9,-3.4,28,16
NORMANDIN,2020-09-17,2020-09-17 17:00,2020,9,17,17:00,0,99.98,47,9.3,-1.5,26,13
NORMANDIN,2020-09-17,2020-09-17 18:00,2020,9,17,18:00,0,100,75,4.4,0.4,25,12
NORMANDIN,2020-09-17,2020-09-17 19:00,2020,9,17,19:00,0,100.05,83,2.4,-0.1,23,13
NORMANDIN,2020-09-17,2020-09-17 20:00,2020,9,17,20:00,0,100.09,80,3.1,-0.1,23,15
NORMANDIN,2020-09-17,2020-09-17 21:00,2020,9,17,21:00,0,100.09,82,2.1,-0.7,23,14
NORMANDIN,2020-09-17,2020-09-17 22:00,2020,9,17,22:00,0,100.11,87,0.8,-1.2,26,10
NORMANDIN,2020-09-17,2020-09-17 23:00,2020,9,17,23:00,0,100.12,90,0.1,-1.4,0,0
NORMANDIN,2020-09-18,2020-09-18 0:00,2020,9,18,0:00,0,100.11,86,1.1,-0.9,25,14
NORMANDIN,2020-09-18,2020-09-18 1:00,2020,9,18,1:00,0,100.12,85,0.9,-1.3,28,7
NORMANDIN,2020-09-18,2020-09-18 2:00,2020,9,18,2:00,0,100.11,85,1,-1.2,29,11
NORMANDIN,2020-09-18,2020-09-18 3:00,2020,9,18,3:00,0,100.14,82,1.5,-1.2,29,10
NORMANDIN,2020-09-18,2020-09-18 4:00,2020,9,18,4:00,0,100.19,87,0.2,-1.7,31,5
NORMANDIN,2020-09-18,2020-09-18 5:00,2020,9,18,5:00,0,100.24,88,-0.1,-1.8,31,7
NORMANDIN,2020-09-18,2020-09-18 6:00,2020,9,18,6:00,0,100.31,87,0.2,-1.7,28,11
NORMANDIN,2020-09-18,2020-09-18 7:00,2020,9,18,7:00,0,100.37,83,3,0.5,30,7
NORMANDIN,2020-09-18,2020-09-18 8:00,2020,9,18,8:00,0,100.41,70,5.8,0.7,30,13
NORMANDIN,2020-09-18,2020-09-18 9:00,2020,9,18,9:00,0,100.44,60,7.2,0,30,13
NORMANDIN,2020-09-18,2020-09-18 10:00,2020,9,18,10:00,0,100.41,57,8.9,0.7,31,14
NORMANDIN,2020-09-18,2020-09-18 11:00,2020,9,18,11:00,0,100.38,51,10,0.4,28,20
NORMANDIN,2020-09-18,2020-09-18 12:00,2020,9,18,12:00,0,100.37,52,10.1,0.7,29,22
NORMANDIN,2020-09-18,2020-09-18 13:00,2020,9,18,13:00,0,100.32,49,9.1,-1,31,21
NORMANDIN,2020-09-18,2020-09-18 14:00,2020,9,18,14:00,0,100.32,46,9.6,-1.5,30,16
NORMANDIN,2020-09-18,2020-09-18 15:00,2020,9,18,15:00,0,100.32,48,9.4,-1.1,33,19
NORMANDIN,2020-09-18,2020-09-18 16:00,2020,9,18,16:00,0,100.34,52,9.3,-0.1,31,18
NORMANDIN,2020-09-18,2020-09-18 17:00,2020,9,18,17:00,0,100.35,62,7.8,1,33,14
NORMANDIN,2020-09-18,2020-09-18 18:00,2020,9,18,18:00,0,100.41,68,6.6,1.1,33,11
NORMANDIN,2020-09-18,2020-09-18 19:00,2020,9,18,19:00,0,100.48,81,3.9,0.9,31,10
NORMANDIN,2020-09-18,2020-09-18 20:00,2020,9,18,20:00,0,100.53,85,4.1,1.8,32,8
NORMANDIN,2020-09-18,2020-09-18 21:00,2020,9,18,21:00,0,100.55,86,4.6,2.5,31,9
NORMANDIN,2020-09-18,2020-09-18 22:00,2020,9,18,22:00,0,100.58,86,4.3,2.2,29,11
NORMANDIN,2020-09-18,2020-09-18 23:00,2020,9,18,23:00,0,100.6,88,4.3,2.5,29,14
NORMANDIN,2020-09-19,2020-09-19 0:00,2020,9,19,0:00,0,100.62,89,4.1,2.4,28,11
NORMANDIN,2020-09-19,2020-09-19 1:00,2020,9,19,1:00,0,100.64,87,4.5,2.5,30,12
NORMANDIN,2020-09-19,2020-09-19 2:00,2020,9,19,2:00,0,100.65,87,4.1,2.2,31,12
NORMANDIN,2020-09-19,2020-09-19 3:00,2020,9,19,3:00,0,100.67,90,2.7,1.3,29,11
NORMANDIN,2020-09-19,2020-09-19 4:00,2020,9,19,4:00,0,100.7,92,2.8,1.6,29,13
NORMANDIN,2020-09-19,2020-09-19 5:00,2020,9,19,5:00,0,100.74,90,2.1,0.6,29,11
NORMANDIN,2020-09-19,2020-09-19 6:00,2020,9,19,6:00,0,100.81,91,1.5,0.2,29,10
NORMANDIN,2020-09-19,2020-09-19 7:00,2020,9,19,7:00,0,100.84,87,2.8,0.8,29,13
NORMANDIN,2020-09-19,2020-09-19 8:00,2020,9,19,8:00,0,100.88,68,5.1,-0.3,31,16
NORMANDIN,2020-09-19,2020-09-19 9:00,2020,9,19,9:00,0,100.9,57,6.6,-1.2,31,14
NORMANDIN,2020-09-19,2020-09-19 10:00,2020,9,19,10:00,0,100.92,54,6.6,-1.9,32,16
NORMANDIN,2020-09-19,2020-09-19 11:00,2020,9,19,11:00,0,100.92,54,7.7,-1,30,17
NORMANDIN,2020-09-19,2020-09-19 12:00,2020,9,19,12:00,0,100.9,46,7.8,-3,30,15
NORMANDIN,2020-09-19,2020-09-19 13:00,2020,9,19,13:00,0,100.88,48,9.2,-1.3,31,16
NORMANDIN,2020-09-19,2020-09-19 14:00,2020,9,19,14:00,0,100.88,49,8.4,-1.8,33,16
NORMANDIN,2020-09-19,2020-09-19 15:00,2020,9,19,15:00,0,100.91,52,8.3,-0.9,31,20
NORMANDIN,2020-09-19,2020-09-19 16:00,2020,9,19,16:00,0,100.95,58,7.5,-0.1,29,17
NORMANDIN,2020-09-19,2020-09-19 17:00,2020,9,19,17:00,0,100.97,59,7.3,-0.1,28,14
NORMANDIN,2020-09-19,2020-09-19 18:00,2020,9,19,18:00,0,101.04,71,4.2,-0.7,31,11
NORMANDIN,2020-09-19,2020-09-19 19:00,2020,9,19,19:00,0,101.1,78,2,-1.4,29,10
NORMANDIN,2020-09-19,2020-09-19 20:00,2020,9,19,20:00,0,101.15,83,2,-0.6,29,11
NORMANDIN,2020-09-19,2020-09-19 21:00,2020,9,19,21:00,0,101.19,87,1,-0.9,29,11
NORMANDIN,2020-09-19,2020-09-19 22:00,2020,9,19,22:00,0,101.25,92,0.3,-0.9,31,11
NORMANDIN,2020-09-19,2020-09-19 23:00,2020,9,19,23:00,0,101.28,92,0.1,-1.1,30,10
NORMANDIN,2020-09-20,2020-09-20 0:00,2020,9,20,0:00,0,101.32,93,0,-1,31,13
NORMANDIN,2020-09-20,2020-09-20 1:00,2020,9,20,1:00,0,101.38,93,-0.9,-1.9,32,2
NORMANDIN,2020-09-20,2020-09-20 2:00,2020,9,20,2:00,0,101.44,95,-0.8,-1.5,34,4
NORMANDIN,2020-09-20,2020-09-20 3:00,2020,9,20,3:00,0,101.49,96,-1.3,-1.9,33,5
NORMANDIN,2020-09-20,2020-09-20 4:00,2020,9,20,4:00,0,101.53,95,-1.5,-2.1,36,5
NORMANDIN,2020-09-20,2020-09-20 5:00,2020,9,20,5:00,0,101.59,97,-2.2,-2.6,34,4
NORMANDIN,2020-09-20,2020-09-20 6:00,2020,9,20,6:00,0,101.65,97,-2.4,-2.8,32,3
NORMANDIN,2020-09-20,2020-09-20 7:00,2020,9,20,7:00,0,101.74,95,-0.6,-1.3,0,1
NORMANDIN,2020-09-20,2020-09-20 8:00,2020,9,20,8:00,0,101.78,87,3.2,1.3,33,1
NORMANDIN,2020-09-20,2020-09-20 9:00,2020,9,20,9:00,0,101.81,76,6.6,2.6,23,2
NORMANDIN,2020-09-20,2020-09-20 10:00,2020,9,20,10:00,0,101.78,61,8.1,0.9,15,3
NORMANDIN,2020-09-20,2020-09-20 11:00,2020,9,20,11:00,0,101.74,47,10,-0.8,22,6
NORMANDIN,2020-09-20,2020-09-20 12:00,2020,9,20,12:00,0,101.72,43,10.5,-1.7,25,7
NORMANDIN,2020-09-20,2020-09-20 13:00,2020,9,20,13:00,0,101.65,37,11.8,-2.3,24,7
NORMANDIN,2020-09-20,2020-09-20 14:00,2020,9,20,14:00,0,101.59,36,12.5,-2.2,25,8
NORMANDIN,2020-09-20,2020-09-20 15:00,2020,9,20,15:00,0,101.57,45,11.8,0.4,13,13
NORMANDIN,2020-09-20,2020-09-20 16:00,2020,9,20,16:00,0,101.52,54,10.6,1.8,12,16
NORMANDIN,2020-09-20,2020-09-20 17:00,2020,9,20,17:00,0,101.53,61,9.2,2,13,12
NORMANDIN,2020-09-20,2020-09-20 18:00,2020,9,20,18:00,0,101.53,70,7.7,2.6,15,5
NORMANDIN,2020-09-20,2020-09-20 19:00,2020,9,20,19:00,0,101.56,80,4,0.9,15,2
NORMANDIN,2020-09-20,2020-09-20 20:00,2020,9,20,20:00,0,101.57,93,2.2,1.1,28,4
NORMANDIN,2020-09-20,2020-09-20 21:00,2020,9,20,21:00,0,101.57,94,1.1,0.2,32,7
NORMANDIN,2020-09-20,2020-09-20 22:00,2020,9,20,22:00,0,101.58,95,0.6,-0.2,31,6
NORMANDIN,2020-09-20,2020-09-20 23:00,2020,9,20,23:00,0,101.59,95,0.8,0.2,29,4
NORMANDIN,2020-09-21,2020-09-21 0:00,2020,9,21,0:00,0,101.59,96,1.1,0.5,0,1
NORMANDIN,2020-09-21,2020-09-21 1:00,2020,9,21,1:00,0,101.58,97,-0.5,-0.9,0,0
NORMANDIN,2020-09-21,2020-09-21 2:00,2020,9,21,2:00,0,101.56,97,-1.1,-1.5,32,4
NORMANDIN,2020-09-21,2020-09-21 3:00,2020,9,21,3:00,0,101.58,97,-1.5,-1.8,0,1
NORMANDIN,2020-09-21,2020-09-21 4:00,2020,9,21,4:00,0,101.57,97,-1.9,-2.4,33,3
NORMANDIN,2020-09-21,2020-09-21 5:00,2020,9,21,5:00,0,101.57,97,-1.8,-2.1,0,1
NORMANDIN,2020-09-21,2020-09-21 6:00,2020,9,21,6:00,0,101.57,97,-1,-1.5,16,4
NORMANDIN,2020-09-21,2020-09-21 7:00,2020,9,21,7:00,0,101.55,96,0.4,-0.2,2,4
NORMANDIN,2020-09-21,2020-09-21 8:00,2020,9,21,8:00,0,101.53,89,5.2,3.6,15,5
NORMANDIN,2020-09-21,2020-09-21 9:00,2020,9,21,9:00,0,101.54,72,8.6,3.8,14,9
NORMANDIN,2020-09-21,2020-09-21 10:00,2020,9,21,10:00,0,101.5,65,10.6,4.3,13,11
NORMANDIN,2020-09-21,2020-09-21 11:00,2020,9,21,11:00,0,101.44,59,12.6,4.7,15,17
NORMANDIN,2020-09-21,2020-09-21 12:00,2020,9,21,12:00,0,101.36,54,13.8,4.8,17,16
NORMANDIN,2020-09-21,2020-09-21 13:00,2020,9,21,13:00,0,101.27,55,15.9,6.7,17,19
NORMANDIN,2020-09-21,2020-09-21 14:00,2020,9,21,14:00,0,101.2,50,16.9,6.4,17,21
NORMANDIN,2020-09-21,2020-09-21 15:00,2020,9,21,15:00,0,101.11,51,17.9,7.6,21,15
NORMANDIN,2020-09-21,2020-09-21 16:00,2020,9,21,16:00,0,101.06,52,17.1,7.2,22,16
NORMANDIN,2020-09-21,2020-09-21 17:00,2020,9,21,17:00,0,101.02,62,14.7,7.5,23,13
NORMANDIN,2020-09-21,2020-09-21 18:00,2020,9,21,18:00,0,101.02,72,12,7.1,19,12
NORMANDIN,2020-09-21,2020-09-21 19:00,2020,9,21,19:00,0,101.02,77,10.1,6.2,18,9
NORMANDIN,2020-09-21,2020-09-21 20:00,2020,9,21,20:00,0,101.01,84,8.1,5.5,16,5
NORMANDIN,2020-09-21,2020-09-21 21:00,2020,9,21,21:00,0,100.97,89,6.2,4.5,0,1
NORMANDIN,2020-09-21,2020-09-21 22:00,2020,9,21,22:00,0,100.95,95,6.6,6,6,2
NORMANDIN,2020-09-21,2020-09-21 23:00,2020,9,21,23:00,0,100.91,94,4,3.2,11,1
NORMANDIN,2020-09-22,2020-09-22 0:00,2020,9,22,0:00,0,100.87,95,4,3.2,23,2
NORMANDIN,2020-09-22,2020-09-22 1:00,2020,9,22,1:00,0,100.83,97,2.7,2.2,34,4
NORMANDIN,2020-09-22,2020-09-22 2:00,2020,9,22,2:00,0,100.75,97,2.3,1.9,34,5
NORMANDIN,2020-09-22,2020-09-22 3:00,2020,9,22,3:00,0,100.72,98,2.1,1.9,2,2
NORMANDIN,2020-09-22,2020-09-22 4:00,2020,9,22,4:00,0,100.69,99,2,1.9,9,1
NORMANDIN,2020-09-22,2020-09-22 5:00,2020,9,22,5:00,0,100.63,97,0.7,0.4,7,2
NORMANDIN,2020-09-22,2020-09-22 6:00,2020,9,22,6:00,0,100.65,100,0.9,0.8,1,2
NORMANDIN,2020-09-22,2020-09-22 7:00,2020,9,22,7:00,0,100.63,100,4.1,4.1,0,1
NORMANDIN,2020-09-22,2020-09-22 8:00,2020,9,22,8:00,0,100.55,91,6.6,5.2,10,1
NORMANDIN,2020-09-22,2020-09-22 9:00,2020,9,22,9:00,0,100.47,82,9.2,6.3,14,5
NORMANDIN,2020-09-22,2020-09-22 10:00,2020,9,22,10:00,0,100.35,73,12.2,7.5,12,8
NORMANDIN,2020-09-22,2020-09-22 11:00,2020,9,22,11:00,0,100.2,62,14.6,7.3,13,10
NORMANDIN,2020-09-22,2020-09-22 12:00,2020,9,22,12:00,0,100.06,58,16.2,7.9,12,14
NORMANDIN,2020-09-22,2020-09-22 13:00,2020,9,22,13:00,0,99.93,56,17,8.1,13,16
NORMANDIN,2020-09-22,2020-09-22 14:00,2020,9,22,14:00,0,99.82,55,17.2,8,13,17
NORMANDIN,2020-09-22,2020-09-22 15:00,2020,9,22,15:00,0,99.68,57,16.7,8.2,13,18
NORMANDIN,2020-09-22,2020-09-22 16:00,2020,9,22,16:00,0,99.6,56,16.6,7.8,14,14
NORMANDIN,2020-09-22,2020-09-22 17:00,2020,9,22,17:00,0,99.53,64,14.5,7.9,14,6
NORMANDIN,2020-09-22,2020-09-22 18:00,2020,9,22,18:00,0,99.47,78,10.4,6.7,15,2
NORMANDIN,2020-09-22,2020-09-22 19:00,2020,9,22,19:00,0,99.44,86,8.5,6.3,20,2
NORMANDIN,2020-09-22,2020-09-22 20:00,2020,9,22,20:00,0,99.37,87,8.7,6.7,0,1
NORMANDIN,2020-09-22,2020-09-22 21:00,2020,9,22,21:00,0,99.29,92,9.4,8.1,31,9
NORMANDIN,2020-09-22,2020-09-22 22:00,2020,9,22,22:00,0,99.2,93,7.5,6.5,31,8
NORMANDIN,2020-09-22,2020-09-22 23:00,2020,9,22,23:00,0,99.13,95,6.2,5.4,31,6
NORMANDIN,2020-09-23,2020-09-23 0:00,2020,9,23,0:00,0,99.03,95,7.2,6.5,31,12
NORMANDIN,2020-09-23,2020-09-23 1:00,2020,9,23,1:00,0,98.98,93,7.4,6.3,31,9
NORMANDIN,2020-09-23,2020-09-23 2:00,2020,9,23,2:00,0,98.93,95,7.2,6.4,31,7
NORMANDIN,2020-09-23,2020-09-23 3:00,2020,9,23,3:00,0,98.89,93,8.7,7.6,33,5
NORMANDIN,2020-09-23,2020-09-23 4:00,2020,9,23,4:00,0,98.87,91,9.5,8.1,31,10
NORMANDIN,2020-09-23,2020-09-23 5:00,2020,9,23,5:00,0,98.86,92,9.2,8,31,8
NORMANDIN,2020-09-23,2020-09-23 6:00,2020,9,23,6:00,0,98.84,90,11.2,9.6,30,10
NORMANDIN,2020-09-23,2020-09-23 7:00,2020,9,23,7:00,0,98.81,89,12.1,10.3,31,8
NORMANDIN,2020-09-23,2020-09-23 8:00,2020,9,23,8:00,0,98.78,84,13.9,11.2,30,17
NORMANDIN,2020-09-23,2020-09-23 9:00,2020,9,23,9:00,0,98.79,83,14.7,11.7,30,14
NORMANDIN,2020-09-23,2020-09-23 10:00,2020,9,23,10:00,0,98.75,81,16,12.7,32,18
NORMANDIN,2020-09-23,2020-09-23 11:00,2020,9,23,11:00,0,98.7,76,17,12.7,32,15
NORMANDIN,2020-09-23,2020-09-23 12:00,2020,9,23,12:00,0,98.67,75,17.6,13.1,30,21
NORMANDIN,2020-09-23,2020-09-23 13:00,2020,9,23,13:00,0,98.62,73,17.9,13,31,15
NORMANDIN,2020-09-23,2020-09-23 14:00,2020,9,23,14:00,0,98.6,80,17.4,14,33,13
NORMANDIN,2020-09-23,2020-09-23 15:00,2020,9,23,15:00,0,98.63,71,17,11.8,31,24
NORMANDIN,2020-09-23,2020-09-23 16:00,2020,9,23,16:00,0,98.68,70,16.3,10.7,31,25
NORMANDIN,2020-09-23,2020-09-23 17:00,2020,9,23,17:00,0,98.77,72,15.2,10.1,33,25
NORMANDIN,2020-09-23,2020-09-23 18:00,2020,9,23,18:00,0,98.84,77,13.6,9.7,31,18
NORMANDIN,2020-09-23,2020-09-23 19:00,2020,9,23,19:00,0,98.93,80,12.3,9,32,15
NORMANDIN,2020-09-23,2020-09-23 20:00,2020,9,23,20:00,0,98.97,80,12.3,8.9,33,18
NORMANDIN,2020-09-23,2020-09-23 21:00,2020,9,23,21:00,0,98.99,83,11.9,9.1,32,13
NORMANDIN,2020-09-23,2020-09-23 22:00,2020,9,23,22:00,0,98.96,86,11.4,9.1,29,10
NORMANDIN,2020-09-23,2020-09-23 23:00,2020,9,23,23:00,0,98.94,95,9.2,8.4,27,11
NORMANDIN,2020-09-24,2020-09-24 0:00,2020,9,24,0:00,0,98.91,92,9.7,8.5,28,9
NORMANDIN,2020-09-24,2020-09-24 1:00,2020,9,24,1:00,0,98.91,93,9.8,8.7,26,9
NORMANDIN,2020-09-24,2020-09-24 2:00,2020,9,24,2:00,0,98.88,92,10.6,9.4,26,9
NORMANDIN,2020-09-24,2020-09-24 3:00,2020,9,24,3:00,0,98.87,90,11.1,9.5,28,18
NORMANDIN,2020-09-24,2020-09-24 4:00,2020,9,24,4:00,0,98.91,90,10.4,8.9,27,17
NORMANDIN,2020-09-24,2020-09-24 5:00,2020,9,24,5:00,0,99.04,76,10.5,6.4,30,21
NORMANDIN,2020-09-24,2020-09-24 6:00,2020,9,24,6:00,0,99.14,74,9.5,5,32,28
NORMANDIN,2020-09-24,2020-09-24 7:00,2020,9,24,7:00,0,99.24,75,9,4.8,31,26
NORMANDIN,2020-09-24,2020-09-24 8:00,2020,9,24,8:00,0,99.38,70,8.5,3.4,30,31
NORMANDIN,2020-09-24,2020-09-24 9:00,2020,9,24,9:00,0,99.48,68,8.2,2.6,30,27
NORMANDIN,2020-09-24,2020-09-24 10:00,2020,9,24,10:00,0,99.53,66,8.3,2.3,32,27
NORMANDIN,2020-09-24,2020-09-24 11:00,2020,9,24,11:00,0,99.54,61,9.3,2.2,32,24
NORMANDIN,2020-09-24,2020-09-24 12:00,2020,9,24,12:00,0,99.54,59,10.1,2.4,31,20
NORMANDIN,2020-09-24,2020-09-24 13:00,2020,9,24,13:00,0,99.54,56,10.7,2.3,32,19
NORMANDIN,2020-09-24,2020-09-24 14:00,2020,9,24,14:00,0,99.52,52,11.4,1.8,29,19
NORMANDIN,2020-09-24,2020-09-24 15:00,2020,9,24,15:00,0,99.55,50,12.3,2.2,29,24
NORMANDIN,2020-09-24,2020-09-24 16:00,2020,9,24,16:00,0,99.57,50,11.8,1.7,30,17
NORMANDIN,2020-09-24,2020-09-24 17:00,2020,9,24,17:00,0,99.61,53,10.7,1.5,30,13
NORMANDIN,2020-09-24,2020-09-24 18:00,2020,9,24,18:00,0,99.68,71,6.4,1.5,28,10
NORMANDIN,2020-09-24,2020-09-24 19:00,2020,9,24,19:00,0,99.75,76,4.7,0.8,28,12
NORMANDIN,2020-09-24,2020-09-24 20:00,2020,9,24,20:00,0,99.81,85,3.7,1.3,28,16
NORMANDIN,2020-09-24,2020-09-24 21:00,2020,9,24,21:00,0,99.82,85,2.6,0.4,27,13
NORMANDIN,2020-09-24,2020-09-24 22:00,2020,9,24,22:00,0,99.84,87,3,1.1,28,15
NORMANDIN,2020-09-24,2020-09-24 23:00,2020,9,24,23:00,0,99.86,90,2,0.4,28,14
NORMANDIN,2020-09-25,2020-09-25 0:00,2020,9,25,0:00,0,99.87,89,1.6,-0.1,28,15
NORMANDIN,2020-09-25,2020-09-25 1:00,2020,9,25,1:00,0,99.93,89,1.2,-0.4,30,3
NORMANDIN,2020-09-25,2020-09-25 2:00,2020,9,25,2:00,0,99.98,92,0.1,-1.1,25,6
NORMANDIN,2020-09-25,2020-09-25 3:00,2020,9,25,3:00,0,100.02,95,-0.6,-1.3,24,6
NORMANDIN,2020-09-25,2020-09-25 4:00,2020,9,25,4:00,0,100.07,97,-0.8,-1.3,0,0
NORMANDIN,2020-09-25,2020-09-25 5:00,2020,9,25,5:00,0,100.12,96,-1.2,-1.8,25,4
NORMANDIN,2020-09-25,2020-09-25 6:00,2020,9,25,6:00,0,100.16,96,-1.4,-2,24,3
NORMANDIN,2020-09-25,2020-09-25 7:00,2020,9,25,7:00,0,100.23,97,0.8,0.3,21,5
NORMANDIN,2020-09-25,2020-09-25 8:00,2020,9,25,8:00,0,100.26,78,5,1.6,17,3
NORMANDIN,2020-09-25,2020-09-25 9:00,2020,9,25,9:00,0,100.29,72,6.7,2.1,3,1
NORMANDIN,2020-09-25,2020-09-25 10:00,2020,9,25,10:00,0,100.29,67,8.9,3.1,24,3
NORMANDIN,2020-09-25,2020-09-25 11:00,2020,9,25,11:00,0,100.22,64,10.3,3.9,15,2
NORMANDIN,2020-09-25,2020-09-25 12:00,2020,9,25,12:00,0,100.19,56,10.5,2,8,6
NORMANDIN,2020-09-25,2020-09-25 13:00,2020,9,25,13:00,0,100.1,50,11.9,1.7,5,6
NORMANDIN,2020-09-25,2020-09-25 14:00,2020,9,25,14:00,0,100.03,49,12.8,2.4,12,7
NORMANDIN,2020-09-25,2020-09-25 15:00,2020,9,25,15:00,0,99.98,49,13.2,2.9,15,9
NORMANDIN,2020-09-25,2020-09-25 16:00,2020,9,25,16:00,0,99.94,54,11.9,2.9,14,14
NORMANDIN,2020-09-25,2020-09-25 17:00,2020,9,25,17:00,0,99.93,67,9.5,3.8,15,8
NORMANDIN,2020-09-25,2020-09-25 18:00,2020,9,25,18:00,0,99.92,72,7,2.3,14,3
NORMANDIN,2020-09-25,2020-09-25 19:00,2020,9,25,19:00,0,99.91,88,4,2.2,34,5
NORMANDIN,2020-09-25,2020-09-25 20:00,2020,9,25,20:00,0,99.88,94,2.8,1.9,33,1
NORMANDIN,2020-09-25,2020-09-25 21:00,2020,9,25,21:00,0,99.87,95,2.3,1.7,33,7
NORMANDIN,2020-09-25,2020-09-25 22:00,2020,9,25,22:00,0,99.83,96,1.7,1.2,35,5
NORMANDIN,2020-09-25,2020-09-25 23:00,2020,9,25,23:00,0,99.77,96,1.4,0.8,2,3
NORMANDIN,2020-09-26,2020-09-26 0:00,2020,9,26,0:00,0,99.7,96,2.7,2.1,2,1
NORMANDIN,2020-09-26,2020-09-26 1:00,2020,9,26,1:00,0,99.64,95,5.1,4.4,2,2
NORMANDIN,2020-09-26,2020-09-26 2:00,2020,9,26,2:00,1.2,99.61,97,6,5.6,3,4
NORMANDIN,2020-09-26,2020-09-26 3:00,2020,9,26,3:00,0,99.59,98,6.8,6.4,6,3
NORMANDIN,2020-09-26,2020-09-26 4:00,2020,9,26,4:00,0,99.54,96,7,6.4,10,7
NORMANDIN,2020-09-26,2020-09-26 5:00,2020,9,26,5:00,0,99.5,97,6.5,6,9,7
NORMANDIN,2020-09-26,2020-09-26 6:00,2020,9,26,6:00,0,99.46,94,8.3,7.4,12,9
NORMANDIN,2020-09-26,2020-09-26 7:00,2020,9,26,7:00,0,99.42,92,10.1,8.8,13,12
NORMANDIN,2020-09-26,2020-09-26 8:00,2020,9,26,8:00,0,99.39,88,12.7,10.7,16,11
NORMANDIN,2020-09-26,2020-09-26 9:00,2020,9,26,9:00,0,99.33,85,14.6,12.2,15,13
NORMANDIN,2020-09-26,2020-09-26 10:00,2020,9,26,10:00,0,99.28,82,14.7,11.7,17,9
NORMANDIN,2020-09-26,2020-09-26 11:00,2020,9,26,11:00,0,99.21,76,16.7,12.5,18,17
NORMANDIN,2020-09-26,2020-09-26 12:00,2020,9,26,12:00,0,99.13,65,20.3,13.6,20,26
NORMANDIN,2020-09-26,2020-09-26 13:00,2020,9,26,13:00,0,99.05,63,21.7,14.4,20,24
NORMANDIN,2020-09-26,2020-09-26 14:00,2020,9,26,14:00,0,99,58,23,14.4,20,24
NORMANDIN,2020-09-26,2020-09-26 15:00,2020,9,26,15:00,0,98.94,62,22.4,14.7,19,18
NORMANDIN,2020-09-26,2020-09-26 16:00,2020,9,26,16:00,0,98.95,61,21.9,14,21,18
NORMANDIN,2020-09-26,2020-09-26 17:00,2020,9,26,17:00,0,98.97,67,20.2,13.9,20,15
NORMANDIN,2020-09-26,2020-09-26 18:00,2020,9,26,18:00,0,98.98,74,19.2,14.5,17,15
NORMANDIN,2020-09-26,2020-09-26 19:00,2020,9,26,19:00,0,99.07,79,17.9,14.2,20,11
NORMANDIN,2020-09-26,2020-09-26 20:00,2020,9,26,20:00,0.4,99.2,94,15.3,14.3,3,8
NORMANDIN,2020-09-26,2020-09-26 21:00,2020,9,26,21:00,1.1,99.21,95,14.8,14,10,7
NORMANDIN,2020-09-26,2020-09-26 22:00,2020,9,26,22:00,0,99.17,96,14.4,13.8,0,1
NORMANDIN,2020-09-26,2020-09-26 23:00,2020,9,26,23:00,0.6,99.09,98,13.9,13.7,3,0
NORMANDIN,2020-09-27,2020-09-27 0:00,2020,9,27,0:00,0.3,99.05,99,13.5,13.4,3,0
NORMANDIN,2020-09-27,2020-09-27 1:00,2020,9,27,1:00,0,99.02,100,12.9,12.9,15,2
NORMANDIN,2020-09-27,2020-09-27 2:00,2020,9,27,2:00,0,98.95,100,13.5,13.4,3,0
NORMANDIN,2020-09-27,2020-09-27 3:00,2020,9,27,3:00,0.3,98.89,100,13.4,13.4,7,4
NORMANDIN,2020-09-27,2020-09-27 4:00,2020,9,27,4:00,0,98.88,99,13.7,13.6,16,4
NORMANDIN,2020-09-27,2020-09-27 5:00,2020,9,27,5:00,0.2,98.83,96,14.6,14,10,5
NORMANDIN,2020-09-27,2020-09-27 6:00,2020,9,27,6:00,0.8,98.81,96,14.6,13.9,14,8
NORMANDIN,2020-09-27,2020-09-27 7:00,2020,9,27,7:00,0,98.77,97,14.5,14,11,7
NORMANDIN,2020-09-27,2020-09-27 8:00,2020,9,27,8:00,0,98.8,95,14.8,14,10,4
NORMANDIN,2020-09-27,2020-09-27 9:00,2020,9,27,9:00,0,98.71,91,15.9,14.4,14,11
NORMANDIN,2020-09-27,2020-09-27 10:00,2020,9,27,10:00,0,98.62,90,16.9,15.2,13,14
NORMANDIN,2020-09-27,2020-09-27 11:00,2020,9,27,11:00,0,98.5,81,19.4,16,17,18
NORMANDIN,2020-09-27,2020-09-27 12:00,2020,9,27,12:00,0,98.49,76,20.5,16.2,20,28
NORMANDIN,2020-09-27,2020-09-27 13:00,2020,9,27,13:00,0,98.45,74,21,16.2,19,24
NORMANDIN,2020-09-27,2020-09-27 14:00,2020,9,27,14:00,0,98.48,72,22,16.7,18,18
NORMANDIN,2020-09-27,2020-09-27 15:00,2020,9,27,15:00,0,98.49,70,22.9,17.2,20,18
NORMANDIN,2020-09-27,2020-09-27 16:00,2020,9,27,16:00,0,98.52,59,23,14.6,23,23
NORMANDIN,2020-09-27,2020-09-27 17:00,2020,9,27,17:00,0,98.56,67,21.4,15,20,17
NORMANDIN,2020-09-27,2020-09-27 18:00,2020,9,27,18:00,0,98.62,71,20.9,15.4,21,15
NORMANDIN,2020-09-27,2020-09-27 19:00,2020,9,27,19:00,0,98.66,78,18.7,14.7,16,9
NORMANDIN,2020-09-27,2020-09-27 20:00,2020,9,27,20:00,0,98.8,75,19.6,15.1,14,6
NORMANDIN,2020-09-27,2020-09-27 21:00,2020,9,27,21:00,0,98.85,77,18.5,14.4,12,5
NORMANDIN,2020-09-27,2020-09-27 22:00,2020,9,27,22:00,0,98.86,82,17.1,13.9,13,4
NORMANDIN,2020-09-27,2020-09-27 23:00,2020,9,27,23:00,0,98.89,89,16.5,14.7,8,4
NORMANDIN,2020-09-28,2020-09-28 0:00,2020,9,28,0:00,0,98.9,90,15.1,13.6,11,1
NORMANDIN,2020-09-28,2020-09-28 1:00,2020,9,28,1:00,0,98.96,94,13.8,12.9,11,6
NORMANDIN,2020-09-28,2020-09-28 2:00,2020,9,28,2:00,0,99,96,15.5,15,15,0
NORMANDIN,2020-09-28,2020-09-28 3:00,2020,9,28,3:00,0,99.02,97,14.9,14.5,15,5
NORMANDIN,2020-09-28,2020-09-28 4:00,2020,9,28,4:00,0,99.09,95,14.9,14.1,18,6
NORMANDIN,2020-09-28,2020-09-28 5:00,2020,9,28,5:00,0,99.1,93,16.1,14.9,20,11
NORMANDIN,2020-09-28,2020-09-28 6:00,2020,9,28,6:00,0,99.11,97,14.6,14.1,20,7
NORMANDIN,2020-09-28,2020-09-28 7:00,2020,9,28,7:00,0,99.12,96,15.8,15.2,8,2
NORMANDIN,2020-09-28,2020-09-28 8:00,2020,9,28,8:00,0,99.14,93,18.1,16.9,17,0
NORMANDIN,2020-09-28,2020-09-28 9:00,2020,9,28,9:00,0,99.14,91,18.2,16.8,10,7
NORMANDIN,2020-09-28,2020-09-28 10:00,2020,9,28,10:00,0,99.12,88,19.3,17.2,13,8
NORMANDIN,2020-09-28,2020-09-28 11:00,2020,9,28,11:00,0,99.08,81,20.5,17.2,13,10
NORMANDIN,2020-09-28,2020-09-28 12:00,2020,9,28,12:00,0,99.09,79,21.4,17.6,14,14
NORMANDIN,2020-09-28,2020-09-28 13:00,2020,9,28,13:00,0,98.99,74,22.1,17.3,11,10
NORMANDIN,2020-09-28,2020-09-28 14:00,2020,9,28,14:00,0,98.96,76,22.6,18.1,14,13
NORMANDIN,2020-09-28,2020-09-28 15:00,2020,9,28,15:00,0,98.93,75,23.2,18.6,15,10
NORMANDIN,2020-09-28,2020-09-28 16:00,2020,9,28,16:00,0,98.88,77,22.1,17.8,13,11
NORMANDIN,2020-09-28,2020-09-28 17:00,2020,9,28,17:00,0,98.88,78,21.2,17.2,16,14
NORMANDIN,2020-09-28,2020-09-28 18:00,2020,9,28,18:00,0,98.85,84,19.5,16.7,14,11
NORMANDIN,2020-09-28,2020-09-28 19:00,2020,9,28,19:00,0,98.86,90,18.3,16.6,14,11
NORMANDIN,2020-09-28,2020-09-28 20:00,2020,9,28,20:00,0,98.83,91,18.4,16.9,13,13
NORMANDIN,2020-09-28,2020-09-28 21:00,2020,9,28,21:00,0,98.78,94,17.6,16.7,13,11
NORMANDIN,2020-09-28,2020-09-28 22:00,2020,9,28,22:00,0,98.8,96,16,15.3,14,7
NORMANDIN,2020-09-28,2020-09-28 23:00,2020,9,28,23:00,0,98.79,98,15.3,15.1,10,5
NORMANDIN,2020-09-29,2020-09-29 0:00,2020,9,29,0:00,0,98.77,99,15.3,15.3,7,5
NORMANDIN,2020-09-29,2020-09-29 1:00,2020,9,29,1:00,0,98.72,100,15.2,15.2,9,7
NORMANDIN,2020-09-29,2020-09-29 2:00,2020,9,29,2:00,0,98.66,100,15.1,15,9,4
NORMANDIN,2020-09-29,2020-09-29 3:00,2020,9,29,3:00,0,98.62,100,16.1,16.1,11,6
NORMANDIN,2020-09-29,2020-09-29 4:00,2020,9,29,4:00,0,98.57,97,16.5,16,13,13
NORMANDIN,2020-09-29,2020-09-29 5:00,2020,9,29,5:00,0,98.52,95,17.1,16.3,13,16
NORMANDIN,2020-09-29,2020-09-29 6:00,2020,9,29,6:00,0,98.5,95,17.1,16.4,13,15
NORMANDIN,2020-09-29,2020-09-29 7:00,2020,9,29,7:00,0,98.42,87,19.2,16.9,16,25
NORMANDIN,2020-09-29,2020-09-29 8:00,2020,9,29,8:00,0,98.35,86,19.2,16.8,15,23
NORMANDIN,2020-09-29,2020-09-29 9:00,2020,9,29,9:00,0,98.37,88,19.2,17.1,15,23
NORMANDIN,2020-09-29,2020-09-29 10:00,2020,9,29,10:00,1.8,98.37,94,18.8,17.8,16,17
NORMANDIN,2020-09-29,2020-09-29 11:00,2020,9,29,11:00,0,98.39,92,19.8,18.4,24,11
NORMANDIN,2020-09-29,2020-09-29 12:00,2020,9,29,12:00,0,98.47,84,20,17.3,25,19
NORMANDIN,2020-09-29,2020-09-29 13:00,2020,9,29,13:00,0,98.52,73,18,13.1,24,28
NORMANDIN,2020-09-29,2020-09-29 14:00,2020,9,29,14:00,0,98.66,67,16.6,10.5,25,31
NORMANDIN,2020-09-29,2020-09-29 15:00,2020,9,29,15:00,0,98.69,69,16.4,10.7,24,22
NORMANDIN,2020-09-29,2020-09-29 16:00,2020,9,29,16:00,0,98.77,71,16.2,11,22,13
NORMANDIN,2020-09-29,2020-09-29 17:00,2020,9,29,17:00,0,98.84,78,15.1,11.4,22,7
NORMANDIN,2020-09-29,2020-09-29 18:00,2020,9,29,18:00,0,98.86,74,14.6,10,21,13
NORMANDIN,2020-09-29,2020-09-29 19:00,2020,9,29,19:00,0,98.91,79,13.8,10.2,19,9
NORMANDIN,2020-09-29,2020-09-29 20:00,2020,9,29,20:00,0,98.94,85,13.3,10.9,18,10
NORMANDIN,2020-09-29,2020-09-29 21:00,2020,9,29,21:00,0,98.95,85,13.3,10.8,18,11
NORMANDIN,2020-09-29,2020-09-29 22:00,2020,9,29,22:00,0,98.92,85,13.3,10.7,20,10
NORMANDIN,2020-09-29,2020-09-29 23:00,2020,9,29,23:00,0,98.94,87,13,10.9,20,11
NORMANDIN,2020-09-30,2020-09-30 0:00,2020,9,30,0:00,0,98.8,91,12.5,11,9,9
NORMANDIN,2020-09-30,2020-09-30 1:00,2020,9,30,1:00,0,98.71,94,12.4,11.4,13,10
NORMANDIN,2020-09-30,2020-09-30 2:00,2020,9,30,2:00,0.4,98.63,97,12.1,11.6,15,6
NORMANDIN,2020-09-30,2020-09-30 3:00,2020,9,30,3:00,0.9,98.44,98,12.1,11.8,10,7
NORMANDIN,2020-09-30,2020-09-30 4:00,2020,9,30,4:00,2.7,98.34,99,12.1,12,14,5
NORMANDIN,2020-09-30,2020-09-30 5:00,2020,9,30,5:00,3,98.18,99,12,11.9,11,2
NORMANDIN,2020-09-30,2020-09-30 6:00,2020,9,30,6:00,1.9,97.92,100,11.8,11.8,2,7
NORMANDIN,2020-09-30,2020-09-30 7:00,2020,9,30,7:00,3.3,97.68,100,11.7,11.7,5,9
NORMANDIN,2020-09-30,2020-09-30 8:00,2020,9,30,8:00,6.4,97.57,99,11.5,11.4,4,8
NORMANDIN,2020-09-30,2020-09-30 9:00,2020,9,30,9:00,4.6,97.38,98,11.3,10.9,33,9
NORMANDIN,2020-09-30,2020-09-30 10:00,2020,9,30,10:00,2.4,97.26,93,10.8,9.7,31,21
NORMANDIN,2020-09-30,2020-09-30 11:00,2020,9,30,11:00,0.3,97.2,91,10.7,9.4,31,19
NORMANDIN,2020-09-30,2020-09-30 12:00,2020,9,30,12:00,0.5,97.24,92,10.7,9.4,29,23
NORMANDIN,2020-09-30,2020-09-30 13:00,2020,9,30,13:00,0.2,97.32,93,10.7,9.6,28,20
NORMANDIN,2020-09-30,2020-09-30 14:00,2020,9,30,14:00,0.3,97.44,89,11.2,9.5,28,17
NORMANDIN,2020-09-30,2020-09-30 15:00,2020,9,30,15:00,0,97.51,84,11.9,9.2,27,18
NORMANDIN,2020-09-30,2020-09-30 16:00,2020,9,30,16:00,0,97.57,81,11.7,8.6,26,16
NORMANDIN,2020-09-30,2020-09-30 17:00,2020,9,30,17:00,0,97.66,77,11.5,7.6,24,20
NORMANDIN,2020-09-30,2020-09-30 18:00,2020,9,30,18:00,0,97.78,90,9.1,7.5,21,15
NORMANDIN,2020-09-30,2020-09-30 19:00,2020,9,30,19:00,0,97.85,93,8.9,7.7,20,10
NORMANDIN,2020-09-30,2020-09-30 20:00,2020,9,30,20:00,0,97.9,92,9.1,7.9,20,15
NORMANDIN,2020-09-30,2020-09-30 21:00,2020,9,30,21:00,0,97.98,92,8.9,7.7,21,17
NORMANDIN,2020-09-30,2020-09-30 22:00,2020,9,30,22:00,0,98.05,95,7.4,6.6,18,10
NORMANDIN,2020-09-30,2020-09-30 23:00,2020,9,30,23:00,0,98.08,96,7.2,6.5,16,9
